Session_ID,Customer_ID,Visit_Date,Age,Gender,City,Customer_Type,Previous_Purchases,Device,Traffic_Source,Session_Duration_Min,Pages_Viewed,Products_Viewed,Product_Category,Item_Purchased,Product_Price_INR,Added_to_Cart,Cart_Value_INR,Discount_Offered,Discount_Percent,Discount_Used,Purchased,Purchase_Amount_INR,Payment_Method,Delivery_Type,Review_Rating,Customer_Satisfaction
SES505319,CUST11585,2025-10-31 00:00:00,28,FEMALE,Lucknow,New,1,Desktop,Facebook,17.7,6,2,Fashion,T-Shirt,5890,Yes,10537,Yes,10,No,Yes,9447,UPI,Standard,3,3.8
SES503219,CUST10452,2026-02-14 00:00:00,43,MALE,Lucknow,Returning,8,Mobile,Facebook,9.9,5,2,Electronics,Headphones,29639,Yes,59330,Yes,10,Yes,Yes,36054,Debit Card,Standard,4.4,4.7
SES505118,CUST11821,2025-06-29 00:00:00,36,MALE,Jaipur,New,0,Desktop,Facebook,6.7,10,3,Beauty,Shampoo,3667,No,0,No,0,No,No,0,Debit Card,Same Day,,
SES501667,CUST10036,2026-02-24 00:00:00,26,MALE,Delhi,New,0,Desktop,Google,4.5,6,5,Books,Academic Book,798,Yes,1504,No,0,No,Yes,1136,Debit Card,Standard,4.1,5
SES503660,CUST10940,2025-09-24 00:00:00,36,FEMALE,Hyderabad,New,0,Mobile,Email,11.2,6,4,Home & Kitchen,Table Lamp,14204,Yes,12364,Yes,20,Yes,Yes,11134,Wallet,Express,3.9,4.6
SES505628,CUST11999,2025-08-28 00:00:00,39,MALE,Ahmedabad,Returning,11,Tablet,Referral,7.9,1,4,Fashion,Sneakers,406,Yes,348,No,0,No,Yes,346,Debit Card,Express,4.3,3.8
SES505138,CUST11985,2026-05-31 00:00:00,18,MALE,Pune,New,0,Mobile,Instagram,10.6,8,3,Fashion,T-Shirt,2350,Yes,2971,No,0,No,Yes,3384,UPI,Same Day,4,3.3
SES502446,CUST10579,2025-10-03 00:00:00,37,FEMALE,Hyderabad,Returning,13,Mobile,YouTube,6,8,4,Fashion,Sneakers,3406,Yes,3858,Yes,10,Yes,Yes,2865,Credit Card,Same Day,3,4.8
SES505253,CUST11739,2026-02-05 00:00:00,25,MALE,Delhi,New,0,Mobile,Direct,11.6,5,7,Beauty,Face Wash,1715,Yes,2469,Yes,15,No,Yes,3306,Net Banking,Standard,3.9,4.9
SES501371,CUST10729,2026-03-19 00:00:00,40,FEMALE,Delhi,New,1,Desktop,Direct,3.8,7,3,Books,Academic Book,2146,No,0,Yes,5,Yes,No,0,Credit Card,Standard,,
SES502143,CUST11206,2025-09-10 00:00:00,37,MALE,Ahmedabad,Returning,10,Mobile,Direct,4.1,8,3,Beauty,Shampoo,271,No,0,No,0,No,No,0,UPI,Standard,,
SES505681,CUST10156,2026-01-12 00:00:00,26,MALE,Chennai,Returning,11,Mobile,Direct,10.2,6,8,Home & Kitchen,Storage Box,9777,Yes,22825,No,0,No,No,0,Cash on Delivery,Standard,,
SES500692,CUST11255,2025-07-10 00:00:00,31,MALE,Bangalore,New,0,Desktop,Instagram,5,7,4,Electronics,Headphones,9749,No,0,Yes,10,Yes,No,0,UPI,Standard,,
SES501965,CUST10652,2026-06-17 00:00:00,42,FEMALE,Delhi,New,0,Mobile,Google,8,6,6,Fashion,T-Shirt,2119,No,0,Yes,10,Yes,Yes,2359,Net Banking,Standard,3.9,3.4
SES503616,CUST11012,2025-06-24 00:00:00,18,MALE,Mumbai,New,0,Mobile,Referral,2.2,7,3,Home & Kitchen,Storage Box,4163,Yes,6379,No,0,No,No,0,Cash on Delivery,Standard,,
SES500697,CUST12073,2025-11-07 00:00:00,25,FEMALE,Pune,Returning,3,Mobile,YouTube,5.9,4,5,Beauty,Moisturizer,2885,Yes,4718,Yes,20,Yes,Yes,3031,Debit Card,Express,4.3,4.2
SES500531,CUST12037,2026-01-14 00:00:00,43,MALE,Bangalore,New,0,Tablet,Google,6.9,7,6,Electronics,Power Bank,8210,Yes,7617,No,0,No,No,0,UPI,Standard,,
SES505101,CUST10426,2025-03-14 00:00:00,20,MALE,Delhi,Returning,5,Mobile,Google,3.4,5,3,Home & Kitchen,Bedsheet,7898,Yes,11575,No,0,No,Yes,12515,UPI,Standard,3.6,3.5
SES503986,CUST11493,2025-03-16 00:00:00,38,FEMALE,Mumbai,Returning,15,Mobile,Instagram,12.3,6,3,Books,Academic Book,225,No,0,No,0,No,Yes,283,Debit Card,Same Day,2.2,3
SES503327,CUST10061,2025-01-23 00:00:00,38,FEMALE,Kolkata,New,1,Mobile,Direct,3.1,9,2,Sports,Cricket Bat,9144,Yes,9938,Yes,15,Yes,Yes,10858,UPI,Standard,3.5,4.1
SES505431,CUST11587,2026-05-09 00:00:00,28,MALE,Ahmedabad,New,1,Mobile,Google,18.8,4,6,Sports,Dumbbells,11587,No,0,Yes,25,Yes,Yes,16508,UPI,Express,4.1,4.7
SES501919,CUST10789,2025-02-23 00:00:00,35,MALE,Pune,New,0,Mobile,Direct,11.3,10,3,Electronics,Power Bank,8179,Yes,9424,No,0,No,Yes,9955,Credit Card,Standard,3.7,5
SES503746,CUST11084,2026-03-20 00:00:00,32,FEMALE,Ahmedabad,Returning,13,Desktop,Email,12.9,7,2,Home & Kitchen,Bedsheet,14537,No,0,Yes,5,No,No,0,Credit Card,Same Day,,
SES500764,CUST12040,2025-02-03 00:00:00,51,MALE,Bangalore,New,0,Mobile,Google,12.1,8,6,Home & Kitchen,Coffee Maker,14038,Yes,21504,Yes,10,Yes,No,0,Cash on Delivery,Standard,,
SES503066,CUST10552,2026-02-05 00:00:00,18,FEMALE,Hyderabad,Returning,4,Mobile,Instagram,14.9,7,3,Electronics,Wireless Earbuds,3806,Yes,4256,No,0,No,Yes,3282,Cash on Delivery,Standard,4.7,4.5
SES500024,CUST12048,2026-04-25 00:00:00,27,MALE,Chennai,New,0,Mobile,Direct,20.5,9,4,Electronics,Bluetooth Speaker,12217,No,0,No,0,No,No,0,Net Banking,Standard,,
SES503894,CUST10072,2025-05-29 00:00:00,18,FEMALE,Jaipur,New,0,Mobile,Facebook,6.4,4,5,Home & Kitchen,Bedsheet,7342,Yes,10675,No,0,No,No,0,Credit Card,Standard,,
SES505839,CUST10955,2026-02-16 00:00:00,34,FEMALE,Jaipur,Returning,11,Tablet,Instagram,6.8,5,4,Sports,Football,8287,No,0,Yes,25,Yes,No,0,Wallet,Express,,
SES505044,CUST10889,2026-06-03 00:00:00,30,MALE,Pune,New,0,Mobile,Facebook,5.8,10,5,Sports,Cricket Bat,10301,No,0,No,0,No,No,0,UPI,Express,,
SES500466,CUST11325,2025-06-30 00:00:00,29,MALE,Chennai,New,0,Tablet,YouTube,8.5,8,2,Beauty,Perfume,3203,No,0,Yes,15,Yes,No,0,UPI,Standard,,
SES501658,CUST11444,2025-12-11 00:00:00,42,FEMALE,Delhi,Returning,9,Mobile,Referral,6.1,7,6,Home & Kitchen,Bedsheet,13652,No,0,No,0,No,No,0,Wallet,Same Day,,
SES500085,CUST10780,2025-08-31 00:00:00,48,MALE,Delhi,New,0,Mobile,Google,18.8,8,3,Beauty,Face Wash,1207,Yes,1720,No,0,No,Yes,1530,Credit Card,Express,3.4,1.8
SES502174,CUST10690,2025-06-22 00:00:00,29,MALE,Mumbai,Returning,14,Mobile,Referral,7.4,7,3,Beauty,Lipstick,2107,Yes,4452,Yes,15,Yes,Yes,3092,Wallet,Express,5,3.4
SES503316,CUST11135,2025-04-21 00:00:00,29,FEMALE,Delhi,Returning,8,Desktop,YouTube,7.6,10,1,Books,Academic Book,944,Yes,1026,No,0,No,No,0,Credit Card,Express,,
SES505727,CUST11105,2026-02-01 00:00:00,22,FEMALE,Pune,Returning,9,Mobile,Direct,6.8,7,3,Electronics,Smart Watch,30108,No,0,Yes,15,Yes,No,0,Cash on Delivery,Standard,,
SES504114,CUST10145,2025-02-19 00:00:00,18,FEMALE,Delhi,New,0,Mobile,Email,4.2,7,6,Books,Biography,1845,Yes,1914,No,0,No,Yes,3425,Debit Card,Standard,3.4,5
SES500297,CUST11907,2025-01-25 00:00:00,33,MALE,Bangalore,Returning,10,Desktop,Referral,6.9,11,5,Fashion,Kurta,4546,No,0,Yes,5,Yes,No,0,Wallet,Standard,,
SES502665,CUST12047,2026-05-03 00:00:00,39,MALE,Bangalore,Returning,13,Mobile,Facebook,14.9,8,1,Electronics,Smart Watch,13662,Yes,33985,Yes,20,Yes,Yes,27045,Cash on Delivery,Standard,5,3.9
SES501870,CUST11598,2025-10-18 00:00:00,30,FEMALE,Kolkata,New,0,Desktop,Facebook,10.8,8,6,Electronics,Wireless Earbuds,23534,Yes,50951,Yes,5,Yes,Yes,38177,UPI,Express,4.1,3.2
SES500229,CUST10816,2026-01-03 00:00:00,31,MALE,Kolkata,Returning,8,Mobile,YouTube,8.5,8,4,Electronics,Headphones,18129,No,0,Yes,5,Yes,No,0,Wallet,Standard,,
SES502352,CUST10460,2025-04-16 00:00:00,29,MALE,Delhi,New,0,Mobile,Google,11.7,13,5,Electronics,Smart Watch,11128,Yes,10346,Yes,15,Yes,No,0,upi,Standard,,
SES504410,CUST10440,2026-04-30 00:00:00,49,MALE,Chennai,New,0,Desktop,Instagram,5.6,4,5,Fashion,T-Shirt,5413,No,0,No,0,No,No,0,UPI,Standard,,
SES501631,CUST10944,2025-07-25 00:00:00,38,MALE,Chennai,New,0,Mobile,Email,6.7,6,2,Beauty,Face Wash,2156,Yes,5180,No,0,No,Yes,3928,UPI,Standard,3.8,4.5
SES502451,CUST11385,2026-05-14 00:00:00,35,FEMALE,Mumbai,Returning,3,Mobile,Instagram,7.7,5,7,Electronics,Wireless Earbuds,31273,Yes,60389,Yes,5,Yes,Yes,37530,UPI,Standard,3.4,3.8
SES504007,CUST10192,2026-06-07 00:00:00,25,MALE,Delhi,New,0,Mobile,Instagram,15.2,6,1,Sports,Football,2835,No,0,Yes,20,Yes,No,0,Credit Card,Standard,,
SES504563,CUST10244,2025-12-13 00:00:00,37,FEMALE,Bangalore,New,0,Mobile,Facebook,10.9,7,2,Home & Kitchen,Storage Box,7807,No,0,Yes,25,Yes,Yes,6660,Cash on Delivery,Standard,3.8,3.8
SES500554,CUST10689,2026-04-10 00:00:00,23,FEMALE,Hyderabad,Returning,11,Desktop,Email,6.5,6,4,Electronics,Smart Watch,18710,Yes,31149,No,0,No,Yes,24976,Wallet,Standard,3.2,3.8
SES505458,CUST10477,2025-10-07 00:00:00,36,MALE,Hyderabad,Returning,3,Tablet,Google,12.5,9,4,Books,Self Help Book,2100,No,0,Yes,25,Yes,Yes,2480,UPI,Same Day,3.9,3
SES501398,CUST10106,2026-01-02 00:00:00,22,FEMALE,Delhi,New,0,Tablet,Direct,3.7,14,3,Fashion,Jacket,1346,Yes,1499,No,0,No,Yes,2905,UPI,Standard,4.4,4.8
SES502863,CUST10952,2025-12-04 00:00:00,18,FEMALE,Hyderabad,Returning,11,Mobile,Email,4.1,8,5,Fashion,Kurta,6071,Yes,4973,No,0,No,Yes,8532,Credit Card,Express,3.9,4.7
SES505437,CUST12008,2026-02-26 00:00:00,18,MALE,Delhi,New,0,Mobile,Google,7.6,5,4,Fashion,T-Shirt,468,Yes,585,Yes,5,No,Yes,758,Credit Card,Standard,4.8,4.4
SES500539,CUST11945,2026-02-02 00:00:00,42,MALE,Chennai,Returning,7,Mobile,Email,6.2,9,3,Electronics,Headphones,25750,Yes,30364,No,0,No,No,0,UPI,Standard,,
SES504421,CUST11486,2025-01-19 00:00:00,36,FEMALE,Mumbai,Returning,15,Mobile,Referral,12.5,3,3,Fashion,Kurta,5256,No,0,Yes,10,Yes,Yes,9843,Debit Card,Same Day,4.1,4.8
SES505398,CUST10392,2026-04-20 00:00:00,59,FEMALE,Kolkata,Returning,9,Mobile,Google,14.9,8,6,Fashion,Kurta,1405,No,0,Yes,20,No,Yes,2866,Credit Card,Standard,3.6,3.8
SES501478,CUST10637,2025-06-12 00:00:00,18,MALE,Ahmedabad,New,0,Mobile,Facebook,12.5,6,3,Fashion,Kurta,722,No,0,No,0,No,No,0,UPI,Express,,
SES503317,CUST11504,2026-03-25 00:00:00,25,MALE,Hyderabad,New,0,Mobile,Google,2.5,8,2,Beauty,Shampoo,1904,Yes,3200,No,0,No,No,0,UPI,Express,,
SES501701,CUST10631,2025-05-18 00:00:00,31,MALE,Delhi,New,1,Mobile,YouTube,10.4,10,2,Books,Academic Book,2326,Yes,4513,No,0,No,Yes,2355,UPI,Same Day,4.2,4
SES501216,CUST11275,2025-09-26 00:00:00,26,MALE,Mumbai,New,0,Mobile,Facebook,7,4,2,Beauty,Shampoo,1289,No,0,No,0,No,No,0,UPI,Standard,,
SES500080,CUST11797,2026-04-13 00:00:00,18,MALE,Ahmedabad,Returning,13,Desktop,Direct,11.4,4,2,Books,Fiction Book,2140,No,0,Yes,15,Yes,Yes,1821,Cash on Delivery,Standard,3.2,3.7
SES504889,CUST10191,2026-02-04 00:00:00,31,MALE,Hyderabad,New,0,Mobile,Email,15.2,5,2,Fashion,T-Shirt,4546,No,0,Yes,10,No,No,0,Credit Card,Express,,
SES501587,CUST11328,2026-01-05 00:00:00,32,MALE,Delhi,Returning,10,Tablet,Google,9.9,6,4,Beauty,Lipstick,4102,Yes,6490,No,0,No,Yes,4173,Cash on Delivery,Same Day,3.9,4.3
SES503718,CUST11655,2025-07-31 00:00:00,32,FEMALE,Mumbai,New,1,Desktop,YouTube,16,5,2,Books,Academic Book,2330,No,0,No,0,No,Yes,3715,Wallet,Standard,2.9,3.6
SES502405,CUST11279,2026-03-25 00:00:00,32,FEMALE,Mumbai,New,0,Mobile,Email,7.4,4,5,Sports,Running Shoes,4390,No,0,No,0,No,No,0,UPI,Same Day,,
SES500502,CUST10203,2025-09-22 00:00:00,30,MALE,Pune,Returning,9,Mobile,Referral,5.7,8,2,Books,Self Help Book,2243,Yes,5577,Yes,5,Yes,No,0,Cash on Delivery,Express,,
SES503407,CUST10622,2025-08-22 00:00:00,35,FEMALE,Pune,Returning,5,Mobile,YouTube,4.5,4,2,Beauty,Perfume,4246,Yes,7872,No,0,No,No,0,Credit Card,Standard,,
SES502390,CUST11853,2025-08-11 00:00:00,31,MALE,Lucknow,New,0,Mobile,Google,7.2,8,4,Books,Academic Book,1082,Yes,1215,Yes,20,Yes,Yes,1605,UPI,Standard,3.9,4.2
SES500309,CUST10682,2025-06-26 00:00:00,30,MALE,Delhi,New,0,Mobile,Direct,4.2,9,1,Electronics,Wireless Earbuds,5373,No,0,No,0,No,No,0,Credit Card,Standard,,
SES502944,CUST11114,2025-10-25 00:00:00,22,FEMALE,Pune,New,0,Mobile,YouTube,14.2,10,2,Electronics,Bluetooth Speaker,33337,No,0,No,0,No,No,0,Debit Card,Standard,,
SES500587,CUST10771,2026-01-06 00:00:00,32,FEMALE,Bangalore,New,0,Mobile,Google,5,7,7,Home & Kitchen,Coffee Maker,941,No,0,No,0,No,No,0,Cash on Delivery,Standard,,
SES501892,CUST10465,2025-09-06 00:00:00,40,MALE,Pune,Returning,6,Desktop,Instagram,19.1,6,2,Sports,Running Shoes,11234,Yes,26166,No,0,No,Yes,10081,UPI,Standard,4,4.9
SES502054,CUST11044,2026-01-09 00:00:00,39,MALE,Lucknow,Returning,10,Tablet,Facebook,7.7,10,9,Fashion,T-Shirt,4591,Yes,5723,No,0,No,Yes,5134,UPI,Express,3.3,3.8
SES503051,CUST11925,2026-06-28 00:00:00,20,MALE,Hyderabad,Returning,8,Desktop,YouTube,24.7,10,4,Fashion,Sneakers,6298,No,0,Yes,20,Yes,No,0,UPI,Express,,
SES503012,CUST12141,2025-12-22 00:00:00,23,FEMALE,Hyderabad,New,0,Mobile,Direct,13.4,9,4,Books,Business Book,1976,Yes,2920,Yes,25,Yes,No,0,Credit Card,Express,,
SES502116,CUST10602,2025-08-24 00:00:00,34,MALE,Kolkata,New,0,Mobile,Direct,13.3,4,6,Electronics,Bluetooth Speaker,8350,Yes,9916,Yes,5,Yes,No,0,Net Banking,Standard,,
SES502348,CUST10533,2025-10-21 00:00:00,31,MALE,Mumbai,Returning,12,Mobile,Direct,8.7,13,2,Sports,Cricket Bat,7664,Yes,12919,Yes,20,No,Yes,11840,UPI,Standard,5,4
SES503652,CUST11137,2025-12-28 00:00:00,27,MALE,Bangalore,New,0,Desktop,Direct,2.2,9,2,Books,Academic Book,298,Yes,481,Yes,25,No,Yes,341,Net Banking,Express,4,2.3
SES500255,CUST10017,2025-02-19 00:00:00,20,MALE,Lucknow,Returning,5,Mobile,Google,0.8,10,5,Electronics,Smart Watch,21577,No,0,Yes,25,Yes,No,0,Credit Card,Standard,,
SES504332,CUST12177,2025-10-23 00:00:00,26,FEMALE,Bangalore,New,0,Mobile,Google,4.8,11,7,Home & Kitchen,Cookware Set,7208,No,0,Yes,20,Yes,No,0,Debit Card,Express,,
SES502516,CUST11367,2025-05-18 00:00:00,30,MALE,Ahmedabad,New,0,Mobile,Email,0.9,5,5,Fashion,T-Shirt,6710,No,0,Yes,25,Yes,No,0,Debit Card,Express,,
SES505793,CUST11159,2026-04-12 00:00:00,19,MALE,Bangalore,Returning,14,Mobile,Google,20.2,4,4,Beauty,Face Wash,4104,Yes,4691,No,0,No,Yes,8592,UPI,Express,4.1,3.9
SES503591,CUST11541,2025-06-13 00:00:00,32,MALE,Hyderabad,New,0,Mobile,Direct,7.9,9,5,Books,Business Book,220,Yes,326,Yes,25,Yes,No,0,Cash on Delivery,Same Day,,
SES503990,CUST10250,2026-03-29 00:00:00,39,FEMALE,Bangalore,New,0,Mobile,Email,1.3,10,4,Beauty,Lipstick,433,Yes,934,Yes,10,Yes,Yes,349,Debit Card,Express,4,4.1
SES505739,CUST10723,2025-03-31 00:00:00,37,MALE,Hyderabad,New,0,Mobile,Google,7.3,7,7,Sports,Cricket Bat,9929,No,0,Yes,20,Yes,No,0,Debit Card,Standard,,
SES504866,CUST11665,2026-04-01 00:00:00,39,FEMALE,Delhi,Returning,8,Desktop,Google,11.2,4,4,Fashion,Kurta,2811,Yes,4045,Yes,15,Yes,Yes,5439,UPI,Standard,4.4,5
SES502953,CUST10216,2026-01-05 00:00:00,31,FEMALE,Hyderabad,New,0,Desktop,Instagram,2.9,11,3,Home & Kitchen,Storage Box,3907,Yes,3256,No,0,No,Yes,6550,Credit Card,Standard,4.5,5
SES503536,CUST11893,2025-11-28 00:00:00,38,MALE,Delhi,Returning,2,Mobile,Google,12.4,8,4,Beauty,Lipstick,514,No,0,No,0,No,No,0,Credit Card,Standard,,
SES502367,CUST11531,2025-07-11 00:00:00,34,FEMALE,Ahmedabad,New,0,Tablet,Google,10.8,4,5,Books,Business Book,397,Yes,437,Yes,15,Yes,Yes,329,UPI,Standard,4.3,4.2
SES504103,CUST11004,2025-03-03 00:00:00,39,MALE,Pune,Returning,6,Desktop,YouTube,17.3,5,4,Electronics,Bluetooth Speaker,14976,No,0,Yes,10,Yes,No,0,Net Banking,Standard,,
SES505522,CUST11386,2025-09-26 00:00:00,20,FEMALE,Kolkata,New,0,Tablet,Email,7.2,9,5,Home & Kitchen,Storage Box,13085,No,0,No,0,No,No,0,Credit Card,Express,,
SES504127,CUST11936,2025-09-17 00:00:00,37,FEMALE,Delhi,New,0,Desktop,Direct,9.5,4,5,Beauty,Lipstick,335,No,0,No,0,No,No,0,UPI,Standard,,
SES501380,CUST10592,2025-04-29 00:00:00,25,FEMALE,Delhi,Returning,14,Desktop,Direct,9.4,7,4,Books,Self Help Book,737,Yes,904,No,0,No,Yes,754,Credit Card,Same Day,3.2,4.6
SES504158,CUST10608,2025-03-26 00:00:00,36,FEMALE,Hyderabad,New,0,Desktop,Email,7.2,7,9,Home & Kitchen,Storage Box,12963,Yes,21853,No,0,No,No,0,UPI,Express,,
SES504321,CUST10288,2025-02-26 00:00:00,19,FEMALE,Jaipur,New,1,Mobile,Referral,9.7,7,5,Fashion,T-Shirt,2385,No,0,No,0,No,No,0,UPI,Standard,,
SES504429,CUST10681,2025-06-10 00:00:00,42,MALE,Mumbai,New,0,Mobile,Facebook,10.2,4,4,Fashion,Jeans,3926,No,0,Yes,30,No,No,0,CREDIT CARD,Express,,
SES501316,CUST10989,2026-06-25 00:00:00,41,FEMALE,Mumbai,Returning,2,Desktop,Facebook,20.4,4,4,Books,Academic Book,1805,No,0,Yes,15,Yes,No,0,Net Banking,Standard,,
SES500234,CUST11219,2025-09-26 00:00:00,41,MALE,Chennai,Returning,8,Mobile,Google,17.3,8,3,Home & Kitchen,Table Lamp,4562,Yes,10781,Yes,5,No,Yes,7893,Cash on Delivery,Standard,3.9,5
SES504734,CUST11179,2025-12-31 00:00:00,18,FEMALE,Kolkata,New,0,Mobile,Google,17.1,8,3,Home & Kitchen,Bedsheet,14770,No,0,Yes,10,No,No,0,UPI,Express,,
SES501484,CUST10478,2026-05-11 00:00:00,31,FEMALE,Bangalore,New,0,Mobile,Google,6,10,5,Fashion,Jeans,4136,No,0,No,0,No,No,0,Cash on Delivery,Standard,,
SES502120,CUST11597,2025-05-14 00:00:00,40,MALE,Kolkata,Returning,11,Mobile,Facebook,10,5,3,Beauty,Face Wash,4501,Yes,4048,Yes,20,Yes,Yes,5877,Cash on Delivery,Standard,2.9,3.3
SES503941,CUST11210,2026-01-25 00:00:00,18,FEMALE,Delhi,New,0,Mobile,Email,9.6,7,3,Beauty,Shampoo,1438,No,0,Yes,5,Yes,No,0,Credit Card,Standard,,
SES504568,CUST10330,2025-10-04 00:00:00,26,MALE,Pune,Returning,7,Tablet,YouTube,6.7,3,6,Fashion,Kurta,4185,Yes,8595,Yes,25,Yes,Yes,5717,Cash on Delivery,Standard,4.9,3.3
SES500038,CUST12042,2025-06-20 00:00:00,19,MALE,Delhi,Returning,4,Mobile,Direct,7.8,8,5,Electronics,Headphones,33147,Yes,28339,Yes,5,Yes,No,0,Cash on Delivery,Express,,
SES503263,CUST11158,2025-11-11 00:00:00,27,FEMALE,Ahmedabad,New,0,Mobile,Google,4.1,11,7,Home & Kitchen,Coffee Maker,11894,No,0,Yes,20,No,No,0,Credit Card,Express,,
SES502571,CUST11475,2025-06-12 00:00:00,39,FEMALE,Mumbai,Returning,12,Mobile,Direct,13.1,6,5,Books,Business Book,2233,No,0,No,0,No,No,0,Credit Card,Express,,
SES505934,CUST10224,2026-02-26 00:00:00,42,FEMALE,Delhi,Returning,12,Mobile,Google,15.9,5,1,Home & Kitchen,Storage Box,9807,Yes,23838,Yes,5,Yes,Yes,18197,Credit Card,Standard,4,3.4
SES503510,CUST10532,2025-06-29 00:00:00,48,MALE,Delhi,Returning,10,Mobile,Instagram,3.2,7,4,Books,Self Help Book,938,Yes,1267,Yes,30,Yes,Yes,1164,Credit Card,Standard,3.1,4
SES500894,CUST10664,2026-01-17 00:00:00,35,FEMALE,Lucknow,New,0,Mobile,Instagram,9.5,6,3,Books,Biography,1303,No,0,No,0,No,No,0,UPI,Standard,,
SES505719,CUST10575,2026-01-30 00:00:00,27,MALE,Delhi,Returning,9,Mobile,Google,5.6,6,5,Beauty,Moisturizer,4243,Yes,3679,Yes,15,No,Yes,7138,Credit Card,Express,3.7,4.2
SES502572,CUST11180,2025-04-04 00:00:00,36,FEMALE,Chennai,Returning,14,Mobile,YouTube,9.9,9,4,Home & Kitchen,Storage Box,8478,Yes,15388,No,0,No,Yes,16359,UPI,Express,3.8,3.6
SES500706,CUST12082,2025-10-08 00:00:00,31,MALE,Bangalore,New,0,Mobile,Instagram,8.2,12,2,Sports,Running Shoes,2657,No,0,No,0,No,No,0,Credit Card,Express,,
SES504048,CUST11612,2025-09-30 00:00:00,23,MALE,Delhi,New,0,Mobile,Direct,13.1,4,2,Books,Fiction Book,800,Yes,1827,No,0,No,No,0,Credit Card,Standard,,
SES504295,CUST10148,2026-01-31 00:00:00,32,MALE,Delhi,New,0,Desktop,Direct,3.8,2,4,Books,Self Help Book,1537,No,0,No,0,No,No,0,Debit Card,Standard,,
SES502865,CUST12017,2025-02-17 00:00:00,18,MALE,Mumbai,New,0,Mobile,YouTube,16.4,9,6,Electronics,Headphones,2459,Yes,5451,Yes,10,Yes,Yes,2223,Credit Card,Express,4.5,3
SES501540,CUST11059,2026-02-19 00:00:00,21,MALE,Pune,Returning,15,Mobile,Instagram,8.1,6,2,Beauty,Perfume,2408,No,0,Yes,10,Yes,Yes,2639,UPI,Standard,5,3.2
SES504695,CUST11924,2026-03-15 00:00:00,27,MALE,Mumbai,New,1,Tablet,Direct,8.4,12,4,Sports,Football,6957,Yes,14977,No,0,No,No,0,UPI,Standard,,
SES500961,CUST10823,2025-04-07 00:00:00,38,FEMALE,Bangalore,New,0,Desktop,Direct,12.4,6,5,Home & Kitchen,Bedsheet,12480,Yes,15491,No,0,No,No,0,UPI,Standard,,
SES500222,CUST10338,2025-07-08 00:00:00,34,FEMALE,Lucknow,New,0,Desktop,Google,9.5,3,1,Fashion,Jacket,2743,No,0,Yes,5,Yes,No,0,UPI,Express,,
SES500866,CUST11014,2025-10-29 00:00:00,25,MALE,Chennai,Returning,2,Mobile,YouTube,3.8,8,3,Home & Kitchen,Storage Box,5880,No,0,Yes,10,No,Yes,9600,Debit Card,Standard,3.7,4.3
SES502655,CUST12187,2025-01-17 00:00:00,41,MALE,Delhi,New,1,Desktop,Email,11.5,4,4,Books,Academic Book,801,No,0,No,0,No,No,0,Wallet,Standard,,
SES503201,CUST10595,2025-08-23 00:00:00,37,FEMALE,Chennai,Returning,13,Mobile,YouTube,7.3,5,6,Fashion,T-Shirt,5021,Yes,9415,Yes,15,No,Yes,5848,Debit Card,Standard,3.7,5
SES500545,CUST11825,2025-11-11 00:00:00,20,MALE,Pune,Returning,11,Mobile,Instagram,7.9,4,5,Fashion,Jeans,4074,Yes,8317,No,0,No,Yes,4731,Wallet,Standard,4.4,4.2
SES502081,CUST11338,2025-10-23 00:00:00,18,MALE,Jaipur,New,0,Mobile,YouTube,12.8,5,5,Beauty,Moisturizer,3046,No,0,No,0,No,No,0,Debit Card,Express,,
SES500168,CUST10294,2026-05-23 00:00:00,29,FEMALE,Chennai,New,0,Mobile,Direct,6.6,10,4,Electronics,Power Bank,4281,No,0,No,0,No,No,0,UPI,Same Day,,
SES500094,CUST11029,2026-02-11 00:00:00,19,FEMALE,Delhi,Returning,12,Desktop,Referral,7.7,4,5,Electronics,Power Bank,21632,No,0,No,0,No,No,0,Credit Card,Standard,,
SES502318,CUST11716,2025-09-24 00:00:00,30,MALE,Delhi,New,0,Mobile,Google,8.7,3,3,Sports,Football,563,Yes,685,Yes,15,Yes,Yes,443,Cash on Delivery,Standard,4.3,3.9
SES504611,CUST11828,2025-06-28 00:00:00,21,MALE,Pune,Returning,11,Mobile,Referral,10.8,9,6,Fashion,Jeans,2648,Yes,4267,No,0,No,Yes,3792,UPI,Standard,2.8,5
SES504451,CUST11986,2025-04-19 00:00:00,30,FEMALE,Kolkata,Returning,4,Mobile,Referral,10.7,8,8,Sports,Yoga Mat,10585,No,0,Yes,25,Yes,No,0,Credit Card,Express,,
SES501745,CUST11822,2026-05-13 00:00:00,18,MALE,Chennai,New,0,Mobile,Google,35,8,3,Beauty,Moisturizer,313,Yes,593,Yes,15,Yes,Yes,600,Debit Card,Standard,4,2.9
SES505441,CUST10756,2026-04-16 00:00:00,45,MALE,Bangalore,Returning,11,Desktop,Instagram,18.8,6,4,Beauty,Face Wash,3010,Yes,2562,Yes,30,No,Yes,4128,UPI,Express,4.1,5
SES502813,CUST11947,2025-09-26 00:00:00,42,MALE,Bangalore,Returning,9,Mobile,Referral,5.9,5,6,Books,Fiction Book,1386,Yes,1768,No,0,No,No,0,Debit Card,Express,,
SES500347,CUST10897,2025-09-10 00:00:00,57,FEMALE,Mumbai,Returning,11,Mobile,Facebook,9.1,5,1,Home & Kitchen,Storage Box,8540,Yes,16288,Yes,10,No,Yes,18396,Credit Card,Same Day,3.8,3.5
SES505889,CUST11140,2025-05-15 00:00:00,21,FEMALE,Ahmedabad,New,0,Desktop,YouTube,8.7,12,3,Fashion,Jacket,2166,Yes,3081,Yes,10,Yes,Yes,2317,Debit Card,Standard,2.9,3.8
SES504920,CUST10791,2026-03-06 00:00:00,21,MALE,Pune,Returning,4,Desktop,Email,9.4,7,3,Electronics,Bluetooth Speaker,25804,No,0,Yes,15,No,No,0,Credit Card,Standard,,
SES502771,CUST11694,2025-07-07 00:00:00,37,MALE,Jaipur,Returning,10,Mobile,Direct,7.8,9,4,Sports,Dumbbells,5890,Yes,6913,Yes,10,Yes,Yes,9584,Credit Card,Same Day,5,4.3
SES502945,CUST10026,2026-06-12 00:00:00,40,FEMALE,Hyderabad,Returning,13,Mobile,Instagram,7.8,3,3,Home & Kitchen,Bedsheet,4431,No,0,No,0,No,Yes,9097,Cash on Delivery,Standard,4.3,4.2
SES502330,CUST11090,2026-04-19 00:00:00,18,FEMALE,Chennai,New,0,Mobile,Google,5.6,7,2,Books,Self Help Book,775,Yes,1805,No,0,No,Yes,1484,UPI,Standard,4.9,4.4
SES503050,CUST10105,2025-01-26 00:00:00,29,MALE,Bangalore,Returning,2,Mobile,Facebook,13.4,6,4,Books,Self Help Book,395,Yes,418,Yes,15,No,Yes,842,UPI,Standard,3.5,4.4
SES503867,CUST10871,2026-03-05 00:00:00,31,FEMALE,Chennai,Returning,15,Mobile,Google,3,6,4,Fashion,Jeans,4940,No,0,Yes,15,Yes,Yes,8996,UPI,Express,3.9,3.1
SES504938,CUST11216,2026-01-29 00:00:00,18,FEMALE,Bangalore,New,0,Mobile,Instagram,8,8,2,Electronics,Wireless Earbuds,5535,No,0,No,0,No,No,0,UPI,Standard,,
SES505842,CUST10869,2025-09-10 00:00:00,32,FEMALE,Pune,New,0,Mobile,Instagram,8.5,10,6,Fashion,Sneakers,1880,No,0,No,0,No,No,0,UPI,Standard,,
SES500809,CUST10993,2026-05-17 00:00:00,38,FEMALE,Pune,New,1,Mobile,Email,9.6,8,4,Sports,Yoga Mat,11572,No,0,No,0,No,No,0,Debit Card,Standard,,
SES502949,CUST11007,2025-02-13 00:00:00,18,FEMALE,Delhi,Returning,12,Mobile,Facebook,3.8,5,5,Sports,Running Shoes,7966,No,0,Yes,10,Yes,Yes,12127,Credit Card,Standard,3.9,4.6
SES502304,CUST11388,2025-10-27 00:00:00,42,FEMALE,Mumbai,Returning,2,Mobile,YouTube,8.4,5,7,Fashion,Jeans,1196,Yes,2443,Yes,5,Yes,No,0,Cash on Delivery,Express,,
SES504482,CUST10243,2025-05-21 00:00:00,40,MALE,Pune,New,0,Mobile,Instagram,7.5,4,1,Sports,Football,7545,Yes,6433,No,0,No,No,0,UPI,Standard,,
SES501739,CUST10058,2025-11-25 00:00:00,31,MALE,Delhi,Returning,8,Mobile,Instagram,3,9,5,Books,Self Help Book,921,No,0,No,0,No,No,0,UPI,Standard,,
SES500178,CUST11370,2025-08-28 00:00:00,18,MALE,Bangalore,New,0,Mobile,Referral,22.2,6,3,Books,Fiction Book,1768,Yes,1692,Yes,25,No,Yes,1875,Credit Card,Express,4.7,3.9
SES500409,CUST10978,2026-06-16 00:00:00,25,MALE,Mumbai,Returning,8,Mobile,Email,8.5,8,3,Fashion,T-Shirt,1731,Yes,1817,Yes,20,No,No,0,UPI,Standard,,
SES500711,CUST11976,2025-10-15 00:00:00,37,MALE,Mumbai,New,0,Mobile,Email,1.9,9,1,Beauty,Face Wash,998,No,0,No,0,No,No,0,Cash on Delivery,Standard,,
SES501102,CUST11501,2025-08-18 00:00:00,36,MALE,Pune,Returning,6,Desktop,Instagram,4.2,7,7,Books,Academic Book,868,No,0,Yes,15,Yes,No,0,Cash on Delivery,Standard,,
SES503985,CUST10628,2026-03-04 00:00:00,33,MALE,Bangalore,New,0,Tablet,Referral,12.3,6,5,Fashion,T-Shirt,3277,Yes,5592,No,0,No,Yes,6268,UPI,Standard,5,2.6
SES502906,CUST11698,2025-10-24 00:00:00,26,MALE,Jaipur,Returning,6,Desktop,Google,11.9,9,6,Books,Biography,437,Yes,528,Yes,10,Yes,Yes,529,UPI,Express,3.4,2.8
SES505524,CUST11799,2025-03-07 00:00:00,22,MALE,Hyderabad,Returning,13,Mobile,YouTube,8.3,7,1,Fashion,Jeans,6361,No,0,Yes,15,Yes,No,0,UPI,Standard,,
SES501226,CUST11138,2025-06-08 00:00:00,22,FEMALE,Pune,Returning,6,Desktop,Google,11.8,6,3,Books,Self Help Book,847,Yes,2017,No,0,No,No,0,UPI,Same Day,,
SES503379,CUST11778,2025-01-24 00:00:00,39,MALE,Jaipur,Returning,8,Mobile,Google,1.8,8,3,Home & Kitchen,Cookware Set,14774,No,0,No,0,No,No,0,Cash on Delivery,Standard,,
SES503170,CUST11938,2025-09-24 00:00:00,26,MALE,Hyderabad,New,1,Desktop,Google,4.4,8,6,Books,Academic Book,2392,Yes,5453,Yes,5,Yes,Yes,4281,UPI,Express,3,3.8
SES504626,CUST12081,2025-05-14 00:00:00,34,MALE,Hyderabad,New,0,Desktop,Google,16.6,9,4,Home & Kitchen,Bedsheet,2156,Yes,3250,Yes,15,Yes,Yes,1735,UPI,Standard,3.9,4.5
SES504270,CUST10461,2025-07-29 00:00:00,25,FEMALE,Bangalore,New,0,Tablet,Direct,12.3,7,3,Beauty,Face Wash,4928,No,0,Yes,30,Yes,No,0,Credit Card,Standard,,
SES503376,CUST12136,2026-04-16 00:00:00,20,MALE,Pune,New,0,Mobile,Direct,14.8,3,4,Electronics,Smart Watch,28538,Yes,42769,Yes,20,Yes,No,0,UPI,Standard,,
SES503920,CUST10817,2026-01-23 00:00:00,33,FEMALE,Mumbai,New,1,Desktop,Instagram,8.2,8,3,Home & Kitchen,Storage Box,3117,No,0,Yes,15,No,No,0,Debit Card,Express,,
SES502241,CUST10447,2025-01-06 00:00:00,35,MALE,Lucknow,New,0,Desktop,Google,11.8,11,4,Fashion,Jeans,2464,No,0,No,0,No,No,0,UPI,Standard,,
SES505426,CUST10378,2026-01-26 00:00:00,37,MALE,Delhi,Returning,11,Mobile,Referral,5.9,6,4,Sports,Running Shoes,4846,No,0,No,0,No,No,0,Debit Card,Same Day,,
SES500157,CUST11154,2026-01-25 00:00:00,44,MALE,Pune,New,0,Mobile,Google,8.7,7,3,Fashion,T-Shirt,2005,Yes,2566,No,0,No,Yes,2838,UPI,Standard,3.6,4.8
SES505811,CUST12043,2026-02-02 00:00:00,38,MALE,Bangalore,Returning,6,Mobile,Referral,7.4,7,4,Electronics,Smart Watch,31679,Yes,39119,Yes,10,No,Yes,68805,Credit Card,Standard,3.5,4.4
SES505488,CUST12188,2025-07-06 00:00:00,27,FEMALE,Mumbai,New,0,Desktop,YouTube,9.1,8,6,Electronics,Wireless Earbuds,26567,Yes,29120,Yes,20,Yes,Yes,51381,UPI,Same Day,3.2,4.7
SES500880,CUST10937,2025-12-31 00:00:00,35,FEMALE,Hyderabad,New,0,Desktop,Email,4.9,10,5,Fashion,Sneakers,6935,Yes,6718,No,0,No,No,0,Net Banking,Standard,,
SES503971,CUST11711,2025-09-26 00:00:00,30,FEMALE,Bangalore,Returning,4,Mobile,Instagram,11,10,3,Sports,Dumbbells,11820,Yes,15972,No,0,No,Yes,11694,CREDIT CARD,Standard,5,3.7
SES500032,CUST10647,2026-06-30 00:00:00,42,MALE,Bangalore,Returning,7,Mobile,YouTube,9.1,8,3,Fashion,Sneakers,492,No,0,No,0,No,No,0,UPI,Standard,,
SES500566,CUST11461,2025-10-15 00:00:00,26,MALE,Kolkata,Returning,13,Desktop,Direct,2.3,8,2,Beauty,Face Wash,3089,No,0,Yes,25,No,No,0,Credit Card,Express,,
SES502025,CUST10362,2025-11-21 00:00:00,31,FEMALE,Ahmedabad,New,1,Tablet,Facebook,7.7,6,3,Electronics,Power Bank,3508,Yes,4987,No,0,No,No,0,Net Banking,Express,,
SES502459,CUST11491,2026-02-16 00:00:00,26,MALE,Chennai,Returning,8,Mobile,Facebook,14,6,7,Fashion,Jeans,6475,Yes,5697,No,0,No,Yes,6099,UPI,Standard,4.7,4.1
SES501966,CUST11883,2026-06-17 00:00:00,28,FEMALE,Bangalore,New,0,Mobile,YouTube,4.6,8,3,Fashion,Jeans,3494,No,0,No,0,No,No,0,UPI,Standard,,
SES504527,CUST10046,2026-01-11 00:00:00,22,MALE,Hyderabad,Returning,3,Mobile,Facebook,19.4,10,4,Home & Kitchen,Table Lamp,4482,Yes,8238,No,0,No,Yes,8815,Credit Card,Express,3.1,5
SES500978,CUST10707,2026-06-09 00:00:00,18,FEMALE,Ahmedabad,Returning,7,Mobile,Google,9.1,5,4,Books,Business Book,276,No,0,No,0,No,No,0,Credit Card,Standard,,
SES502381,CUST11660,2025-02-15 00:00:00,31,MALE,Kolkata,New,0,Mobile,Google,2.1,9,1,Fashion,Jeans,811,No,0,No,0,No,No,0,UPI,Express,,
SES501336,CUST10520,2025-06-27 00:00:00,49,FEMALE,Chennai,New,0,Mobile,Direct,9.8,9,5,Home & Kitchen,Cookware Set,11815,Yes,10379,Yes,10,Yes,No,0,Wallet,Standard,,
SES502938,CUST10980,2026-06-21 00:00:00,24,MALE,Mumbai,New,0,Desktop,Referral,10.4,4,4,Beauty,Face Wash,1982,Yes,4115,No,0,No,Yes,2696,Credit Card,Express,4.2,4.9
SES501439,CUST11928,2025-09-30 00:00:00,37,MALE,Jaipur,Returning,9,Desktop,Direct,6.5,8,4,Electronics,Power Bank,16047,No,0,No,0,No,No,0,Debit Card,Standard,,
SES501618,CUST12010,2026-05-09 00:00:00,29,FEMALE,Bangalore,Returning,12,Desktop,Instagram,7.3,7,2,Fashion,Jacket,5330,Yes,12648,Yes,5,No,No,0,Cash on Delivery,Same Day,,
SES505863,CUST10171,2025-07-19 00:00:00,26,MALE,Delhi,New,0,Desktop,Email,12.7,13,4,Beauty,Moisturizer,1271,Yes,2543,No,0,No,Yes,2791,UPI,Standard,3.8,2.2
SES505382,CUST11681,2026-06-27 00:00:00,38,FEMALE,Bangalore,Returning,2,Desktop,Facebook,6.9,8,5,Beauty,Perfume,800,Yes,1404,No,0,No,Yes,899,cash on delivery,Standard,4.2,3.3
SES501351,CUST10521,2025-05-29 00:00:00,19,FEMALE,Kolkata,New,0,Mobile,Email,11.6,6,3,Books,Biography,1535,No,0,Yes,25,No,No,0,Debit Card,Standard,,
SES502324,CUST10896,2025-03-10 00:00:00,30,MALE,Pune,New,1,Mobile,Instagram,3.2,3,2,Electronics,Bluetooth Speaker,18327,No,0,No,0,No,No,0,UPI,Standard,,
SES503902,CUST10733,2025-11-18 00:00:00,40,FEMALE,Ahmedabad,New,0,Mobile,Direct,3.5,4,3,Electronics,Wireless Earbuds,6110,Yes,14821,No,0,No,No,0,UPI,Standard,,
SES502804,CUST11800,2025-07-27 00:00:00,50,MALE,Pune,New,0,Mobile,YouTube,6.7,10,2,Fashion,T-Shirt,6980,Yes,10388,Yes,10,No,No,0,UPI,Standard,,
SES503419,CUST11309,2025-10-09 00:00:00,29,MALE,Bangalore,Returning,10,Desktop,Instagram,3.7,7,1,Sports,Football,8373,Yes,17031,Yes,30,Unknown,No,0,Debit Card,Standard,,
SES502733,CUST12049,2025-01-21 00:00:00,40,MALE,Ahmedabad,Returning,9,Mobile,Google,3.8,7,4,Sports,Cricket Bat,6127,Yes,10905,Yes,25,Yes,Yes,5155,Wallet,Standard,3.9,4.8
SES505963,CUST10492,2025-02-03 00:00:00,31,MALE,Delhi,Returning,15,Mobile,Referral,13.9,8,6,Sports,Cricket Bat,8316,No,0,Yes,20,Yes,Yes,16056,UPI,Express,4.3,3.2
SES504457,CUST10641,2026-01-06 00:00:00,50,MALE,Ahmedabad,Returning,15,Mobile,Referral,6.7,12,3,Home & Kitchen,Table Lamp,10056,No,0,Yes,10,No,No,0,Cash on Delivery,Express,,
SES505651,CUST11468,2025-10-18 00:00:00,32,MALE,Pune,Returning,10,Mobile,Direct,10.8,15,1,Electronics,Headphones,18594,Yes,44229,Yes,30,Yes,No,0,Net Banking,Standard,,
SES504201,CUST10606,2025-09-02 00:00:00,36,MALE,Pune,New,0,Mobile,Instagram,4,7,2,Electronics,Smart Watch,15108,Yes,14602,Yes,30,No,No,0,cash on delivery,Same Day,,
SES505203,CUST10546,2026-01-20 00:00:00,24,FEMALE,Bangalore,New,0,Mobile,Google,4.5,5,2,Fashion,Jeans,6093,No,0,Yes,15,Yes,No,0,cash on delivery,Standard,,
SES503571,CUST12109,2026-01-29 00:00:00,35,MALE,Pune,New,1,Desktop,Google,6.1,7,2,Books,Fiction Book,974,No,0,Yes,10,Yes,No,0,Debit Card,Same Day,,
SES502500,CUST11518,2025-12-27 00:00:00,19,MALE,Mumbai,Returning,5,Mobile,Google,5.2,6,4,Electronics,Wireless Earbuds,30106,No,0,Yes,10,Yes,Yes,26057,Credit Card,Standard,4.4,3.1
SES500081,CUST12089,2025-05-26 00:00:00,55,MALE,Lucknow,Returning,10,Mobile,Direct,9.2,6,5,Electronics,Smart Watch,22446,Yes,28763,No,0,No,No,0,Credit Card,Express,,
SES505267,CUST10157,2025-11-27 00:00:00,23,FEMALE,Delhi,New,1,Tablet,Email,13.7,8,6,Books,Biography,1039,No,0,No,0,No,No,0,Debit Card,Express,,
SES505778,CUST11979,2026-06-09 00:00:00,45,MALE,Kolkata,New,0,Tablet,Direct,12.3,2,4,Electronics,Wireless Earbuds,16651,No,0,Yes,15,Yes,No,0,Cash on Delivery,Express,,
SES501195,CUST12031,2025-08-18 00:00:00,32,MALE,Bangalore,Returning,13,Desktop,Email,8.9,7,5,Home & Kitchen,Cookware Set,10947,No,0,Yes,10,No,Yes,16023,Credit Card,Standard,4.3,3.5
SES501210,CUST11561,2025-05-22 00:00:00,32,FEMALE,Bangalore,New,0,Mobile,Facebook,6,10,5,Fashion,Kurta,1317,No,0,Yes,10,Yes,No,0,Credit Card,Express,,
SES501489,CUST10375,2026-04-13 00:00:00,36,MALE,Kolkata,New,0,Mobile,Unknown,11.2,8,2,Electronics,Power Bank,33154,No,0,Yes,20,Yes,No,0,UPI,Standard,,
SES501023,CUST10455,2025-08-29 00:00:00,21,MALE,Hyderabad,Returning,2,Desktop,Email,11.2,7,2,Fashion,Jacket,1922,No,0,Yes,20,Yes,No,0,Net Banking,Same Day,,
SES502432,CUST10659,2025-06-30 00:00:00,39,MALE,Mumbai,Returning,10,Mobile,Google,9.5,4,5,Beauty,Face Wash,3386,No,0,Yes,15,No,No,0,UPI,Express,,
SES500788,CUST11856,2026-04-09 00:00:00,40,MALE,Chennai,New,0,Mobile,YouTube,16.5,8,6,Beauty,Face Wash,856,No,0,No,0,No,No,0,UPI,Express,,
SES500536,CUST10256,2026-01-24 00:00:00,35,FEMALE,Delhi,New,0,Mobile,Facebook,17,8,3,Electronics,Bluetooth Speaker,24690,No,0,Yes,25,No,No,0,UPI,Express,,
SES502583,CUST11592,2026-05-20 00:00:00,32,FEMALE,Pune,Returning,5,Desktop,Email,3.5,10,5,Beauty,Face Wash,3626,No,0,No,0,No,No,0,UPI,Standard,,
SES501221,CUST10037,2026-03-17 00:00:00,34,FEMALE,Mumbai,New,0,Desktop,Google,3,5,4,Beauty,Shampoo,4484,No,0,Yes,25,Yes,No,0,cash on delivery,Same Day,,
SES504119,CUST11957,2025-06-25 00:00:00,34,MALE,Jaipur,New,0,Desktop,Facebook,8.4,5,1,Sports,Cricket Bat,9320,No,0,Yes,15,Yes,Yes,13286,Debit Card,Express,4.5,4.2
SES504672,CUST11655,2025-09-01 00:00:00,38,MALE,Mumbai,Returning,15,Mobile,Direct,3,4,4,Beauty,Moisturizer,2241,Yes,3618,Yes,20,No,Yes,3508,Credit Card,Express,4.4,2.8
SES500264,CUST10700,2026-02-14 00:00:00,32,MALE,Mumbai,New,0,Mobile,Facebook,4.5,15,4,Fashion,T-Shirt,1386,Yes,3460,Yes,10,Yes,No,0,Net Banking,Standard,,
SES504309,CUST12183,2026-03-16 00:00:00,36,FEMALE,Jaipur,Returning,11,Mobile,Facebook,9.6,8,6,Fashion,Kurta,3986,Yes,9082,Yes,20,Yes,Yes,7450,UPI,Standard,5,3.9
SES500158,CUST11077,2026-06-04 00:00:00,24,FEMALE,Delhi,New,0,Mobile,Google,8.8,8,5,Home & Kitchen,Storage Box,3385,No,0,No,0,No,No,0,Debit Card,Standard,,
SES503106,CUST11839,2026-01-21 00:00:00,23,FEMALE,Bangalore,Returning,14,Tablet,Instagram,3.7,6,7,Books,Biography,959,Yes,1999,Yes,10,Yes,No,0,Wallet,Standard,,
SES502472,CUST10701,2026-02-26 00:00:00,36,MALE,Lucknow,New,1,Tablet,Email,5.7,8,2,Electronics,Smart Watch,24516,No,0,No,0,No,No,0,Debit Card,Standard,,
SES501770,CUST11767,2026-03-23 00:00:00,22,FEMALE,Ahmedabad,New,0,Mobile,Direct,15.4,6,2,Home & Kitchen,Bedsheet,8899,Yes,11813,Yes,15,Yes,Yes,15625,Debit Card,Express,4.4,3.3
SES501043,CUST10758,2025-11-21 00:00:00,35,MALE,Mumbai,New,0,Mobile,Facebook,23.7,4,6,Electronics,Smart Watch,32148,No,0,Yes,5,No,No,0,Debit Card,Standard,,
SES505757,CUST12157,2026-06-27 00:00:00,28,FEMALE,Mumbai,New,0,Mobile,Referral,13,5,1,Beauty,Shampoo,1255,No,0,No,0,No,No,0,Wallet,Standard,,
SES505973,CUST10689,2025-07-18 00:00:00,42,FEMALE,Jaipur,Returning,13,Mobile,Direct,13.6,6,6,Sports,Running Shoes,4873,No,0,No,0,No,No,0,Debit Card,Same Day,,
SES501877,CUST10510,2025-04-09 00:00:00,18,MALE,Delhi,Returning,6,Mobile,Google,10.9,7,1,Sports,Cricket Bat,3051,Yes,3273,Yes,10,No,Yes,5627,cash on delivery,Standard,3.6,3.6
SES504541,CUST11658,2026-04-07 00:00:00,29,MALE,Chennai,Returning,15,Desktop,Email,9.4,6,1,Fashion,Jeans,6647,Yes,8962,No,0,No,No,0,Credit Card,Standard,,
SES501303,CUST10570,2026-03-24 00:00:00,18,MALE,Delhi,Returning,11,Mobile,Direct,5.3,7,4,Books,Self Help Book,1365,Yes,2445,No,0,No,Yes,2285,UPI,Standard,4.1,4.6
SES504093,CUST10754,2025-09-20 00:00:00,18,MALE,Jaipur,Returning,4,Desktop,Facebook,20.6,7,4,Books,Fiction Book,1492,Yes,2735,Yes,10,No,No,0,UPI,Standard,,
SES502553,CUST11381,2026-05-26 00:00:00,29,FEMALE,Mumbai,New,0,Tablet,Google,15.5,6,3,Fashion,Jeans,4777,Yes,11441,No,0,No,No,0,UPI,Standard,,
SES502919,CUST10457,2025-08-08 00:00:00,35,FEMALE,Delhi,New,0,Desktop,Instagram,21.3,9,5,Books,Academic Book,2132,Yes,2319,No,0,No,No,0,Cash on Delivery,Standard,,
SES501345,CUST11560,2026-06-12 00:00:00,37,FEMALE,Mumbai,Returning,15,Mobile,Google,18.6,4,2,Home & Kitchen,Bedsheet,9548,Yes,21956,Yes,5,Yes,Yes,8524,Credit Card,Express,2,4
SES501673,CUST11196,2026-04-07 00:00:00,48,FEMALE,Bangalore,New,0,Desktop,Referral,2.5,10,2,Sports,Running Shoes,1175,Yes,1171,No,0,No,No,0,UPI,Express,,
SES504310,CUST10580,2026-04-14 00:00:00,53,MALE,Bangalore,New,0,Mobile,Direct,10.5,10,2,Sports,Yoga Mat,10646,No,0,No,0,No,No,0,Net Banking,Standard,,
SES504175,CUST12198,2025-09-21 00:00:00,18,MALE,Bangalore,Returning,6,Mobile,Facebook,17.9,4,4,Home & Kitchen,Cookware Set,12510,No,0,Yes,10,No,Yes,27314,Credit Card,Express,4.9,3.9
SES501472,CUST11798,2025-06-30 00:00:00,28,MALE,Mumbai,Returning,12,Desktop,Direct,12.8,6,3,Electronics,Bluetooth Speaker,16489,No,0,No,0,No,No,0,Cash on Delivery,Standard,,
SES505770,CUST11106,2025-10-29 00:00:00,21,MALE,Delhi,Returning,8,Desktop,Email,17.6,8,3,Sports,Football,6786,No,0,No,0,No,Yes,6384,Credit Card,Standard,4.5,4.1
SES504138,CUST10171,2025-04-22 00:00:00,22,MALE,Mumbai,New,0,Mobile,Instagram,23.2,6,5,Electronics,Headphones,10766,Yes,13329,No,0,No,Yes,18165,Credit Card,Express,3.7,4.9
SES504853,CUST12020,2025-02-18 00:00:00,23,FEMALE,Kolkata,Returning,8,Mobile,Google,3.6,5,1,Fashion,Jeans,1329,No,0,Yes,25,Yes,No,0,UPI,Express,,
SES501962,CUST10370,2025-11-25 00:00:00,34,MALE,Mumbai,Returning,3,Tablet,Direct,7.8,2,8,Electronics,Power Bank,15849,No,0,Yes,20,No,No,0,upi,Express,,
SES503131,CUST10977,2025-04-03 00:00:00,35,FEMALE,Kolkata,New,0,Mobile,YouTube,13.1,10,5,Books,Business Book,2247,Yes,3018,Yes,5,No,Yes,4552,Credit Card,Standard,3.2,3.6
SES501730,CUST11094,2025-02-13 00:00:00,27,FEMALE,Delhi,New,0,Mobile,YouTube,9.9,6,3,Beauty,Moisturizer,3082,No,0,No,0,No,Yes,2740,UPI,Express,3.6,2.9
SES501913,CUST10425,2026-05-25 00:00:00,23,MALE,Delhi,New,1,Desktop,Direct,12.9,8,6,Beauty,Shampoo,2312,Yes,3587,No,0,No,No,0,Credit Card,Express,,
SES505405,CUST11136,2026-03-16 00:00:00,33,FEMALE,Jaipur,Returning,11,Mobile,Google,2.9,6,1,Fashion,Sneakers,3309,No,0,Yes,5,Yes,Yes,3012,Cash on Delivery,Standard,3.8,3.8
SES501222,CUST11712,2025-11-28 00:00:00,58,FEMALE,Delhi,Returning,3,Desktop,Email,4.5,6,4,Books,Biography,1224,No,0,No,0,No,Yes,1743,Cash on Delivery,Standard,4.4,4.2
SES502706,CUST10116,2026-01-02 00:00:00,42,FEMALE,Mumbai,New,0,Desktop,Google,15.1,8,5,Sports,Yoga Mat,4083,No,0,Yes,10,Yes,No,0,Debit Card,Express,,
SES504598,CUST11870,2026-05-23 00:00:00,41,UNKNOWN,Delhi,New,0,Desktop,Referral,5.7,7,5,Beauty,Lipstick,340,No,0,Yes,30,No,No,0,Wallet,Standard,,
SES505575,CUST12052,2025-10-13 00:00:00,26,FEMALE,Mumbai,New,0,Mobile,Google,8.8,6,3,Books,Academic Book,340,Yes,571,Yes,20,Yes,Yes,367,Net Banking,Standard,3.3,4.9
SES500473,CUST11882,2025-11-29 00:00:00,58,FEMALE,Mumbai,New,0,Tablet,Referral,2.3,12,5,Home & Kitchen,Table Lamp,5070,No,0,Yes,15,Yes,No,0,Cash on Delivery,Express,,
SES505358,CUST11411,2026-03-25 00:00:00,39,MALE,Pune,New,0,Mobile,Facebook,21.2,7,7,Books,Biography,634,Yes,837,Yes,25,Yes,Yes,535,Credit Card,Standard,4.7,5
SES503784,CUST11527,2025-02-09 00:00:00,19,FEMALE,Mumbai,Returning,10,Tablet,Instagram,6.5,6,2,Books,Business Book,1426,No,0,Yes,15,Yes,No,0,UPI,Express,,
SES502999,CUST10619,2026-01-12 00:00:00,59,MALE,Delhi,Returning,2,Mobile,YouTube,10.3,9,3,Home & Kitchen,Storage Box,1010,Yes,1848,No,0,No,No,0,UPI,Standard,,
SES503495,CUST10659,2025-08-11 00:00:00,24,MALE,Mumbai,Returning,5,Desktop,Email,14.5,8,3,Electronics,Bluetooth Speaker,5290,No,0,No,0,No,No,0,UPI,Standard,,
SES501771,CUST10800,2025-09-15 00:00:00,35,FEMALE,Ahmedabad,Returning,12,Mobile,Google,1.2,7,3,Home & Kitchen,Coffee Maker,5099,No,0,Yes,20,Yes,No,0,Cash on Delivery,Express,,
SES502289,CUST11530,2025-02-21 00:00:00,18,FEMALE,Mumbai,Returning,11,Desktop,Facebook,5.7,8,4,Books,Business Book,294,No,0,No,0,No,No,0,Credit Card,Standard,,
SES502376,CUST11968,2025-02-15 00:00:00,28,MALE,Pune,New,0,Mobile,Referral,1.5,9,6,Sports,Cricket Bat,10607,No,0,Yes,15,No,No,0,Debit Card,Standard,,
SES501672,CUST11409,2026-03-14 00:00:00,21,MALE,Ahmedabad,Returning,10,Mobile,Google,7.1,8,3,Home & Kitchen,Storage Box,2981,No,0,Yes,5,Yes,No,0,Debit Card,Same Day,,
SES504811,CUST10813,2025-08-16 00:00:00,29,MALE,Ahmedabad,New,0,Desktop,Email,6.9,3,4,Electronics,Headphones,15675,No,0,Yes,20,Yes,No,0,Cash on Delivery,Express,,
SES501927,CUST12149,2026-05-26 00:00:00,39,MALE,Pune,Returning,15,Tablet,Facebook,8.4,7,6,Beauty,Face Wash,3153,No,0,Yes,20,Yes,Yes,3069,UPI,Standard,3.5,4.8
SES505501,CUST11283,2025-12-25 00:00:00,41,FEMALE,Delhi,New,0,Mobile,Unknown,8.2,5,2,Home & Kitchen,Table Lamp,13873,No,0,No,0,No,No,0,Cash on Delivery,Same Day,,
SES505248,CUST11342,2026-03-29 00:00:00,37,MALE,Chennai,Returning,13,Mobile,YouTube,6.8,8,4,Fashion,Jeans,4105,Yes,4229,Yes,15,No,Yes,4390,Credit Card,Express,2.9,4.6
SES501109,CUST11183,2025-01-17 00:00:00,20,FEMALE,Delhi,Returning,11,Mobile,Google,17.1,7,2,Electronics,Wireless Earbuds,17651,No,0,Yes,10,No,No,0,Cash on Delivery,Standard,,
SES500402,CUST11517,2026-03-25 00:00:00,41,FEMALE,Delhi,Returning,13,Mobile,YouTube,4.2,8,5,Electronics,Power Bank,13226,No,0,No,0,No,No,0,Wallet,Standard,,
SES501670,CUST11799,2026-03-12 00:00:00,28,MALE,Bangalore,Returning,11,Mobile,Direct,12.4,3,4,Electronics,Smart Watch,1570,Yes,2801,Yes,10,Yes,Yes,1729,Cash on Delivery,Standard,4,4.5
SES504843,CUST11379,2025-12-23 00:00:00,32,MALE,Bangalore,New,0,Mobile,Google,2.5,7,4,Books,Academic Book,737,No,0,Yes,25,No,No,0,UPI,Express,,
SES500051,CUST11580,2025-05-11 00:00:00,24,MALE,Delhi,Returning,13,Mobile,Facebook,7.6,7,5,Electronics,Wireless Earbuds,20496,No,0,No,0,No,No,0,Credit Card,Standard,,
SES505297,CUST11854,2025-08-13 00:00:00,36,FEMALE,Jaipur,Returning,10,Mobile,Direct,5.7,3,3,Beauty,Shampoo,1156,No,0,No,0,No,No,0,Credit Card,Standard,,
SES500927,CUST11395,2025-02-03 00:00:00,45,FEMALE,Jaipur,New,0,Mobile,Direct,4.3,7,3,Fashion,T-Shirt,5294,No,0,Yes,10,Yes,No,0,Credit Card,Same Day,,
SES502752,CUST12131,2026-04-20 00:00:00,38,MALE,Hyderabad,New,0,Desktop,Referral,12.4,6,4,Home & Kitchen,Storage Box,3022,Yes,6852,Yes,25,Yes,No,0,UPI,Standard,,
SES503629,CUST10515,2025-01-25 00:00:00,31,MALE,Ahmedabad,Returning,10,Mobile,Instagram,3.5,7,2,Fashion,Jacket,5859,Yes,9485,No,0,No,Yes,5554,Wallet,Standard,3.5,5
SES500731,CUST10004,2026-04-01 00:00:00,27,FEMALE,Jaipur,New,0,Desktop,Email,7.7,7,4,Home & Kitchen,Storage Box,11804,No,0,Yes,20,Yes,No,0,UPI,Standard,,
SES501324,CUST10570,2025-07-25 00:00:00,25,MALE,Kolkata,New,1,Mobile,Instagram,10.9,7,3,Beauty,Perfume,1431,No,0,No,0,No,No,0,Wallet,Standard,,
SES503009,CUST11063,2025-01-17 00:00:00,47,MALE,Mumbai,Returning,14,Mobile,Facebook,17.5,5,5,Fashion,Sneakers,2868,Yes,4390,Yes,20,No,No,0,Credit Card,Standard,,
SES500627,CUST12159,2025-11-17 00:00:00,28,FEMALE,Delhi,Returning,15,Mobile,Google,16.4,3,7,Beauty,Perfume,2857,Yes,3590,No,0,No,Yes,2795,cash on delivery,Express,4.7,2.9
SES501169,CUST11869,2026-02-28 00:00:00,18,MALE,Chennai,New,0,Mobile,YouTube,7.6,8,5,Sports,Running Shoes,9241,No,0,Yes,10,Yes,Yes,16145,UPI,Standard,4.4,3.3
SES504532,CUST10601,2026-03-10 00:00:00,35,FEMALE,Lucknow,New,0,Mobile,Instagram,5.2,6,1,Beauty,Face Wash,4776,No,0,Yes,5,No,No,0,Cash on Delivery,Standard,,
SES504885,CUST11353,2025-04-22 00:00:00,36,FEMALE,Kolkata,Returning,2,Mobile,YouTube,6.9,5,1,Fashion,Jacket,3979,No,0,No,0,No,No,0,Credit Card,Express,,
SES504067,CUST12038,2025-12-30 00:00:00,36,FEMALE,Mumbai,New,0,Mobile,YouTube,8,5,5,Home & Kitchen,Coffee Maker,4669,No,0,Yes,15,Yes,No,0,Credit Card,Standard,,
SES503796,CUST11831,2026-05-03 00:00:00,23,MALE,Ahmedabad,New,0,Mobile,Email,9.2,5,1,Sports,Yoga Mat,11858,No,0,Yes,15,Yes,Yes,13807,Net Banking,Standard,3.9,4.2
SES503410,CUST10314,2025-03-03 00:00:00,18,MALE,Bangalore,New,0,Mobile,Facebook,17.5,11,3,Fashion,T-Shirt,4030,Yes,7895,No,0,No,Yes,8327,Cash on Delivery,Same Day,3.3,3.3
SES502288,CUST11126,2025-12-20 00:00:00,30,MALE,Mumbai,Returning,12,Mobile,Instagram,10.6,5,2,Electronics,Headphones,16491,No,0,No,0,No,No,0,Debit Card,Express,,
SES503211,CUST11948,2025-03-17 00:00:00,50,MALE,Bangalore,New,0,Mobile,Direct,8.5,5,6,Electronics,Wireless Earbuds,2591,Yes,3133,Yes,5,Yes,Yes,2204,Net Banking,Express,4.3,3.3
SES505061,CUST10597,2025-04-25 00:00:00,37,MALE,Ahmedabad,New,0,Desktop,Direct,19.3,5,2,Fashion,Sneakers,5995,Yes,12794,No,0,No,Yes,12611,UPI,Express,3.7,4.4
SES504907,CUST10521,2025-04-07 00:00:00,39,FEMALE,Chennai,Returning,9,Mobile,Email,6.3,7,1,Books,Academic Book,1178,No,0,No,0,No,No,0,UPI,Standard,,
SES505726,CUST10758,2025-10-17 00:00:00,26,MALE,Delhi,New,0,Mobile,Google,7.8,6,2,Fashion,Sneakers,5270,Yes,9837,Yes,15,No,Yes,10408,Net Banking,Standard,3.6,5
SES501363,CUST11344,2025-12-05 00:00:00,34,FEMALE,Jaipur,Returning,4,Mobile,Instagram,4,7,4,Sports,Running Shoes,1490,No,0,No,0,No,Yes,2835,Net Banking,Standard,4,4.5
SES500882,CUST10537,2026-04-18 00:00:00,23,FEMALE,Mumbai,New,0,Mobile,Google,13.4,8,3,Home & Kitchen,Table Lamp,12326,No,0,Yes,15,Yes,Yes,15652,UPI,Express,4.6,3.8
SES504727,CUST11554,2025-10-08 00:00:00,47,FEMALE,Pune,Returning,3,Desktop,Direct,9.7,7,3,Home & Kitchen,Coffee Maker,14739,No,0,No,0,No,Yes,28794,UPI,Express,3.7,4.9
SES500240,CUST11046,2025-10-19 00:00:00,18,MALE,New Delhi,Returning,6,Mobile,Instagram,6.3,6,2,Sports,Football,4427,No,0,Yes,10,No,Yes,9242,UPI,Express,4,3.8
SES500200,CUST11328,2025-03-20 00:00:00,37,MALE,Delhi,New,0,Desktop,Instagram,4.6,7,4,Home & Kitchen,Cookware Set,8429,No,0,No,0,No,No,0,Credit Card,Express,,
SES503091,CUST10254,2025-11-15 00:00:00,50,FEMALE,Delhi,Returning,14,Mobile,Google,7,9,4,Books,Fiction Book,901,Yes,1086,No,0,No,No,0,UPI,Standard,,
SES502520,CUST11682,2026-03-12 00:00:00,41,FEMALE,Mumbai,New,0,Mobile,Direct,14,2,3,Electronics,Wireless Earbuds,31078,Yes,59061,No,0,No,Yes,64015,UPI,Standard,3.8,4.7
SES503828,CUST11568,2026-05-01 00:00:00,27,MALE,Delhi,New,0,Desktop,Direct,9.5,10,1,Sports,Yoga Mat,8906,No,0,Yes,10,No,No,0,UPI,Standard,,
SES501778,CUST11602,2025-07-28 00:00:00,44,FEMALE,Lucknow,Returning,10,Mobile,Instagram,15.4,7,3,Fashion,Jacket,578,Yes,1186,No,0,No,Yes,863,UPI,Standard,4.2,3.6
SES503589,CUST10608,2025-08-22 00:00:00,18,FEMALE,Jaipur,New,0,Mobile,Referral,10.6,6,4,Beauty,Shampoo,4677,No,0,Yes,25,No,Yes,9894,Net Banking,Express,4.2,4
SES502145,CUST11852,2026-04-12 00:00:00,36,MALE,Chennai,New,0,Desktop,Google,7.8,5,2,Fashion,Jacket,1738,Yes,4093,Yes,10,No,No,0,Wallet,Standard,,
SES503350,CUST10490,2025-08-23 00:00:00,35,MALE,Pune,Returning,14,Mobile,Google,8.3,9,9,Books,Biography,1479,Yes,2410,No,0,No,Yes,3109,Cash on Delivery,Same Day,3.5,4.9
SES502340,CUST10855,2025-09-20 00:00:00,35,FEMALE,Delhi,Returning,12,Mobile,Email,3.4,6,5,Home & Kitchen,Cookware Set,6886,No,0,No,0,No,Yes,7054,UPI,Express,3.2,4
SES501087,CUST11562,2025-03-16 00:00:00,18,FEMALE,Mumbai,New,0,Desktop,Referral,7.8,6,4,Home & Kitchen,Coffee Maker,7114,Yes,7479,Yes,15,No,No,0,Cash on Delivery,Standard,,
SES500102,CUST11485,2025-06-07 00:00:00,28,FEMALE,Bangalore,New,0,Desktop,Direct,5.7,7,7,Fashion,Kurta,2075,Yes,4836,No,0,No,Yes,4360,Net Banking,Standard,4.1,4.1
SES501774,CUST11524,2025-10-24 00:00:00,37,UNKNOWN,Delhi,Returning,15,Mobile,Instagram,6.5,3,2,Electronics,Bluetooth Speaker,19864,No,0,No,0,No,No,0,Credit Card,Standard,,
SES500707,CUST10623,2025-11-12 00:00:00,18,FEMALE,Hyderabad,New,0,Mobile,Instagram,19.2,7,4,Fashion,Jacket,5317,Yes,10941,Yes,15,Yes,Yes,10325,Debit Card,Express,3.7,4.5
SES501361,CUST10274,2025-11-10 00:00:00,46,MALE,Delhi,New,0,Desktop,Google,6.9,8,8,Fashion,T-Shirt,5801,Yes,11180,Yes,25,Yes,Yes,5056,Debit Card,Express,3.1,5
SES505510,CUST11228,2025-03-01 00:00:00,38,MALE,Ahmedabad,New,0,Mobile,Instagram,5,6,4,Fashion,Jeans,6446,No,0,Yes,20,No,No,0,Wallet,Standard,,
SES505987,CUST12095,2025-11-30 00:00:00,25,MALE,Hyderabad,Returning,4,Mobile,Referral,7.3,8,7,Home & Kitchen,Storage Box,7577,Yes,6147,No,0,No,Yes,7333,UPI,Express,4.6,4.3
SES505920,CUST10163,2025-09-16 00:00:00,23,MALE,Jaipur,Returning,12,Desktop,Facebook,11.7,5,4,Fashion,Sneakers,894,Yes,1988,No,0,No,Yes,878,UPI,Standard,5,4.3
SES504011,CUST11009,2025-07-22 00:00:00,33,FEMALE,Lucknow,New,1,Desktop,YouTube,15.5,5,1,Electronics,Bluetooth Speaker,23268,Yes,19045,No,0,No,No,0,UPI,Standard,,
SES501488,CUST10002,2026-02-17 00:00:00,20,MALE,Ahmedabad,Returning,14,Mobile,Instagram,7.5,5,6,Electronics,Power Bank,16716,No,0,No,0,No,Yes,32285,Credit Card,Standard,3.8,3.2
SES505331,CUST11404,2025-10-05 00:00:00,48,MALE,Delhi,New,0,Desktop,Google,5,10,4,Electronics,Headphones,10133,Yes,13735,Yes,15,Yes,Yes,17925,Credit Card,Standard,4.2,3
SES503348,CUST10691,2025-08-15 00:00:00,18,MALE,Bangalore,New,0,Tablet,Direct,7,11,5,Books,Business Book,875,No,0,No,0,No,No,0,UPI,Standard,,
SES505867,CUST10227,2025-01-06 00:00:00,35,FEMALE,Bangalore,Returning,5,Mobile,YouTube,5.1,9,6,Sports,Yoga Mat,10291,No,0,Yes,20,No,No,0,Credit Card,Express,,
SES502612,CUST11851,2026-06-19 00:00:00,34,MALE,Mumbai,Returning,8,Desktop,Facebook,11.6,3,2,Fashion,T-Shirt,5766,No,0,No,0,No,No,0,Wallet,Standard,,
SES504681,CUST10925,2026-01-02 00:00:00,21,MALE,Mumbai,New,0,Mobile,Google,19.6,7,4,Fashion,Jeans,2118,No,0,Yes,25,Yes,No,0,Credit Card,Express,,
SES502134,CUST11957,2025-05-01 00:00:00,36,FEMALE,Chennai,Returning,7,Mobile,Google,1.1,13,3,Fashion,Jacket,5061,Yes,5209,No,0,No,Yes,8732,UPI,Standard,4.8,3.6
SES503712,CUST11258,2025-06-21 00:00:00,26,FEMALE,Bangalore,Returning,9,Desktop,Facebook,7.4,7,3,Fashion,Jeans,2754,No,0,Yes,20,Yes,Yes,2221,Wallet,Standard,5,2.9
SES504490,CUST11973,2025-01-13 00:00:00,23,MALE,Delhi,Returning,9,Desktop,Google,7.6,8,3,Beauty,Shampoo,2851,No,0,No,0,No,No,0,Credit Card,Standard,,
SES502234,CUST10884,2026-03-02 00:00:00,22,FEMALE,Mumbai,Returning,9,Mobile,Email,6.8,7,5,Sports,Yoga Mat,1662,Yes,2140,Yes,15,Yes,Yes,2357,UPI,Standard,3.6,4
SES502277,CUST11811,2026-05-28 00:00:00,28,FEMALE,Delhi,Returning,11,Mobile,Facebook,9.9,4,3,Fashion,Sneakers,2252,No,0,Yes,10,No,Yes,4045,Debit Card,Standard,3.3,4.8
SES500324,CUST11694,2025-10-15 00:00:00,30,MALE,Delhi,Returning,6,Mobile,Google,8.9,5,2,Electronics,Wireless Earbuds,29760,Yes,73888,Yes,10,No,Yes,35304,UPI,Standard,3.6,3.5
SES500811,CUST11249,2025-09-13 00:00:00,29,FEMALE,Bangalore,New,0,Mobile,Email,5.9,6,6,Fashion,Jeans,5540,Yes,8382,No,0,No,No,0,Debit Card,Express,,
SES502198,CUST10895,2026-04-18 00:00:00,43,FEMALE,Pune,Returning,9,Mobile,Email,4.3,5,4,Fashion,Jacket,6370,Yes,10616,No,0,No,No,0,Net Banking,Standard,,
SES504395,CUST12173,2026-05-15 00:00:00,37,MALE,Mumbai,New,0,Desktop,Google,2.4,7,4,Beauty,Moisturizer,1300,No,0,Yes,10,Yes,No,0,UPI,Same Day,,
SES505580,CUST10101,2026-01-31 00:00:00,20,MALE,Hyderabad,Returning,4,Mobile,Facebook,14.6,10,2,Home & Kitchen,Coffee Maker,1684,Yes,3755,Yes,30,Yes,Yes,2155,UPI,Standard,4.3,4.3
SES505163,CUST10586,2026-04-28 00:00:00,29,MALE,Lucknow,Returning,11,Mobile,Google,15.9,5,4,Beauty,Perfume,1569,Yes,2074,Yes,15,Yes,Yes,1885,Debit Card,Standard,3.8,4.2
SES505596,CUST11194,2025-12-05 00:00:00,32,FEMALE,Mumbai,Returning,3,Mobile,Google,5.9,3,4,Fashion,T-Shirt,4892,No,0,No,0,No,No,0,Credit Card,Standard,,
SES501322,CUST11411,2026-04-24 00:00:00,36,FEMALE,Delhi,New,0,Mobile,Referral,17.5,4,2,Sports,Cricket Bat,11433,Yes,24489,No,0,No,No,0,UPI,Express,,
SES504096,CUST11273,2025-05-02 00:00:00,43,MALE,Delhi,New,0,Mobile,Google,13.5,8,5,Electronics,Power Bank,4509,Yes,3610,Yes,15,Yes,Yes,4160,Net Banking,Standard,5,4.1
SES500320,CUST10269,2025-02-15 00:00:00,37,FEMALE,Delhi,New,0,Desktop,YouTube,17.1,7,2,Books,Fiction Book,1679,No,0,No,0,No,No,0,Cash on Delivery,Standard,,
SES500812,CUST10503,2025-08-17 00:00:00,25,MALE,Jaipur,Returning,8,Mobile,YouTube,9.4,15,3,Books,Biography,1028,Yes,1312,No,0,No,No,0,Wallet,Standard,,
SES503938,CUST11271,2025-09-12 00:00:00,22,MALE,Ahmedabad,Returning,6,Mobile,Direct,12.3,6,3,Sports,Football,6113,No,0,Yes,15,Yes,No,0,upi,Standard,,
SES504391,CUST11695,2025-04-30 00:00:00,43,MALE,Mumbai,New,0,Mobile,Facebook,16.1,14,5,Beauty,Shampoo,2969,Yes,4768,Yes,25,No,Yes,4962,Debit Card,Standard,3.3,4.7
SES502597,CUST11464,2025-06-08 00:00:00,26,MALE,Jaipur,New,0,Desktop,Unknown,7.9,10,2,Sports,Dumbbells,8546,No,0,Yes,5,Yes,Yes,11503,Net Banking,Express,5,3.9
SES505587,CUST10105,2026-04-09 00:00:00,31,MALE,Kolkata,Returning,7,Mobile,Google,5,7,3,Beauty,Face Wash,2066,No,0,No,0,No,Yes,2957,Credit Card,Standard,3.2,4.5
SES505012,CUST11470,2025-05-31 00:00:00,25,FEMALE,Mumbai,New,0,Tablet,Direct,22.4,6,4,Fashion,Jacket,3677,Yes,4813,No,0,No,Yes,6791,Net Banking,Express,2.9,5
SES501874,CUST11550,2025-01-15 00:00:00,37,MALE,Lucknow,New,0,Desktop,Google,3.6,8,3,Fashion,Sneakers,5786,Yes,6161,No,0,No,Yes,9686,Net Banking,Standard,4.2,3.8
SES502477,CUST11214,2025-01-01 00:00:00,47,MALE,Chennai,New,0,Mobile,Google,11,6,2,Books,Business Book,373,No,0,Yes,5,Yes,Yes,437,Net Banking,Standard,4.1,5
SES503096,CUST11350,2025-04-12 00:00:00,35,MALE,Hyderabad,New,0,Mobile,Email,9.9,6,4,Fashion,Jacket,4429,Yes,9879,No,0,No,No,0,Credit Card,Express,,
SES500325,CUST11683,2026-02-01 00:00:00,43,MALE,Chennai,New,0,Mobile,Google,14.2,7,4,Sports,Yoga Mat,4716,No,0,No,0,No,No,0,Net Banking,Same Day,,
SES502647,CUST10359,2025-10-17 00:00:00,35,FEMALE,Chennai,Returning,7,Mobile,Direct,3.8,6,2,Electronics,Wireless Earbuds,29269,No,0,No,0,No,No,0,credit card,Standard,,
SES505567,CUST11707,2025-04-25 00:00:00,29,FEMALE,Bangalore,New,0,Desktop,Instagram,12.1,3,2,Fashion,T-Shirt,3174,Yes,3662,No,0,No,No,0,Cash on Delivery,Express,,
SES500326,CUST10657,2025-12-28 00:00:00,29,FEMALE,Kolkata,New,0,Mobile,Referral,11.4,5,4,Fashion,Kurta,2446,Yes,3316,Yes,15,No,Yes,2531,Net Banking,Same Day,4.8,3.3
SES501045,CUST12117,2025-08-17 00:00:00,29,MALE,Hyderabad,New,1,Tablet,Direct,14.9,6,2,Electronics,Headphones,1230,Yes,1775,Yes,15,Yes,Yes,1809,CREDIT CARD,Standard,4.8,3.9
SES504306,CUST11834,2025-01-08 00:00:00,29,MALE,Ahmedabad,New,0,Mobile,Google,2.5,5,5,Electronics,Bluetooth Speaker,14583,Yes,14432,No,0,No,Yes,25789,credit card,Standard,3.9,4.1
SES500133,CUST11480,2026-05-29 00:00:00,37,MALE,Pune,Returning,13,Mobile,Google,1,8,8,Fashion,Jeans,485,No,0,No,0,No,No,0,Debit Card,Standard,,
SES502452,CUST11793,2025-12-05 00:00:00,31,FEMALE,Delhi,New,0,Mobile,Email,2.9,6,5,Electronics,Power Bank,20319,No,0,No,0,No,No,0,Net Banking,Same Day,,
SES500677,CUST11031,2026-06-08 00:00:00,33,FEMALE,Bangalore,Returning,4,Mobile,Google,1.7,6,3,Fashion,Jacket,3092,Yes,5254,No,0,No,Yes,4521,UPI,Express,4,3.4
SES503130,CUST10521,2025-10-10 00:00:00,44,MALE,Chennai,Returning,3,Mobile,Direct,5.3,6,4,Home & Kitchen,Bedsheet,3290,Yes,3130,Yes,10,Yes,No,0,Debit Card,Same Day,,
SES503393,CUST11153,2025-09-20 00:00:00,36,MALE,Hyderabad,New,0,Desktop,Instagram,5.7,9,5,Sports,Yoga Mat,2158,No,0,Yes,20,Yes,Yes,3955,Cash on Delivery,Standard,3.8,3.9
SES502882,CUST12097,2025-06-09 00:00:00,35,MALE,Kolkata,New,0,Mobile,Direct,9.8,8,4,Home & Kitchen,Storage Box,11462,No,0,No,0,No,No,0,Wallet,Express,,
SES502806,CUST10889,2025-09-21 00:00:00,31,MALE,Delhi,New,0,Desktop,Facebook,8.9,10,1,Books,Business Book,774,Yes,977,No,0,No,Yes,1290,Credit Card,Standard,4.6,4.5
SES502519,CUST11876,2025-08-19 00:00:00,23,MALE,Hyderabad,Returning,5,Tablet,Facebook,8.9,9,3,Electronics,Wireless Earbuds,16007,No,0,No,0,No,Yes,17027,UPI,Express,4.2,5
SES500997,CUST10237,2026-04-16 00:00:00,35,FEMALE,Jaipur,New,0,Mobile,Direct,14.6,7,5,Books,Academic Book,2224,Yes,2456,No,0,No,No,0,Net Banking,Express,,
SES501422,CUST10208,2025-04-21 00:00:00,22,MALE,Delhi,Returning,9,Mobile,Facebook,5.4,5,2,Fashion,Kurta,6214,No,0,No,0,No,No,0,UPI,Express,,
SES502300,CUST11458,2025-02-20 00:00:00,43,FEMALE,Ahmedabad,Returning,3,Mobile,Instagram,9.8,4,3,Beauty,Shampoo,368,No,0,No,0,No,No,0,Debit Card,Express,,
SES503878,CUST11225,2025-07-28 00:00:00,30,MALE,Delhi,New,0,Mobile,Google,10.6,7,3,Electronics,Smart Watch,10416,No,0,No,0,No,Yes,14978,Net Banking,Standard,4.1,3.4
SES503989,CUST11789,2025-02-03 00:00:00,31,MALE,Kolkata,New,1,Mobile,Direct,7.8,9,3,Electronics,Smart Watch,2675,No,0,No,0,No,No,0,UPI,Express,,
SES505303,CUST11936,2026-03-07 00:00:00,48,FEMALE,Mumbai,New,0,Mobile,Instagram,9.5,6,4,Home & Kitchen,Cookware Set,9188,No,0,Yes,25,Yes,No,0,UPI,Standard,,
SES505206,CUST11927,2025-03-25 00:00:00,32,MALE,Mumbai,New,0,Desktop,Google,14.6,8,3,Beauty,Moisturizer,1134,Yes,2759,Yes,10,Yes,Yes,1046,Credit Card,Standard,2.8,4.6
SES500372,CUST11016,2025-04-17 00:00:00,32,FEMALE,Delhi,Returning,6,Mobile,Instagram,1.3,7,5,Electronics,Bluetooth Speaker,19913,No,0,Yes,15,No,No,0,Debit Card,Standard,,
SES502898,CUST10171,2025-09-24 00:00:00,35,FEMALE,Bangalore,New,1,Mobile,Instagram,13.9,6,3,Home & Kitchen,Bedsheet,3162,No,0,Yes,10,Yes,Yes,2923,Credit Card,Standard,5,2.6
SES503863,CUST11725,2026-04-26 00:00:00,28,MALE,Jaipur,New,0,Mobile,Referral,6.1,9,6,Electronics,Power Bank,1266,No,0,Yes,10,Yes,No,0,Net Banking,Express,,
SES501074,CUST11521,2025-04-01 00:00:00,24,FEMALE,Pune,New,0,Mobile,YouTube,7.2,9,4,Electronics,Power Bank,23607,No,0,No,0,No,Yes,25738,upi,Standard,4,3.1
SES501648,CUST10787,2026-01-18 00:00:00,35,MALE,Delhi,New,0,Desktop,Instagram,6.1,6,5,Electronics,Smart Watch,12969,No,0,Yes,10,Yes,No,0,UPI,Standard,,
SES504801,CUST10919,2025-12-04 00:00:00,30,MALE,Delhi,New,1,Mobile,Referral,10.3,9,4,Home & Kitchen,Cookware Set,6195,Yes,13426,No,0,No,Yes,11032,cash on delivery,Standard,3.6,5
SES504982,CUST11083,2025-01-09 00:00:00,26,MALE,Lucknow,Returning,5,Desktop,YouTube,19.7,3,6,Home & Kitchen,Table Lamp,13055,No,0,No,0,No,No,0,Credit Card,Same Day,,
SES501884,CUST10901,2026-03-31 00:00:00,34,FEMALE,Ahmedabad,New,0,Desktop,Google,2.3,6,3,Beauty,Lipstick,735,No,0,No,0,No,No,0,Credit Card,Same Day,,
SES500169,CUST10198,2026-03-25 00:00:00,37,MALE,Kolkata,Returning,10,Mobile,Email,1.3,13,4,Home & Kitchen,Coffee Maker,3799,No,0,No,0,No,No,0,Wallet,Standard,,
SES502674,CUST10977,2025-02-06 00:00:00,40,MALE,Hyderabad,Returning,9,Mobile,Email,7.4,9,5,Sports,Yoga Mat,937,No,0,No,0,No,No,0,UPI,Standard,,
SES501194,CUST10893,2025-03-18 00:00:00,45,MALE,Pune,New,0,Mobile,Email,11.6,7,4,Books,Academic Book,2366,Yes,2783,No,0,No,No,0,UPI,Standard,,
SES505038,CUST10753,2026-02-18 00:00:00,24,MALE,Chennai,Returning,14,Mobile,Instagram,11.1,6,4,Books,Business Book,239,Yes,318,No,0,No,No,0,UPI,Express,,
SES502765,CUST11239,2026-04-28 00:00:00,47,FEMALE,Lucknow,New,1,Mobile,Facebook,4.8,6,5,Beauty,Face Wash,4767,No,0,No,0,No,No,0,Cash on Delivery,Express,,
SES503530,CUST11506,2026-06-15 00:00:00,30,MALE,Pune,New,1,Desktop,Direct,8,6,4,Electronics,Wireless Earbuds,1310,Yes,2953,Yes,15,Yes,Yes,2480,Debit Card,Standard,4.5,5
SES504607,CUST10942,2025-03-11 00:00:00,34,MALE,Kolkata,Returning,12,Mobile,Facebook,13.6,4,3,Home & Kitchen,Cookware Set,4938,Yes,10430,No,0,No,Yes,9966,Net Banking,Standard,3.6,4.3
SES502847,CUST11379,2025-10-27 00:00:00,36,FEMALE,Bangalore,Returning,13,Mobile,Google,1.1,8,3,Fashion,T-Shirt,2711,No,0,No,0,No,No,0,Credit Card,Same Day,,
SES502214,CUST12070,2025-05-23 00:00:00,45,FEMALE,Mumbai,New,0,Tablet,YouTube,6.3,6,3,Electronics,Headphones,22576,Yes,31168,Yes,15,No,No,0,Credit Card,Standard,,
SES503690,CUST11611,2026-02-23 00:00:00,22,FEMALE,Kolkata,Returning,15,Desktop,Instagram,8.9,7,5,Home & Kitchen,Coffee Maker,4720,Yes,6952,No,0,No,Yes,9399,UPI,Standard,3.3,3.7
SES502421,CUST11929,2025-09-10 00:00:00,36,FEMALE,Hyderabad,New,0,Mobile,Referral,13.3,5,7,Fashion,Jacket,5684,No,0,No,0,No,No,0,UPI,Express,,
SES502440,CUST10132,2025-10-05 00:00:00,42,MALE,Bangalore,Returning,14,Tablet,Google,22.6,11,4,Books,Academic Book,2265,Yes,3004,No,0,No,Yes,3170,UPI,Express,4.8,4.8
SES500231,CUST11920,2025-09-23 00:00:00,28,FEMALE,Unknown,New,0,Desktop,Facebook,13.5,9,2,Electronics,Headphones,4415,No,0,No,0,No,No,0,Debit Card,Same Day,,
SES505895,CUST11581,2025-04-24 00:00:00,52,MALE,Bangalore,New,0,Desktop,Google,4.9,7,1,Books,Biography,1003,Yes,1850,Yes,30,Yes,Yes,1720,Wallet,Express,4.4,3.7
SES505860,CUST10066,2025-10-12 00:00:00,24,MALE,Jaipur,Returning,5,Mobile,Instagram,14.6,5,2,Fashion,Sneakers,5196,No,0,Yes,30,No,No,0,UPI,Express,,
SES505337,CUST11536,2025-10-04 00:00:00,30,MALE,Bangalore,Returning,12,Desktop,Email,9.5,10,3,Books,Fiction Book,1921,No,0,No,0,No,No,0,UPI,Standard,,
SES501182,CUST10727,2025-08-03 00:00:00,52,FEMALE,Pune,New,0,Desktop,Referral,9.4,5,5,Electronics,Smart Watch,1006,Yes,978,Yes,15,No,No,0,Cash on Delivery,Standard,,
SES503363,CUST12042,2025-08-29 00:00:00,36,MALE,Mumbai,Returning,13,Mobile,Direct,24,8,1,Electronics,Smart Watch,11445,Yes,11894,No,0,No,No,0,Credit Card,Standard,,
SES501346,CUST10378,2026-04-29 00:00:00,18,MALE,Delhi,Returning,8,Mobile,Google,5.1,4,2,Fashion,Jacket,1232,Yes,2675,Yes,10,Yes,Yes,1684,UPI,Standard,4,3.8
SES501804,CUST10073,2025-09-10 00:00:00,36,FEMALE,Kolkata,New,0,Mobile,Google,9.2,4,2,Sports,Football,6445,Yes,15681,No,0,No,Yes,8147,UPI,Standard,4.4,3.4
SES500477,CUST10754,2025-04-22 00:00:00,26,MALE,Mumbai,Returning,8,Tablet,Instagram,4.1,3,4,Books,Self Help Book,518,No,0,No,0,No,No,0,UPI,Standard,,
SES501033,CUST10029,2025-02-15 00:00:00,24,FEMALE,Kolkata,New,0,Mobile,YouTube,6.5,7,3,Beauty,Shampoo,4136,No,0,No,0,No,No,0,Wallet,Express,,
SES500018,CUST11185,2025-03-02 00:00:00,28,FEMALE,Bangalore,Returning,12,Mobile,Google,15.7,6,6,Electronics,Headphones,11587,No,0,No,0,No,Yes,15541,UPI,Standard,2.8,4.4
SES503694,CUST10926,2026-01-18 00:00:00,34,FEMALE,Pune,New,0,Mobile,Referral,7.2,5,4,Beauty,Moisturizer,1983,No,0,No,0,No,No,0,UPI,Express,,
SES500743,CUST11669,2025-06-05 00:00:00,20,MALE,Bangalore,New,0,Mobile,YouTube,3.3,5,4,Beauty,Face Wash,4629,Yes,4736,Yes,25,Yes,No,0,Credit Card,Standard,,
SES504842,CUST11527,2025-10-06 00:00:00,30,FEMALE,Ahmedabad,New,0,Mobile,Email,5.7,9,3,Fashion,Jeans,794,Yes,727,Yes,20,No,Yes,1018,Cash on Delivery,Standard,3.9,4.9
SES502118,CUST11529,2026-03-02 00:00:00,38,MALE,New Delhi,Returning,9,Mobile,Facebook,6.1,8,4,Fashion,Sneakers,5817,No,0,No,0,No,No,0,UPI,Standard,,
SES502358,CUST10646,2025-05-24 00:00:00,18,FEMALE,Delhi,New,0,Mobile,Instagram,23.4,8,1,Beauty,Face Wash,695,Yes,1691,Yes,10,Yes,No,0,Credit Card,Standard,,
SES500440,CUST11066,2026-03-03 00:00:00,41,MALE,Hyderabad,New,0,Mobile,Referral,8.5,7,3,Home & Kitchen,Storage Box,11448,Yes,24355,No,0,No,Yes,13420,Cash on Delivery,Express,4.5,4.6
SES504955,CUST10232,2025-08-11 00:00:00,40,FEMALE,Ahmedabad,New,0,Mobile,YouTube,4.8,6,5,Beauty,Lipstick,3225,No,0,No,0,No,No,0,Debit Card,Standard,,
SES501486,CUST10940,2025-09-04 00:00:00,24,MALE,Hyderabad,Returning,5,Mobile,Google,6.7,6,5,Home & Kitchen,Table Lamp,1209,No,0,No,0,No,No,0,Credit Card,Standard,,
SES504101,CUST10019,2026-05-13 00:00:00,22,FEMALE,Jaipur,New,0,Mobile,YouTube,5.3,6,1,Electronics,Headphones,19422,Yes,21594,Yes,10,Yes,Yes,26424,UPI,Standard,3.9,2.9
SES500806,CUST11047,2026-02-02 00:00:00,21,MALE,Unknown,Returning,12,Mobile,Direct,2.4,6,6,Electronics,Bluetooth Speaker,19108,No,0,Yes,10,No,No,0,UPI,Standard,,
SES501176,CUST10226,2025-11-06 00:00:00,19,FEMALE,Mumbai,Returning,10,Mobile,Facebook,14.4,6,1,Home & Kitchen,Coffee Maker,9565,Yes,12175,Yes,15,Yes,No,0,UPI,Same Day,,
SES504352,CUST11922,2025-04-18 00:00:00,40,MALE,Bangalore,Returning,3,Tablet,Direct,10.4,4,10,Fashion,T-Shirt,4814,Yes,4807,Yes,10,Yes,Yes,9408,Credit Card,Standard,3.7,3.9
SES503064,CUST10700,2025-06-22 00:00:00,51,MALE,Bangalore,New,0,Mobile,Direct,5.7,10,5,Electronics,Power Bank,29112,No,0,No,0,No,No,0,UPI,Standard,,
SES505406,CUST11032,2025-10-27 00:00:00,31,MALE,Delhi,New,0,Mobile,Instagram,9,3,2,Fashion,Sneakers,6851,Yes,8569,No,0,No,No,0,Debit Card,Same Day,,
SES504291,CUST10932,2025-11-08 00:00:00,23,MALE,Bangalore,New,0,Mobile,Direct,6,7,4,Electronics,Bluetooth Speaker,8507,No,0,No,0,No,No,0,Credit Card,Standard,,
SES504972,CUST11213,2025-11-04 00:00:00,32,MALE,Delhi,Returning,5,Tablet,YouTube,8.3,6,4,Beauty,Lipstick,813,Yes,1389,No,0,No,No,0,Cash on Delivery,Standard,,
SES503468,CUST12065,2026-01-17 00:00:00,31,MALE,Chennai,Returning,8,Mobile,Direct,7,7,2,Home & Kitchen,Coffee Maker,2381,Yes,1954,Yes,10,Yes,Yes,3500,Credit Card,Standard,3.6,3.9
SES501510,CUST10630,2025-07-08 00:00:00,27,MALE,Pune,New,1,Mobile,Google,9.7,6,5,Home & Kitchen,Bedsheet,4415,No,0,No,0,No,No,0,UPI,Express,,
SES502245,CUST11992,2025-01-14 00:00:00,42,MALE,Delhi,Returning,14,Desktop,Direct,21.3,8,3,Electronics,Headphones,12469,Yes,21790,No,0,No,No,0,UPI,Same Day,,
SES502183,CUST10896,2026-04-05 00:00:00,40,MALE,Bangalore,Returning,7,Mobile,Referral,8.3,6,6,Electronics,Headphones,20216,Yes,28095,No,0,No,No,0,UPI,Standard,,
SES503333,CUST10338,2026-01-08 00:00:00,18,FEMALE,Chennai,Returning,7,Mobile,Google,15.8,8,5,Electronics,Wireless Earbuds,26325,Yes,56151,No,0,No,Yes,30556,Debit Card,Standard,5,3.4
SES500394,CUST10090,2026-06-12 00:00:00,30,FEMALE,Lucknow,Returning,6,Mobile,Facebook,11.7,8,7,Fashion,Jacket,1006,No,0,No,0,No,No,0,UPI,Express,,
SES502628,CUST11937,2025-12-25 00:00:00,27,MALE,Mumbai,New,0,Tablet,Direct,8.9,7,7,Beauty,Lipstick,3546,Yes,7284,No,0,No,Yes,6025,Credit Card,Same Day,3.4,2.8
SES503528,CUST11280,2025-10-07 00:00:00,18,FEMALE,Kolkata,New,0,Mobile,Google,6.2,6,5,Books,Self Help Book,2393,No,0,Yes,5,Yes,Yes,3151,UPI,Standard,5,4.5
SES503853,CUST11755,2025-02-12 00:00:00,37,MALE,Mumbai,New,0,Mobile,Instagram,8.3,6,5,Electronics,Wireless Earbuds,26280,Yes,42678,Yes,25,Yes,Yes,43784,Wallet,Standard,3.4,4.3
SES505736,CUST11861,2026-02-27 00:00:00,18,FEMALE,Pune,Returning,11,Mobile,Instagram,6.5,8,4,Home & Kitchen,Bedsheet,768,No,0,Yes,5,No,No,0,Cash on Delivery,Express,,
SES505246,CUST10889,2025-05-11 00:00:00,31,FEMALE,Lucknow,New,0,Tablet,Email,19.8,7,1,Home & Kitchen,Table Lamp,12846,Yes,13809,Yes,10,Yes,Yes,13460,UPI,Express,4.2,3.1
SES505179,CUST10129,2025-06-04 00:00:00,18,MALE,Delhi,New,0,Mobile,Direct,3.5,5,3,Books,Fiction Book,2100,No,0,No,0,No,No,0,Credit Card,Standard,,
SES500015,CUST11516,2026-02-11 00:00:00,37,FEMALE,Bangalore,New,0,Mobile,YouTube,4,7,6,Electronics,Headphones,20558,Yes,39365,No,0,No,No,0,Debit Card,Express,,
SES505664,CUST11016,2026-01-28 00:00:00,39,MALE,Hyderabad,New,0,Mobile,Google,2.6,5,6,Fashion,Jeans,5194,No,0,Yes,10,No,No,0,UPI,Same Day,,
SES503772,CUST12154,2025-06-20 00:00:00,18,MALE,Mumbai,New,0,Mobile,Google,16.4,2,6,Books,Fiction Book,1345,No,0,Yes,20,Yes,No,0,Debit Card,Express,,
SES502058,CUST11829,2025-05-01 00:00:00,22,MALE,Mumbai,New,0,Desktop,Facebook,13.5,3,3,Beauty,Shampoo,1740,Yes,4029,No,0,No,Yes,3497,Debit Card,Standard,3.9,3.3
SES501515,CUST10862,2025-11-29 00:00:00,36,MALE,Mumbai,New,0,Desktop,YouTube,19.4,5,5,Electronics,Power Bank,9607,Yes,12063,No,0,No,No,0,Net Banking,Standard,,
SES501906,CUST11769,2025-01-18 00:00:00,39,MALE,Pune,Returning,5,Desktop,Email,7.5,5,5,Electronics,Smart Watch,10596,No,0,No,0,No,No,0,Wallet,Same Day,,
SES500470,CUST11206,2025-09-23 00:00:00,38,FEMALE,Bangalore,Returning,13,Desktop,Direct,5.5,5,3,Fashion,Kurta,4489,Yes,5296,No,0,No,Yes,8751,Debit Card,Standard,3.4,4.1
SES500411,CUST12144,2025-11-15 00:00:00,46,FEMALE,Chennai,New,0,Mobile,Direct,3.6,7,4,Beauty,Shampoo,1708,No,0,No,0,No,No,0,upi,Express,,
SES504126,CUST10732,2025-05-13 00:00:00,43,MALE,Pune,Returning,4,Desktop,YouTube,7.6,9,5,Fashion,Kurta,1166,No,0,Yes,25,No,No,0,UPI,Express,,
SES500562,CUST10476,2025-05-27 00:00:00,33,MALE,Lucknow,New,0,Desktop,Direct,7.7,7,4,Books,Business Book,585,Yes,602,No,0,No,No,0,UPI,Standard,,
SES500577,CUST10881,2026-06-24 00:00:00,35,FEMALE,Bangalore,Returning,3,Mobile,YouTube,11.9,6,3,Fashion,Jeans,1336,No,0,No,0,No,No,0,Net Banking,Standard,,
SES503928,CUST10273,2025-12-23 00:00:00,22,MALE,Delhi,New,0,Tablet,Email,8,7,5,Beauty,Lipstick,3970,Yes,8931,Yes,25,Yes,No,0,UPI,Same Day,,
SES500066,CUST10493,2026-03-02 00:00:00,31,FEMALE,Kolkata,New,0,Mobile,Instagram,7.3,8,7,Home & Kitchen,Storage Box,6031,No,0,Yes,5,Yes,No,0,UPI,Standard,,
SES505228,CUST11466,2026-05-13 00:00:00,43,MALE,Jaipur,Returning,6,Mobile,YouTube,3.4,8,3,Sports,Dumbbells,9591,No,0,No,0,No,No,0,UPI,Express,,
SES501514,CUST11802,2025-08-14 00:00:00,31,FEMALE,Bangalore,New,0,Tablet,Instagram,8.6,7,4,Beauty,Shampoo,4726,No,0,Yes,10,Yes,No,0,Wallet,Standard,,
SES503210,CUST10517,2026-01-29 00:00:00,31,MALE,Delhi,Returning,15,Desktop,Email,4.4,9,5,Home & Kitchen,Cookware Set,14305,No,0,Yes,25,Yes,No,0,UPI,Standard,,
SES501838,CUST11084,2025-10-07 00:00:00,34,MALE,Ahmedabad,Returning,3,Desktop,Instagram,13.5,8,4,Electronics,Headphones,1883,Yes,1866,Yes,30,Yes,Yes,2336,Cash on Delivery,Standard,3.8,3.2
SES503978,CUST11270,2025-06-07 00:00:00,19,MALE,Delhi,Returning,5,Desktop,YouTube,8.3,5,2,Fashion,Kurta,1316,No,0,Yes,25,No,Yes,2325,UPI,Same Day,4.1,2.8
SES500352,CUST10154,2025-07-13 00:00:00,18,MALE,Pune,Returning,9,Mobile,Email,5.7,10,4,Books,Biography,2169,Yes,2430,No,0,No,No,0,Debit Card,Standard,,
SES505008,CUST11584,2025-12-02 00:00:00,38,MALE,Ahmedabad,New,0,Mobile,Referral,4.9,7,3,Books,Fiction Book,210,Yes,190,No,0,No,No,0,Debit Card,Standard,,
SES502237,CUST11750,2025-04-21 00:00:00,35,MALE,Lucknow,New,0,Mobile,Referral,5.3,5,3,Fashion,Sneakers,1338,No,0,No,0,No,No,0,UPI,Express,,
SES504971,CUST11190,2025-01-15 00:00:00,31,MALE,Delhi,New,1,Mobile,Direct,4.6,5,4,Books,Fiction Book,1747,No,0,No,0,No,No,0,Credit Card,Standard,,
SES505560,CUST11066,2026-06-12 00:00:00,37,FEMALE,Pune,New,0,Mobile,Referral,5.4,15,2,Sports,Cricket Bat,8067,No,0,No,0,No,No,0,UPI,Standard,,
SES503904,CUST10424,2025-03-13 00:00:00,40,MALE,Lucknow,Returning,2,Desktop,Google,6.2,5,3,Home & Kitchen,Table Lamp,4597,Yes,6200,Yes,30,Yes,Yes,4727,Credit Card,Express,4.7,4.8
SES502981,CUST11891,2026-03-06 00:00:00,25,MALE,Pune,New,0,Desktop,Instagram,2.8,5,4,Fashion,Sneakers,1381,Yes,1189,Yes,5,No,Yes,2657,Cash on Delivery,Standard,4.2,3.7
SES500535,CUST11618,2025-03-01 00:00:00,20,MALE,Mumbai,Returning,15,Mobile,Google,8.6,5,4,Electronics,Headphones,16312,No,0,No,0,No,No,0,Cash on Delivery,Standard,,
SES501942,CUST11415,2025-04-13 00:00:00,27,MALE,Mumbai,New,0,Mobile,YouTube,14.9,4,6,Fashion,Jeans,3329,No,0,No,0,No,No,0,UPI,Express,,
SES500089,CUST12147,2026-03-22 00:00:00,29,MALE,Delhi,New,0,Mobile,Direct,17.4,4,4,Books,Fiction Book,1702,No,0,No,0,No,No,0,UPI,Standard,,
SES502465,CUST11448,2025-10-01 00:00:00,30,MALE,Pune,Returning,2,Mobile,Direct,8.8,6,2,Fashion,Jeans,2249,No,0,No,0,No,No,0,Credit Card,Same Day,,
SES500908,CUST11108,2025-08-15 00:00:00,35,FEMALE,Jaipur,New,0,Tablet,Facebook,18.8,12,5,Beauty,Face Wash,4895,Yes,5250,No,0,No,Yes,8055,Debit Card,Express,4,4.3
SES504779,CUST11201,2025-09-29 00:00:00,26,MALE,Chennai,New,0,Tablet,YouTube,20.2,6,6,Fashion,Jeans,4567,Yes,7298,No,0,No,Yes,4442,Credit Card,Express,3.7,4.4
SES502933,CUST11626,2025-05-23 00:00:00,24,MALE,Kolkata,New,0,Desktop,Facebook,10.7,8,3,Fashion,Jacket,3306,No,0,Yes,20,Yes,Yes,6068,UPI,Express,3.1,5
SES501873,CUST12140,2025-02-06 00:00:00,45,MALE,Delhi,New,0,Mobile,Email,10,7,4,Books,Self Help Book,1663,No,0,No,0,No,No,0,UPI,Standard,,
SES502165,CUST10582,2025-07-25 00:00:00,30,MALE,Chennai,New,0,Desktop,YouTube,3.4,6,5,Home & Kitchen,Table Lamp,13518,Yes,27205,No,0,No,Yes,21110,Credit Card,Standard,3.4,4.2
SES502192,CUST11881,2025-09-23 00:00:00,36,MALE,Delhi,New,0,Mobile,Direct,12.7,7,10,Fashion,Kurta,4362,Yes,8275,Yes,5,Yes,No,0,UPI,Standard,,
SES501098,CUST10137,2025-01-23 00:00:00,27,FEMALE,Pune,New,0,Mobile,YouTube,5.2,6,2,Books,Fiction Book,561,Yes,1136,No,0,No,Yes,577,Debit Card,Same Day,5,4.1
SES500801,CUST12137,2025-02-03 00:00:00,52,MALE,Lucknow,New,0,Mobile,YouTube,2.1,5,5,Beauty,Moisturizer,1675,No,0,Yes,25,No,No,0,UPI,Standard,,
SES502485,CUST11969,2025-02-14 00:00:00,40,MALE,Pune,New,0,Desktop,Direct,7,7,1,Fashion,Kurta,3392,No,0,Yes,15,Yes,Yes,4607,Debit Card,Standard,3,4.5
SES505318,CUST10620,2026-02-27 00:00:00,41,FEMALE,Bangalore,New,0,Mobile,YouTube,2.8,13,8,Fashion,Sneakers,438,Yes,768,Yes,25,Yes,No,0,UPI,Standard,,
SES503040,CUST10693,2025-09-15 00:00:00,37,MALE,Kolkata,Returning,11,Mobile,Email,10.4,6,4,Electronics,Headphones,33199,No,0,No,0,No,No,0,Credit Card,Express,,
SES500421,CUST10729,2025-01-28 00:00:00,28,MALE,Bangalore,New,0,Mobile,Direct,3.4,8,9,Electronics,Smart Watch,2746,Yes,4757,No,0,No,Yes,4192,Debit Card,Standard,2.8,4.3
SES505124,CUST11435,2025-01-21 00:00:00,28,FEMALE,Kolkata,New,0,Tablet,Referral,12.6,6,9,Electronics,Wireless Earbuds,18549,Yes,30939,No,0,No,No,0,Net Banking,Express,,
SES503979,CUST11602,2026-06-02 00:00:00,30,MALE,Hyderabad,Returning,12,Mobile,Google,3.2,6,7,Fashion,Kurta,6904,Yes,15555,Yes,5,Yes,Yes,8329,UPI,Standard,4.8,4.4
SES500374,CUST10516,2025-04-01 00:00:00,39,MALE,Delhi,New,0,Mobile,Google,19.7,7,4,Home & Kitchen,Storage Box,9962,No,0,Yes,5,Yes,No,0,Cash on Delivery,Express,,
SES504393,CUST11102,2025-05-11 00:00:00,21,MALE,Mumbai,New,0,Mobile,Direct,25.2,3,4,Books,Business Book,848,Yes,1811,Yes,15,Yes,Yes,1360,Debit Card,Same Day,4.3,4.7
SES505100,CUST10189,2025-06-03 00:00:00,28,MALE,Bangalore,New,0,Mobile,Email,15.4,7,4,Books,Academic Book,1650,Yes,2624,No,0,No,No,0,UPI,Same Day,,
SES504910,CUST11635,2025-12-24 00:00:00,18,FEMALE,Chennai,Returning,15,Desktop,Email,8.6,5,5,Home & Kitchen,Bedsheet,5326,Yes,4930,Yes,5,No,Yes,8735,Wallet,Express,4.5,4.4
SES501352,CUST11702,2026-01-11 00:00:00,38,MALE,Ahmedabad,Returning,8,Desktop,YouTube,1.4,8,4,Beauty,Moisturizer,4862,No,0,Yes,25,No,No,0,Net Banking,Same Day,,
SES505750,CUST10920,2025-04-30 00:00:00,18,FEMALE,Hyderabad,Returning,3,Mobile,Email,4.4,5,10,Fashion,Kurta,5411,Yes,9970,Yes,15,Yes,No,0,UPI,Express,,
SES501903,CUST10624,2025-11-21 00:00:00,18,FEMALE,Lucknow,Returning,15,Mobile,YouTube,5.2,9,7,Fashion,Sneakers,5638,No,0,No,0,No,No,0,cash on delivery,Standard,,
SES501872,CUST12045,2025-10-02 00:00:00,25,MALE,Chennai,New,0,Mobile,Instagram,2.3,6,4,Sports,Running Shoes,2006,No,0,Yes,20,Yes,No,0,Debit Card,Express,,
SES504246,CUST10141,2025-10-02 00:00:00,19,FEMALE,Delhi,New,0,Mobile,Google,10.6,6,5,Beauty,Perfume,3832,Yes,8230,No,0,No,Yes,5766,Cash on Delivery,Express,3.1,3.8
SES502111,CUST11583,2025-12-03 00:00:00,19,FEMALE,Delhi,New,0,Mobile,Facebook,6.1,10,3,Fashion,T-Shirt,4309,Yes,8208,No,0,No,Yes,5378,UPI,Standard,3.8,5
SES502759,CUST10450,2025-06-22 00:00:00,30,MALE,Delhi,Returning,6,Mobile,YouTube,8.7,2,3,Beauty,Face Wash,1207,No,0,Yes,10,Yes,Yes,1362,UPI,Standard,3.6,3.6
SES502448,CUST10194,2026-03-20 00:00:00,50,FEMALE,Delhi,New,0,Mobile,Email,16.8,8,5,Electronics,Bluetooth Speaker,28952,No,0,Yes,25,No,No,0,Debit Card,Standard,,
SES503602,CUST11938,2025-11-06 00:00:00,29,MALE,Chennai,New,0,Mobile,Instagram,7.1,4,2,Books,Academic Book,1025,No,0,Yes,15,Yes,No,0,Credit Card,Standard,,
SES504864,CUST10528,2025-05-26 00:00:00,36,FEMALE,Chennai,New,0,Mobile,Email,8.4,8,4,Books,Academic Book,1453,No,0,Yes,5,Yes,No,0,Debit Card,Standard,,
SES504259,CUST11885,2025-07-28 00:00:00,21,FEMALE,Hyderabad,Returning,14,Mobile,Instagram,18,10,2,Beauty,Face Wash,3519,No,0,Yes,10,Yes,No,0,Credit Card,Standard,,
SES501331,CUST11295,2025-02-27 00:00:00,46,MALE,Kolkata,Returning,6,Mobile,Google,5.8,14,5,Electronics,Power Bank,3720,Yes,5933,No,0,No,Yes,6309,Credit Card,Standard,4,3.7
SES502349,CUST11337,2025-11-23 00:00:00,32,FEMALE,Delhi,Returning,3,Mobile,Facebook,10.4,6,5,Home & Kitchen,Table Lamp,4824,Yes,7048,Yes,10,Yes,Yes,4827,Debit Card,Standard,3.1,5
SES500605,CUST10447,2025-09-07 00:00:00,44,FEMALE,Delhi,Returning,14,Mobile,Email,10.4,4,1,Home & Kitchen,Storage Box,8815,Yes,13034,No,0,No,No,0,UPI,Standard,,
SES502523,CUST10420,2025-02-25 00:00:00,35,MALE,Pune,New,0,Desktop,Google,12.9,11,11,Sports,Dumbbells,9341,Yes,19114,No,0,No,No,0,Wallet,Standard,,
SES504825,CUST12160,2025-10-04 00:00:00,33,MALE,Jaipur,Returning,11,Mobile,Facebook,8.5,8,2,Books,Fiction Book,1263,Yes,1901,Yes,10,Yes,Yes,2108,UPI,Express,3.2,4.3
SES501003,CUST12077,2025-03-28 00:00:00,20,MALE,Bangalore,Returning,2,Mobile,Direct,7,10,3,Electronics,Headphones,5361,No,0,Yes,15,No,Yes,9503,UPI,Standard,5,3.2
SES500182,CUST11735,2025-03-05 00:00:00,34,MALE,Delhi,New,0,Mobile,Direct,21.5,5,4,Books,Biography,1361,Yes,3140,Yes,15,Yes,Yes,1370,Credit Card,Standard,4.7,4.7
SES503850,CUST11997,2025-11-21 00:00:00,27,MALE,Pune,New,0,Mobile,Google,4.6,8,3,Electronics,Power Bank,6010,No,0,No,0,No,No,0,UPI,Standard,,
SES502253,CUST10307,2025-11-06 00:00:00,46,MALE,Delhi,New,0,Mobile,Instagram,11.7,10,6,Fashion,Kurta,2998,Yes,6466,Yes,20,No,Yes,2770,Credit Card,Standard,3.8,4.3
SES501050,CUST10365,2025-11-26 00:00:00,23,FEMALE,Bangalore,New,0,Mobile,YouTube,28.7,7,3,Electronics,Power Bank,27583,No,0,No,0,No,No,0,Cash on Delivery,Standard,,
SES504401,CUST11152,2025-07-14 00:00:00,20,MALE,Kolkata,New,0,Mobile,Facebook,12.2,6,5,Home & Kitchen,Cookware Set,12406,No,0,Yes,10,No,No,0,UPI,Standard,,
SES502030,CUST10449,2025-09-15 00:00:00,18,FEMALE,Pune,New,0,Mobile,Direct,10.7,4,5,Beauty,Moisturizer,2042,No,0,Yes,25,Yes,No,0,Credit Card,Standard,,
SES505826,CUST10688,2025-07-26 00:00:00,37,MALE,Hyderabad,New,0,Desktop,Email,14.8,5,4,Beauty,Shampoo,808,No,0,No,0,No,No,0,Debit Card,Standard,,
SES503434,CUST10721,2026-06-25 00:00:00,42,FEMALE,Lucknow,Returning,10,Desktop,Instagram,15.9,8,5,Books,Biography,2304,Yes,5372,No,0,No,Yes,4287,CREDIT CARD,Standard,4.1,4
SES502641,CUST10341,2025-12-10 00:00:00,18,FEMALE,Pune,New,0,Mobile,Facebook,2.3,6,3,Electronics,Smart Watch,31693,Yes,57661,No,0,No,Yes,38246,Debit Card,Express,4.3,4.3
SES503845,CUST10276,2025-09-11 00:00:00,34,MALE,Kolkata,New,0,Mobile,Facebook,7.6,7,5,Home & Kitchen,Coffee Maker,6562,No,0,Yes,20,Yes,No,0,Credit Card,Express,,
SES503782,CUST11295,2025-04-14 00:00:00,18,FEMALE,Mumbai,New,0,Mobile,Unknown,4.4,4,4,Fashion,T-Shirt,4966,No,0,No,0,No,No,0,cash on delivery,Standard,,
SES500507,CUST11556,2025-11-15 00:00:00,29,FEMALE,Mumbai,Returning,15,Mobile,Instagram,4.9,8,5,Books,Business Book,1152,No,0,No,0,No,Yes,2180,Cash on Delivery,Express,4.6,5
SES500748,CUST10225,2026-01-11 00:00:00,18,MALE,Delhi,New,0,Mobile,Direct,6.2,7,8,Electronics,Wireless Earbuds,3947,No,0,No,0,No,No,0,Debit Card,Standard,,
SES503126,CUST11823,2026-05-25 00:00:00,26,MALE,Bangalore,Returning,14,Mobile,Instagram,6.3,13,3,Electronics,Power Bank,28219,Yes,32481,Yes,15,Yes,Yes,21968,Debit Card,Express,4.2,4.9
SES500260,CUST11061,2025-04-05 00:00:00,22,FEMALE,Kolkata,Returning,9,Desktop,Direct,15.4,9,3,Books,Business Book,700,Yes,1046,No,0,No,Yes,1216,Debit Card,Express,3.7,5
SES500280,CUST10155,2026-06-29 00:00:00,63,MALE,Bangalore,Returning,11,Desktop,Google,6.8,5,4,Fashion,Kurta,4296,No,0,Yes,30,Yes,No,0,UPI,Express,,
SES501296,CUST10763,2025-06-18 00:00:00,29,FEMALE,Chennai,Returning,2,Mobile,Google,9.7,6,4,Fashion,Jeans,2023,No,0,Yes,30,No,No,0,Wallet,Standard,,
SES504569,CUST10650,2026-03-10 00:00:00,24,FEMALE,Hyderabad,New,0,Mobile,Facebook,3.9,7,2,Beauty,Perfume,939,Yes,2234,Yes,10,No,No,0,Credit Card,Express,,
SES500199,CUST12050,2026-03-16 00:00:00,46,FEMALE,Ahmedabad,New,1,Mobile,Direct,18.1,14,2,Fashion,Sneakers,5765,No,0,No,0,No,No,0,UPI,Standard,,
SES501633,CUST10891,2025-10-07 00:00:00,18,FEMALE,Delhi,New,0,Desktop,YouTube,8.3,4,4,Sports,Football,1675,No,0,No,0,No,No,0,Wallet,Standard,,
SES504265,CUST12029,2025-12-02 00:00:00,37,MALE,Chennai,New,0,Desktop,Direct,3.3,7,5,Books,Biography,720,No,0,Yes,20,Yes,No,0,Debit Card,Express,,
SES502593,CUST11830,2026-06-09 00:00:00,32,FEMALE,Jaipur,New,0,Mobile,Google,4.8,7,2,Home & Kitchen,Bedsheet,2519,No,0,No,0,No,No,0,Credit Card,Standard,,
SES501481,CUST12069,2026-04-09 00:00:00,30,FEMALE,Kolkata,Returning,14,Mobile,Google,10.1,4,2,Beauty,Moisturizer,4658,Yes,11566,No,0,No,Yes,7397,Debit Card,Standard,4.7,4.1
SES505073,CUST11463,2025-12-27 00:00:00,31,MALE,Mumbai,New,0,Mobile,YouTube,17,2,2,Beauty,Moisturizer,3373,Yes,4358,No,0,No,Yes,4002,Credit Card,Standard,3.6,4.5
SES504709,CUST12161,2025-06-23 00:00:00,25,MALE,Bangalore,New,0,Desktop,Email,6.6,10,3,Beauty,Moisturizer,909,Yes,1749,Yes,25,Yes,No,0,Credit Card,Express,,
SES501469,CUST11274,2025-01-01 00:00:00,33,FEMALE,Hyderabad,Returning,8,Mobile,Email,6,9,4,Electronics,Wireless Earbuds,24701,Yes,22464,Yes,15,Yes,Yes,29955,Wallet,Express,3.2,2.8
SES500623,CUST10205,2025-08-22 00:00:00,41,FEMALE,Chennai,New,0,Desktop,Instagram,4.5,7,3,Beauty,Face Wash,1611,Yes,1342,Yes,20,No,No,0,Debit Card,Express,,
SES504830,CUST11986,2025-08-19 00:00:00,33,FEMALE,Delhi,New,0,Desktop,Email,4.7,7,6,Electronics,Smart Watch,22137,No,0,Yes,30,Yes,No,0,UPI,Express,,
SES504690,CUST10589,2025-09-14 00:00:00,38,FEMALE,Mumbai,New,0,Tablet,Google,1.3,4,5,Books,Biography,647,No,0,No,0,No,No,0,Credit Card,Standard,,
SES505907,CUST12181,2025-04-13 00:00:00,22,FEMALE,Bangalore,New,0,Mobile,Google,6,5,6,Beauty,Perfume,4274,Yes,3807,No,0,No,No,0,Wallet,Standard,,
SES503670,CUST10406,2026-01-29 00:00:00,31,FEMALE,Delhi,Returning,2,Mobile,Facebook,6.2,4,3,Fashion,Jeans,3780,No,0,Yes,10,No,No,0, UPI ,Express,,
SES505171,CUST10327,2025-05-11 00:00:00,24,FEMALE,Delhi,Returning,10,Desktop,Instagram,9.8,8,3,Home & Kitchen,Coffee Maker,13026,No,0,Yes,5,Yes,No,0,Cash on Delivery,Standard,,
SES500813,CUST11998,2025-03-07 00:00:00,27,FEMALE,Jaipur,New,0,Desktop,Direct,7.7,5,7,Books,Biography,1973,Yes,4010,Yes,30,No,No,0,Debit Card,Express,,
SES504357,CUST10444,2026-06-07 00:00:00,29,FEMALE,Chennai,New,0,Mobile,YouTube,18,11,7,Sports,Yoga Mat,7497,Yes,6790,Yes,15,Yes,Yes,13049,Net Banking,Express,3.9,5
SES502595,CUST11416,2025-08-13 00:00:00,18,FEMALE,Mumbai,New,0,Desktop,Facebook,13,7,4,Beauty,Face Wash,2504,No,0,Yes,5,Yes,Yes,2464,UPI,Standard,3.8,4.7
SES500795,CUST12053,2025-08-09 00:00:00,25,MALE,Lucknow,New,0,Mobile,Instagram,12.9,7,5,Beauty,Lipstick,1434,Yes,1783,No,0,No,Yes,1618,Debit Card,Express,4.9,4
SES502634,CUST10821,2026-02-06 00:00:00,24,FEMALE,Pune,Returning,12,Desktop,Google,4.5,10,3,Sports,Cricket Bat,8777,Yes,17043,No,0,No,Yes,14819,Cash on Delivery,Standard,3.3,3.7
SES503359,CUST10363,2026-05-28 00:00:00,25,MALE,Kolkata,Returning,3,Mobile,YouTube,3.5,7,3,Electronics,Smart Watch,15730,Yes,17537,Yes,25,No,No,0,UPI,Same Day,,
SES503865,CUST10722,2025-03-23 00:00:00,27,MALE,Chennai,Returning,5,Mobile,Direct,2,8,1,Beauty,Perfume,1838,No,0,No,0,No,No,0,Cash on Delivery,Standard,,
SES502836,CUST11737,2026-04-16 00:00:00,27,FEMALE,Hyderabad,New,0,Tablet,Facebook,9.6,5,4,Books,Fiction Book,2114,Yes,5019,No,0,No,Yes,3642,Credit Card,Standard,5,2.1
SES501224,CUST10973,2025-06-03 00:00:00,22,MALE,Ahmedabad,New,0,Mobile,Instagram,11.8,6,7,Fashion,Sneakers,3128,Yes,3298,Yes,10,Yes,Yes,4452,Net Banking,Express,3.8,5
SES501034,CUST10149,2026-06-07 00:00:00,43,MALE,Mumbai,Returning,14,Mobile,Facebook,18.9,5,2,Beauty,Perfume,1600,No,0,Yes,5,No,No,0,Net Banking,Standard,,
SES503940,CUST12131,2025-01-03 00:00:00,24,MALE,Mumbai,New,0,Mobile,Instagram,4.2,3,5,Electronics,Wireless Earbuds,14848,No,0,Yes,20,Yes,No,0,Cash on Delivery,Express,,
SES503190,CUST11507,2025-06-08 00:00:00,27,MALE,Mumbai,New,0,Tablet,Instagram,9.4,6,2,Books,Self Help Book,770,Yes,1657,No,0,No,No,0,Credit Card,Express,,
SES505948,CUST11227,2026-03-11 00:00:00,44,MALE,Pune,Returning,7,Tablet,Direct,11.1,8,3,Electronics,Bluetooth Speaker,12011,Yes,20572,No,0,No,Yes,19567,Cash on Delivery,Standard,2.1,4.7
SES500016,CUST11216,2025-08-07 00:00:00,30,MALE,Hyderabad,Returning,7,Mobile,Facebook,9.3,7,1,Home & Kitchen,Coffee Maker,13101,No,0,Yes,10,Yes,No,0,Cash on Delivery,Standard,,
SES505456,CUST11918,2025-11-15 00:00:00,23,MALE,Mumbai,Returning,6,Tablet,Direct,14.4,6,4,Beauty,Lipstick,1723,Yes,1822,No,0,No,Yes,3334,Credit Card,Express,4,3
SES501164,CUST10807,2025-04-16 00:00:00,18,MALE,Mumbai,Returning,5,Desktop,Email,6.6,2,3,Electronics,Bluetooth Speaker,3100,Yes,7191,No,0,No,Yes,3226,UPI,Express,4.5,3.7
SES501145,CUST10340,2026-06-10 00:00:00,18,FEMALE,Jaipur,Returning,11,Mobile,Direct,5.1,8,5,Sports,Cricket Bat,9756,No,0,No,0,No,Yes,16084,UPI,Standard,3.4,5
SES503856,CUST11800,2025-01-29 00:00:00,38,MALE,Delhi,Returning,10,Mobile,Direct,4.6,8,3,Home & Kitchen,Table Lamp,14349,Yes,21819,No,0,No,Yes,26793,Credit Card,Same Day,4.5,4.6
SES505370,CUST10422,2025-04-12 00:00:00,35,FEMALE,Chennai,New,1,Mobile,Direct,4.2,4,3,Electronics,Bluetooth Speaker,11097,Yes,9553,Yes,10,Yes,No,0,Credit Card,Express,,
SES502403,CUST11622,2026-04-25 00:00:00,36,MALE,Bangalore,Returning,11,Mobile,Google,9.4,8,3,Electronics,Power Bank,15271,No,0,Yes,20,Yes,No,0,UPI,Standard,,
SES501671,CUST11846,2025-05-13 00:00:00,33,FEMALE,Chennai,Returning,14,Mobile,Facebook,9.9,8,4,Fashion,Jeans,2222,Yes,4139,Yes,25,Yes,No,0,Debit Card,Standard,,
SES503438,CUST11674,2025-01-28 00:00:00,31,MALE,Bangalore,Returning,8,Mobile,YouTube,6.2,12,3,Home & Kitchen,Bedsheet,7437,Yes,16288,No,0,No,No,0,Cash on Delivery,Standard,,
SES503489,CUST10505,2026-03-13 00:00:00,29,MALE,Mumbai,Returning,8,Desktop,Email,23,7,4,Beauty,Face Wash,1758,Yes,3832,Yes,20,Yes,No,0,Debit Card,Standard,,
SES503194,CUST10452,2026-03-10 00:00:00,28,MALE,Hyderabad,New,0,Mobile,Email,10.1,5,2,Books,Self Help Book,759,No,0,Yes,25,Yes,Yes,1030,UPI,Standard,3.7,4.5
SES505186,CUST11434,2026-03-26 00:00:00,41,MALE,Jaipur,Returning,4,Desktop,YouTube,9.4,10,3,Books,Academic Book,2300,No,0,Yes,15,Yes,No,0,UPI,Standard,,
SES501653,CUST10373,2026-04-20 00:00:00,40,MALE,Delhi,Returning,4,Tablet,Instagram,8.8,4,5,Fashion,Sneakers,871,No,0,Yes,30,Yes,No,0,UPI,Standard,,
SES500784,CUST10376,2025-10-15 00:00:00,55,MALE,Mumbai,New,0,Desktop,Direct,12,9,3,Electronics,Wireless Earbuds,26973,No,0,No,0,No,No,0,Credit Card,Standard,,
SES505229,CUST10130,2025-10-31 00:00:00,19,FEMALE,Pune,Returning,8,Desktop,Direct,23.8,6,3,Electronics,Power Bank,29279,Yes,72215,Yes,15,Yes,No,0,Wallet,Express,,
SES500713,CUST11990,2025-04-03 00:00:00,35,FEMALE,Chennai,Returning,14,Desktop,Instagram,4.7,9,6,Home & Kitchen,Bedsheet,2982,Yes,5356,No,0,No,Yes,3559,Credit Card,Standard,3.2,2.8
SES505009,CUST12051,2026-03-26 00:00:00,34,FEMALE,Kolkata,Returning,13,Tablet,Referral,5.2,8,6,Beauty,Face Wash,3564,No,0,No,0,No,No,0,UPI,Same Day,,
SES505653,CUST11217,2025-12-02 00:00:00,32,MALE,Delhi,New,0,Mobile,YouTube,9,6,4,Sports,Running Shoes,1572,Yes,1453,No,0,No,No,0,Credit Card,Standard,,
SES500995,CUST10736,2025-05-16 00:00:00,18,FEMALE,Chennai,New,0,Mobile,Referral,4.5,4,2,Sports,Running Shoes,11873,No,0,No,0,No,No,0,Credit Card,Express,,
SES502543,CUST10771,2025-05-25 00:00:00,33,MALE,Mumbai,Returning,6,Tablet,Direct,15.2,8,3,Electronics,Power Bank,32101,No,0,Yes,25,Yes,No,0,Wallet,Standard,,
SES501420,CUST10459,2025-09-21 00:00:00,25,FEMALE,Hyderabad,New,1,Desktop,YouTube,6,5,3,Sports,Dumbbells,502,No,0,Yes,15,Yes,No,0,Cash on Delivery,Standard,,
SES505997,CUST11931,2025-01-22 00:00:00,41,MALE,Mumbai,Returning,11,Mobile,Direct,16.9,2,6,Beauty,Shampoo,443,Yes,450,Yes,15,Yes,Yes,618,Credit Card,Same Day,4.1,4.2
SES504913,CUST10653,2025-05-31 00:00:00,37,FEMALE,Delhi,New,0,Mobile,Google,5.6,8,1,Electronics,Headphones,28552,No,0,Yes,25,Yes,No,0,Credit Card,Express,,
SES501372,CUST12044,2026-05-21 00:00:00,18,FEMALE,Bangalore,Returning,5,Mobile,Google,17,4,6,Beauty,Lipstick,4154,No,0,Yes,5,Yes,No,0,UPI,Standard,,
SES505290,CUST10567,2025-08-17 00:00:00,28,FEMALE,Kolkata,New,1,Desktop,Email,9.4,6,5,Electronics,Smart Watch,1113,No,0,No,0,No,No,0,UPI,Express,,
SES500684,CUST11216,2026-01-27 00:00:00,40,MALE,Jaipur,Returning,7,Mobile,Instagram,7.3,8,2,Fashion,Jeans,3600,No,0,Yes,10,Yes,Yes,5857,UPI,Standard,3.2,3.7
SES500009,CUST10331,2026-01-01 00:00:00,48,FEMALE,Mumbai,Returning,7,Mobile,Instagram,3.7,14,2,Books,Biography,1371,No,0,No,0,No,No,0,UPI,Standard,,
SES503199,CUST10375,2025-02-28 00:00:00,37,MALE,Mumbai,Returning,12,Mobile,YouTube,14.3,8,6,Home & Kitchen,Storage Box,11523,No,0,No,0,No,No,0,Credit Card,Standard,,
SES504056,CUST11450,2025-01-27 00:00:00,27,MALE,Lucknow,New,1,Desktop,Email,5,10,2,Home & Kitchen,Storage Box,4585,No,0,No,0,No,No,0,Cash on Delivery,Express,,
SES505989,CUST10525,2025-07-05 00:00:00,23,MALE,Delhi,New,0,Desktop,Instagram,11.7,12,2,Books,Self Help Book,320,No,0,No,0,No,No,0,Debit Card,Express,,
SES503648,CUST11685,2025-12-17 00:00:00,27,FEMALE,Mumbai,New,0,Mobile,Instagram,6.1,7,3,Home & Kitchen,Bedsheet,13253,No,0,No,0,No,No,0,Debit Card,Standard,,
SES500626,CUST11907,2025-05-13 00:00:00,25,MALE,Kolkata,New,0,Mobile,Google,9.8,11,2,Fashion,Sneakers,1066,No,0,Yes,15,No,No,0,Credit Card,Express,,
SES501159,CUST12042,2025-05-05 00:00:00,31,MALE,Chennai,New,0,Mobile,Email,4.4,4,2,Home & Kitchen,Table Lamp,3390,No,0,Yes,20,Yes,No,0,Credit Card,Standard,,
SES504447,CUST10936,2026-01-15 00:00:00,39,MALE,Mumbai,New,0,Mobile,Referral,9,6,5,Books,Self Help Book,2474,No,0,Yes,10,Yes,No,0,Wallet,Standard,,
SES503892,CUST11017,2025-05-24 00:00:00,38,MALE,Kolkata,New,0,Desktop,Facebook,11.8,5,5,Electronics,Wireless Earbuds,13535,Yes,33304,Yes,25,Yes,No,0,Credit Card,Standard,,
SES502575,CUST10360,2026-05-17 00:00:00,41,FEMALE,Chennai,Returning,10,Desktop,Direct,10,6,4,Fashion,Sneakers,3830,No,0,No,0,No,No,0,Credit Card,Express,,
SES500427,CUST10076,2025-10-20 00:00:00,31,FEMALE,Mumbai,Returning,3,Mobile,Email,19.7,7,3,Fashion,Sneakers,2143,No,0,No,0,No,No,0,Debit Card,Standard,,
SES500034,CUST11298,2025-03-24 00:00:00,45,MALE,Lucknow,New,0,Mobile,Direct,7.7,5,2,Electronics,Power Bank,11165,No,0,No,0,No,No,0,UPI,Standard,,
SES501766,CUST10286,2025-08-04 00:00:00,37,MALE,Jaipur,New,0,Desktop,Facebook,17.6,7,1,Electronics,Bluetooth Speaker,2121,Yes,5219,No,0,No,No,0,UPI,Standard,,
SES500045,CUST11956,2025-06-20 00:00:00,30,FEMALE,Pune,New,0,Mobile,Google,10.3,8,5,Sports,Running Shoes,1671,No,0,Yes,10,Yes,No,0,cash on delivery,Standard,,
SES503787,CUST11106,2025-01-08 00:00:00,32,FEMALE,Lucknow,Returning,4,Mobile,Instagram,5.8,7,2,Electronics,Smart Watch,23400,No,0,No,0,No,No,0,Net Banking,Standard,,
SES500682,CUST11532,2025-11-22 00:00:00,53,FEMALE,Pune,Returning,7,Desktop,Referral,7,7,6,Fashion,Jacket,1503,Yes,2157,No,0,No,No,0,UPI,Standard,,
SES502896,CUST10884,2025-04-20 00:00:00,24,FEMALE,Jaipur,New,1,Mobile,YouTube,6.6,4,3,Electronics,Power Bank,5139,No,0,Yes,20,No,No,0,Cash on Delivery,Express,,
SES504412,CUST10164,2026-05-28 00:00:00,36,MALE,Mumbai,Returning,3,Desktop,Email,10,4,3,Fashion,Sneakers,609,Yes,820,No,0,No,Yes,1126,Net Banking,Standard,4.1,5
SES503314,CUST10369,2026-05-13 00:00:00,61,FEMALE,Ahmedabad,Returning,9,Mobile,Facebook,10.6,6,6,Beauty,Shampoo,3402,No,0,Yes,20,Yes,Yes,3326,UPI,Same Day,4.2,2.4
SES504631,CUST10905,2025-11-05 00:00:00,32,MALE,Hyderabad,New,0,Tablet,Facebook,14.6,9,4,Beauty,Moisturizer,2617,Yes,5543,No,0,No,Yes,4471,UPI,Standard,4.4,4.3
SES504032,CUST10844,2026-06-05 00:00:00,32,MALE,Mumbai,New,0,Mobile,Instagram,3.3,5,6,Home & Kitchen,Coffee Maker,2168,Yes,4562,No,0,No,Yes,2052,Cash on Delivery,Express,4,4.7
SES501355,CUST10117,2026-04-15 00:00:00,18,FEMALE,Lucknow,New,0,Desktop,Google,9.3,11,2,Books,Fiction Book,1444,No,0,Yes,25,No,No,0,UPI,Express,,
SES503334,CUST11630,2025-08-06 00:00:00,28,UNKNOWN,Bangalore,Returning,10,Mobile,Instagram,8.8,2,4,Fashion,Jeans,6001,No,0,Yes,20,No,No,0,Net Banking,Standard,,
SES500064,CUST10764,2025-06-09 00:00:00,26,MALE,Lucknow,Returning,6,Desktop,Instagram,9.4,7,3,Fashion,Jacket,2392,Yes,2377,No,0,No,Yes,3560,UPI,Express,5,5
SES501696,CUST10581,2025-05-12 00:00:00,36,MALE,Bangalore,New,0,Mobile,Direct,4.9,9,4,Electronics,Headphones,9431,Yes,18605,No,0,No,Yes,9170,Cash on Delivery,Same Day,4.1,3
SES502285,CUST10269,2025-04-12 00:00:00,23,MALE,Mumbai,Returning,12,Mobile,Google,11.4,7,2,Beauty,Shampoo,1170,No,0,Yes,5,No,No,0,UPI,Standard,,
SES504303,CUST11978,2026-04-15 00:00:00,30,FEMALE,Chennai,New,0,Mobile,Google,17.4,7,3,Beauty,Shampoo,1048,Yes,2012,No,0,No,Yes,2043,UPI,Standard,4.3,3.5
SES505691,CUST11411,2025-03-12 00:00:00,47,FEMALE,Lucknow,New,0,Mobile,Direct,13.8,6,3,Fashion,Jeans,5685,Yes,4745,Yes,15,Yes,No,0,UPI,Express,,
SES501039,CUST11251,2026-01-31 00:00:00,33,FEMALE,Jaipur,Returning,8,Mobile,Instagram,19.1,2,4,Electronics,Smart Watch,11734,Yes,12679,No,0,No,Yes,17421,Debit Card,Express,3.6,4.8
SES504367,CUST11270,2026-04-22 00:00:00,42,FEMALE,Ahmedabad,New,0,Mobile,Google,14.7,8,7,Books,Academic Book,1872,No,0,Yes,15,Yes,No,0,UPI,Standard,,
SES504464,CUST11754,2025-07-11 00:00:00,18,FEMALE,Pune,New,0,Mobile,Google,10.9,7,2,Fashion,Kurta,1457,Yes,2489,Yes,20,Yes,Yes,2747,UPI,Express,3.3,4.5
SES501407,CUST11926,2025-03-29 00:00:00,36,MALE,Delhi,New,0,Mobile,Google,8.2,8,5,Beauty,Moisturizer,4601,No,0,Yes,10,Yes,No,0,Debit Card,Standard,,
SES504680,CUST10890,2025-03-31 00:00:00,30,FEMALE,Delhi,Returning,7,Mobile,Google,2,7,7,Sports,Running Shoes,11161,No,0,No,0,No,No,0,Debit Card,Express,,
SES501545,CUST11230,2025-04-29 00:00:00,27,FEMALE,Delhi,New,0,Desktop,Referral,4.2,7,3,Fashion,Kurta,5587,No,0,No,0,No,No,0,UPI,Express,,
SES504102,CUST10575,2025-05-17 00:00:00,39,FEMALE,Bangalore,Returning,7,Mobile,Google,13.8,10,3,Beauty,Lipstick,4711,Yes,11541,No,0,No,Yes,8628,Wallet,Standard,4.2,5
SES503768,CUST11367,2025-04-02 00:00:00,22,MALE,Ahmedabad,Returning,3,Desktop,YouTube,10.1,8,5,Sports,Dumbbells,1832,No,0,Yes,10,No,No,0,UPI,Standard,,
SES500600,CUST12151,2025-07-06 00:00:00,34,MALE,Bangalore,New,0,Tablet,Instagram,14.3,9,4,Books,Business Book,2269,Yes,4314,No,0,No,Yes,4698,Credit Card,Standard,3.9,5
SES501635,CUST10021,2025-12-27 00:00:00,34,FEMALE,Chennai,New,0,Mobile,Direct,9.1,8,2,Electronics,Bluetooth Speaker,10172,No,0,No,0,No,No,0,Credit Card,Standard,,
SES501254,CUST12130,2026-01-02 00:00:00,37,FEMALE,Hyderabad,New,0,Mobile,Facebook,5.5,4,5,Beauty,Shampoo,2761,Yes,3323,Yes,10,Yes,Yes,4171,Net Banking,Express,2.9,4.2
SES502226,CUST11728,2026-03-30 00:00:00,22,FEMALE,Delhi,Returning,12,Mobile,Instagram,3.2,12,3,Beauty,Moisturizer,4642,Yes,4540,Yes,15,Yes,No,0,Wallet,Same Day,,
SES502888,CUST10558,2026-06-07 00:00:00,31,MALE,Mumbai,New,0,Mobile,Google,3.1,7,3,Electronics,Headphones,22002,Yes,48533,No,0,No,Yes,30654,Debit Card,Standard,3.7,3.8
SES505161,CUST11704,2025-12-27 00:00:00,30,FEMALE,Delhi,Returning,15,Mobile,Instagram,2.7,5,6,Fashion,Kurta,802,No,0,No,0,No,No,0,UPI,Standard,,
SES503036,CUST10685,2025-06-10 00:00:00,52,FEMALE,Ahmedabad,Returning,5,Mobile,Referral,10.3,8,2,Electronics,Smart Watch,8601,Yes,13817,No,0,No,No,0,Credit Card,Same Day,,
SES501581,CUST10345,2025-10-19 00:00:00,35,FEMALE,Jaipur,Returning,12,Mobile,Instagram,4.6,7,3,Beauty,Perfume,1810,No,0,No,0,No,No,0,UPI,Express,,
SES501560,CUST11360,2025-07-24 00:00:00,41,FEMALE,Delhi,New,0,Mobile,Google,10.8,3,3,Fashion,Kurta,1435,Yes,3281,No,0,No,No,0,UPI,Standard,,
SES503917,CUST10227,2025-11-26 00:00:00,49,MALE,Mumbai,New,0,Mobile,Instagram,11.2,5,2,Beauty,Shampoo,832,No,0,No,0,No,No,0,Credit Card,Standard,,
SES502742,CUST10942,2025-11-21 00:00:00,18,MALE,Mumbai,New,0,Mobile,YouTube,13.7,4,4,Home & Kitchen,Coffee Maker,11088,No,0,Yes,20,No,No,0,Credit Card,Standard,,
SES503879,CUST10565,2025-12-04 00:00:00,31,FEMALE,Pune,New,0,Desktop,Email,1.5,13,2,Sports,Running Shoes,6994,No,0,No,0,No,No,0,UPI,Standard,,
SES500747,CUST10724,2025-05-25 00:00:00,29,FEMALE,Lucknow,Returning,9,Tablet,Facebook,7.4,5,6,Sports,Football,11589,No,0,No,0,No,No,0,UPI,Standard,,
SES504038,CUST11469,2025-01-30 00:00:00,18,FEMALE,Delhi,New,0,Mobile,Email,29,5,5,Beauty,Shampoo,2274,Yes,3031,Yes,10,Yes,Yes,3857,Wallet,Standard,4.2,4
SES501262,CUST11691,2026-01-26 00:00:00,34,MALE,Bangalore,New,0,Mobile,Google,9.6,10,8,Fashion,T-Shirt,3616,No,0,No,0,No,Yes,5435,Wallet,Standard,3.4,4.9
SES504442,CUST10785,2025-12-21 00:00:00,35,FEMALE,Unknown,Returning,13,Mobile,Referral,9.7,4,2,Books,Academic Book,1601,Yes,1541,No,0,No,Yes,1693,UPI,Standard,3.4,5
SES504221,CUST10784,2025-07-29 00:00:00,21,FEMALE,Delhi,New,0,Mobile,Instagram,4.9,6,5,Fashion,Jeans,929,No,0,No,0,No,No,0,Credit Card,Express,,
SES500474,CUST10039,2025-03-21 00:00:00,39,MALE,Lucknow,New,0,Tablet,Direct,17.5,3,6,Beauty,Face Wash,541,Yes,1226,Yes,25,Yes,Yes,847,Credit Card,Standard,4.2,3.3
SES505144,CUST10398,2025-10-27 00:00:00,31,MALE,Mumbai,New,0,Mobile,Google,2.6,4,5,Fashion,Sneakers,6835,No,0,Yes,15,Yes,No,0,Credit Card,Express,,
SES500656,CUST10048,2026-02-12 00:00:00,37,FEMALE,Pune,Returning,9,Mobile,Google,10.9,3,3,Electronics,Wireless Earbuds,12771,No,0,No,0,No,No,0,Debit Card,Standard,,
SES500298,CUST11167,2026-02-22 00:00:00,24,MALE,Chennai,New,0,Mobile,Instagram,8.3,7,2,Home & Kitchen,Bedsheet,13730,No,0,Yes,15,Yes,No,0,UPI,Standard,,
SES500304,CUST10051,2025-10-07 00:00:00,35,MALE,Mumbai,Returning,15,Mobile,Instagram,11.2,5,4,Beauty,Moisturizer,3900,No,0,No,0,No,Yes,8217,Credit Card,Standard,3.7,3.7
SES501058,CUST11241,2025-04-09 00:00:00,43,FEMALE,Jaipur,New,0,Desktop,Direct,23.4,7,5,Sports,Running Shoes,4291,Yes,4080,No,0,No,No,0,Wallet,Express,,
SES502406,CUST10695,2026-04-25 00:00:00,18,FEMALE,Delhi,Returning,14,Mobile,YouTube,7.6,6,2,Electronics,Power Bank,29867,Yes,55986,Yes,10,No,Yes,54448,Cash on Delivery,Standard,3,5
SES504798,CUST10663,2026-06-30 00:00:00,39,MALE,Lucknow,Returning,14,Mobile,Google,12,6,6,Beauty,Moisturizer,4935,Yes,7288,No,0,No,No,0,Net Banking,Standard,,
SES500965,CUST10330,2025-11-05 00:00:00,39,MALE,Jaipur,Returning,14,Mobile,Direct,9.4,8,3,Beauty,Moisturizer,2128,Yes,3677,Yes,25,Yes,Yes,3409,Wallet,Standard,3.5,4.3
SES502125,CUST11643,2026-04-23 00:00:00,34,FEMALE,Delhi,New,0,Mobile,Direct,2.8,10,2,Beauty,Moisturizer,1528,Yes,2093,Yes,5,Yes,No,0,Credit Card,Standard,,
SES503249,CUST11538,2025-09-25 00:00:00,18,FEMALE,Jaipur,Returning,8,Desktop,Direct,5.3,6,4,Fashion,Kurta,1388,Yes,2881,No,0,No,Yes,2628,UPI,Express,2.4,3.7
SES503027,CUST10667,2025-08-21 00:00:00,29,MALE,Delhi,New,0,Mobile,Facebook,15.4,6,5,Books,Self Help Book,456,Yes,962,No,0,No,Yes,709,Net Banking,Standard,4.1,4.9
SES505843,CUST11192,2025-05-20 00:00:00,34,MALE,Mumbai,New,0,Mobile,Direct,13.6,7,4,Books,Fiction Book,552,No,0,Yes,15,Yes,No,0,UPI,Standard,,
SES500241,CUST11694,2025-10-30 00:00:00,22,FEMALE,Bangalore,New,0,Mobile,YouTube,5,4,3,Sports,Running Shoes,5470,Yes,11966,Yes,20,Yes,No,0,Credit Card,Express,,
SES501502,CUST12114,2025-10-23 00:00:00,44,MALE,Lucknow,Returning,15,Mobile,Google,5.7,6,4,Beauty,Moisturizer,2865,No,0,Yes,10,No,No,0,UPI,Standard,,
SES504533,CUST10381,2025-05-18 00:00:00,43,FEMALE,Delhi,New,0,Mobile,Facebook,11.1,3,4,Fashion,Jeans,3519,No,0,No,0,No,No,0,UPI,Express,,
SES502331,CUST10483,2026-03-15 00:00:00,21,MALE,Mumbai,Returning,8,Mobile,Direct,9.4,7,2,Electronics,Smart Watch,28047,Yes,55964,No,0,No,Yes,43235,Wallet,Express,3.9,2.7
SES502219,CUST10637,2026-03-05 00:00:00,24,FEMALE,Pune,Returning,7,Mobile,Direct,10.2,6,3,Home & Kitchen,Bedsheet,1714,No,0,Yes,30,Yes,No,0,Cash on Delivery,Standard,,
SES505908,CUST11190,2025-07-23 00:00:00,27,FEMALE,Ahmedabad,Returning,4,Mobile,Instagram,3.2,8,2,Electronics,Bluetooth Speaker,12285,No,0,Yes,10,No,No,0,UPI,Standard,,
SES502273,CUST11916,2026-04-02 00:00:00,28,MALE,Chennai,New,0,Desktop,Facebook,10.4,8,3,Fashion,Jeans,4915,Yes,8796,No,0,No,Yes,8366,Cash on Delivery,Standard,3.2,4.8
SES503993,CUST11326,2026-02-25 00:00:00,18,MALE,Delhi,New,0,Desktop,Direct,14.6,6,5,Electronics,Bluetooth Speaker,2881,No,0,Yes,25,Yes,No,0,Credit Card,Standard,,
SES504407,CUST11709,2025-12-09 00:00:00,41,FEMALE,Delhi,New,0,Mobile,Instagram,0.5,9,2,Beauty,Face Wash,1271,No,0,Yes,10,Yes,No,0,UPI,Standard,,
SES502796,CUST11740,2026-06-10 00:00:00,35,FEMALE,Hyderabad,New,0,Mobile,Instagram,5,4,3,Home & Kitchen,Table Lamp,7307,No,0,No,0,No,No,0,UPI,Standard,,
SES502299,CUST11396,2025-11-12 00:00:00,40,FEMALE,Hyderabad,Returning,4,Mobile,Direct,11.2,2,4,Books,Fiction Book,2205,No,0,Yes,20,Yes,Yes,3144, UPI ,Express,4.7,3.8
SES502408,CUST11694,2025-11-17 00:00:00,32,FEMALE,Delhi,New,1,Mobile,YouTube,9.5,5,4,Beauty,Lipstick,4683,Yes,4539,Yes,15,Yes,No,0,Net Banking,Standard,,
SES503961,CUST11306,2026-04-28 00:00:00,39,FEMALE,Hyderabad,Returning,7,Desktop,Google,7.5,5,4,Beauty,Face Wash,3760,Yes,7114,No,0,No,Yes,3601,Wallet,Standard,3.5,3.7
SES505743,CUST10798,2026-05-08 00:00:00,24,MALE,Chennai,New,0,Mobile,Google,6,3,2,Fashion,Jeans,4696,Yes,6387,Yes,15,No,Yes,7715,Debit Card,Standard,4.1,5
SES501129,CUST11632,2025-10-19 00:00:00,25,MALE,Bangalore,New,0,Mobile,Referral,19.1,14,2,Beauty,Lipstick,2495,Yes,6212,No,0,No,Yes,4999,UPI,Express,3.9,3.9
SES501500,CUST12041,2026-06-12 00:00:00,42,MALE,Mumbai,New,0,Mobile,Direct,18.8,7,5,Home & Kitchen,Cookware Set,9193,Yes,13221,Yes,20,Yes,Yes,7608,Credit Card,Express,2.6,2.8
SES503310,CUST10043,2025-08-04 00:00:00,39,MALE,Lucknow,Returning,8,Tablet,Google,10.2,9,4,Electronics,Power Bank,29311,Yes,70905,No,0,No,Yes,56700,Debit Card,Standard,3,4.4
SES500334,CUST10117,2026-03-12 00:00:00,40,FEMALE,Delhi,New,0,Desktop,Google,6.6,8,3,Books,Biography,1556,Yes,1426,Yes,20,No,Yes,1388,Credit Card,Standard,3.8,4.3
SES505606,CUST10472,2025-10-08 00:00:00,25,MALE,Kolkata,New,1,Mobile,Google,20.9,9,5,Fashion,Jacket,6534,Yes,7868,No,0,No,Yes,8772,Credit Card,Standard,4,3.5
SES504551,CUST10798,2025-07-06 00:00:00,40,MALE,Lucknow,Returning,15,Mobile,Google,9.9,3,3,Fashion,Jacket,816,Yes,1624,Yes,10,Yes,Yes,784,Cash on Delivery,Standard,4.6,4.4
SES503517,CUST11718,2025-04-08 00:00:00,24,MALE,Bangalore,New,0,Tablet,Email,7.8,5,2,Books,Fiction Book,506,Yes,406,No,0,No,No,0,Debit Card,Express,,
SES504733,CUST11080,2025-02-20 00:00:00,20,MALE,Jaipur,New,0,Mobile,Google,2.8,3,6,Books,Business Book,402,Yes,949,Yes,15,No,Yes,828,UPI,Express,3.9,5
SES504902,CUST11119,2025-02-02 00:00:00,26,FEMALE,Hyderabad,New,0,Mobile,YouTube,16.3,2,2,Sports,Dumbbells,5185,No,0,Yes,10,No,No,0,Net Banking,Standard,,
SES504237,CUST11782,2026-05-22 00:00:00,30,FEMALE,Delhi,Returning,5,Mobile,Facebook,9.4,9,7,Sports,Running Shoes,10894,Yes,19441,No,0,No,Yes,22035,Cash on Delivery,Standard,4.3,3.3
SES501917,CUST11121,2025-10-09 00:00:00,34,FEMALE,Kolkata,New,0,Desktop,Google,5.4,5,4,Electronics,Power Bank,10936,Yes,18690,No,0,No,Yes,20003,Debit Card,Same Day,5,4.3
SES504816,CUST10682,2026-03-17 00:00:00,32,MALE,Jaipur,Returning,5,Mobile,Google,19.2,7,4,Beauty,Shampoo,4479,No,0,No,0,No,No,0,UPI,Standard,,
SES501963,CUST11802,2025-12-16 00:00:00,46,FEMALE,Bangalore,Returning,15,Mobile,Google,8,6,2,Home & Kitchen,Coffee Maker,2942,No,0,Yes,20,No,Yes,3162,Wallet,Standard,3.8,3.7
SES501974,CUST10522,2025-05-23 00:00:00,28,MALE,Kolkata,New,0,Mobile,Instagram,7.8,6,4,Electronics,Power Bank,5189,No,0,Yes,5,No,No,0,Debit Card,Express,,
SES500248,CUST10960,2025-10-17 00:00:00,31,MALE,Delhi,New,0,Mobile,Google,11.5,4,7,Home & Kitchen,Bedsheet,6214,Yes,13181,No,0,No,No,0,UPI,Standard,,
SES505913,CUST11615,2026-05-21 00:00:00,18,FEMALE,Mumbai,New,1,Mobile,YouTube,10.2,6,2,Sports,Yoga Mat,10633,No,0,No,0,No,No,0,Wallet,Standard,,
SES503626,CUST10992,2025-12-31 00:00:00,35,UNKNOWN,Mumbai,Returning,4,Desktop,Instagram,20.9,7,3,Fashion,T-Shirt,2584,Yes,5035,No,0,No,Yes,5184,Cash on Delivery,Standard,4.7,3.3
SES505666,CUST11402,2025-11-24 00:00:00,42,MALE,Bangalore,New,0,Mobile,Email,6.4,7,3,Electronics,Bluetooth Speaker,27752,Yes,53368,Yes,20,Yes,Yes,52468,UPI,Standard,4.8,3.9
SES501719,CUST11126,2026-03-02 00:00:00,18,FEMALE,Ahmedabad,New,0,Mobile,Google,15.5,10,6,Fashion,Jacket,5604,No,0,Yes,15,No,No,0,UPI,Standard,,
SES504707,CUST10226,2025-04-27 00:00:00,36,MALE,Chennai,New,0,Mobile,YouTube,6.4,9,1,Fashion,Sneakers,3366,No,0,No,0,No,No,0,Debit Card,Express,,
SES501727,CUST10073,2025-06-26 00:00:00,38,FEMALE,Delhi,Returning,13,Desktop,Google,16.9,9,5,Books,Business Book,2199,Yes,5034,Yes,5,Yes,No,0,Net Banking,Standard,,
SES505542,CUST10990,2025-04-14 00:00:00,42,FEMALE,Pune,New,0,Desktop,Instagram,7.8,7,5,Electronics,Bluetooth Speaker,16357,No,0,Yes,5,Yes,Yes,23530,UPI,Standard,2.9,5
SES505154,CUST10179,2026-03-09 00:00:00,37,FEMALE,Lucknow,Returning,5,Mobile,Google,6.2,5,3,Electronics,Smart Watch,24536,Yes,59055,Yes,20,Yes,Yes,44090,UPI,Standard,4,3.8
SES500970,CUST11572,2025-11-01 00:00:00,41,FEMALE,Hyderabad,New,1,Desktop,Unknown,8.4,10,7,Home & Kitchen,Storage Box,6771,No,0,No,0,No,No,0,UPI,Standard,,
SES503883,CUST11718,2026-03-05 00:00:00,23,MALE,Hyderabad,New,0,Mobile,YouTube,7.8,4,4,Electronics,Wireless Earbuds,32795,Yes,73436,No,0,No,Yes,41820,UPI,Express,4.3,3.9
SES501546,CUST11036,2025-01-24 00:00:00,34,FEMALE,Bangalore,New,0,Mobile,Instagram,5.5,7,3,Electronics,Smart Watch,12281,No,0,No,0,No,No,0,Debit Card,Express,,
SES501455,CUST10903,2025-01-20 00:00:00,34,FEMALE,Pune,Returning,12,Desktop,Google,4.8,5,7,Beauty,Lipstick,3577,Yes,8125,No,0,No,No,0,Credit Card,Standard,,
SES504774,CUST11980,2025-08-20 00:00:00,28,FEMALE,Mumbai,New,0,Desktop,Facebook,10.8,9,5,Sports,Running Shoes,6363,No,0,No,0,No,No,0,UPI,Express,,
SES504029,CUST11803,2025-05-02 00:00:00,41,MALE,Jaipur,Returning,3,Mobile,Instagram,2.4,7,3,Fashion,T-Shirt,5621,Yes,12964,No,0,No,No,0,Wallet,Express,,
SES502848,CUST11520,2026-03-20 00:00:00,26,FEMALE,Delhi,New,0,Mobile,Instagram,5.2,7,9,Fashion,Kurta,606,No,0,No,0,No,No,0,UPI,Express,,
SES500599,CUST10435,2025-04-12 00:00:00,39,MALE,Mumbai,Returning,7,Mobile,YouTube,14.4,3,1,Beauty,Lipstick,2469,Yes,4304,Yes,20,Yes,No,0,Debit Card,Express,,
SES501644,CUST10324,2026-01-13 00:00:00,20,MALE,Bangalore,Returning,10,Tablet,Direct,5.4,8,4,Home & Kitchen,Coffee Maker,7413,No,0,No,0,No,No,0,Cash on Delivery,Standard,,
SES500316,CUST10774,2025-09-29 00:00:00,34,FEMALE,Mumbai,New,0,Tablet,YouTube,7.1,6,3,Electronics,Smart Watch,30378,Yes,71635,No,0,No,Yes,46128,Debit Card,Same Day,3.4,3.9
SES502601,CUST11901,2026-06-24 00:00:00,42,FEMALE,Hyderabad,Returning,15,Mobile,YouTube,7.8,10,4,Electronics,Bluetooth Speaker,26131,Yes,55423,Yes,15,Yes,Yes,28809,Net Banking,Same Day,3.6,4.3
SES501323,CUST11531,2026-02-06 00:00:00,33,FEMALE,Delhi,New,0,Mobile,Facebook,8.1,6,3,Sports,Cricket Bat,5370,No,0,Yes,10,Yes,No,0,UPI,Standard,,
SES500150,CUST12161,2025-09-18 00:00:00,38,MALE,Kolkata,New,0,Mobile,Direct,3.6,7,4,Fashion,Sneakers,582,Yes,772,Yes,25,Yes,Yes,921,Wallet,Standard,3.4,2.9
SES505709,CUST11521,2025-10-19 00:00:00,34,FEMALE,Bangalore,Returning,13,Mobile,Direct,10,3,5,Home & Kitchen,Cookware Set,764,Yes,1268,Yes,25,Yes,Yes,1220,UPI,Standard,4,3.7
SES503502,CUST11256,2025-05-26 00:00:00,37,FEMALE,Kolkata,New,0,Mobile,Google,10.8,5,4,Electronics,Bluetooth Speaker,17430,Yes,36884,Yes,10,Yes,Yes,15918,UPI,Standard,4,3.7
SES500291,CUST11530,2026-03-25 00:00:00,41,MALE,Chennai,New,1,Mobile,Direct,11.2,10,4,Electronics,Headphones,2243,Yes,5500,No,0,No,Yes,2975,Wallet,Standard,4.3,4.7
SES500454,CUST11218,2025-01-19 00:00:00,29,MALE,Bangalore,Returning,15,Mobile,Email,10,7,3,Beauty,Moisturizer,3377,Yes,7492,No,0,No,No,0,UPI,Same Day,,
SES505305,CUST11360,2025-02-16 00:00:00,29,FEMALE,Mumbai,New,0,Mobile,Email,2.1,9,2,Electronics,Bluetooth Speaker,15460,Yes,37422,Yes,10,No,No,0,UPI,Standard,,
SES501028,CUST11846,2025-01-11 00:00:00,59,MALE,Delhi,Returning,11,Tablet,Google,12.2,10,7,Fashion,Kurta,1474,No,0,Yes,15,No,No,0,Debit Card,Express,,
SES505638,CUST10365,2025-06-06 00:00:00,24,MALE,Kolkata,New,0,Mobile,Instagram,25.6,8,4,Electronics,Power Bank,32606,Yes,77396,Yes,5,No,Yes,50121,UPI,Standard,3.4,3.1
SES505671,CUST11095,2025-02-01 00:00:00,22,FEMALE,Chennai,Returning,7,Mobile,Instagram,2.6,13,3,Home & Kitchen,Storage Box,9479,No,0,Yes,5,Yes,No,0,UPI,Standard,,
SES501452,CUST11983,2025-04-30 00:00:00,42,MALE,Pune,New,0,Mobile,YouTube,13.7,6,6,Books,Academic Book,2282,Yes,3753,No,0,No,Yes,4637,Debit Card,Standard,4.4,5
SES502692,CUST11947,2025-03-01 00:00:00,39,MALE,Bangalore,New,0,Mobile,Facebook,11.2,5,2,Fashion,Jeans,3265,No,0,No,0,No,No,0,UPI,Express,,
SES502474,CUST12097,2025-01-27 00:00:00,25,MALE,Pune,Returning,4,Mobile,Google,2.9,11,6,Fashion,Kurta,2295,Yes,5715,Yes,15,No,Yes,1968,UPI,Express,3.5,4.1
SES503837,CUST10308,2026-05-09 00:00:00,38,MALE,Pune,Returning,3,Tablet,Instagram,10.2,8,3,Books,Biography,729,Yes,588,Yes,5,Yes,Yes,589,Debit Card,Standard,2.9,4.5
SES503996,CUST12118,2026-05-01 00:00:00,32,MALE,Jaipur,Returning,14,Mobile,Instagram,11.9,6,7,Beauty,Shampoo,2716,Yes,2888,No,0,No,Yes,3415,Credit Card,Same Day,4.3,4.5
SES505242,CUST10609,2025-03-24 00:00:00,18,FEMALE,Kolkata,New,1,Tablet,Google,12.8,6,3,Beauty,Face Wash,4112,Yes,7097,No,0,No,Yes,6598,UPI,Express,3,3.3
SES503692,CUST11053,2026-02-12 00:00:00,31,FEMALE,Mumbai,Returning,6,Mobile,YouTube,6.2,9,3,Fashion,T-Shirt,1124,No,0,Yes,15,No,No,0,UPI,Standard,,
SES504308,CUST11631,2026-01-16 00:00:00,27,MALE,Hyderabad,New,1,Mobile,Direct,6.6,11,3,Electronics,Headphones,5171,Yes,9767,No,0,No,No,0,Cash on Delivery,Same Day,,
SES501220,CUST10454,2025-02-02 00:00:00,25,MALE,Delhi,Returning,2,Desktop,YouTube,6.6,5,4,Fashion,Kurta,3065,No,0,Yes,15,Yes,No,0,Cash on Delivery,Express,,
SES503533,CUST11956,2026-02-28 00:00:00,39,MALE,Delhi,New,0,Desktop,Direct,8,5,2,Beauty,Perfume,3295,No,0,No,0,No,No,0,Debit Card,Standard,,
SES504537,CUST11099,2025-01-12 00:00:00,35,MALE,Jaipur,New,1,Mobile,Instagram,3,8,4,Books,Self Help Book,806,Yes,1111,Yes,15,No,No,0,Credit Card,Standard,,
SES505690,CUST11217,2026-04-17 00:00:00,22,FEMALE,Jaipur,New,0,Mobile,Direct,2,14,5,Sports,Football,5579,No,0,Yes,15,No,No,0,Cash on Delivery,Standard,,
SES503275,CUST11178,2026-03-28 00:00:00,52,MALE,Bangalore,New,0,Mobile,YouTube,2.3,3,5,Fashion,Jeans,5805,Yes,13308,Yes,20,Yes,No,0,Cash on Delivery,Express,,
SES504487,CUST11500,2026-06-22 00:00:00,33,MALE,Ahmedabad,New,0,Mobile,Facebook,1.4,4,3,Electronics,Power Bank,15489,No,0,Yes,5,Yes,No,0,Debit Card,Standard,,
SES502672,CUST11511,2026-04-07 00:00:00,40,FEMALE,Delhi,New,0,Mobile,Direct,8.4,6,6,Electronics,Smart Watch,24411,No,0,No,0,No,No,0,Credit Card,Same Day,,
SES505667,CUST12143,2025-09-10 00:00:00,43,MALE,Ahmedabad,Returning,11,Mobile,Google,15.5,10,3,Electronics,Bluetooth Speaker,21859,Yes,31350,Yes,20,No,Yes,35162,Credit Card,Standard,3.1,3.9
SES501744,CUST11495,2025-07-14 00:00:00,18,MALE,Bangalore,Returning,3,Mobile,Referral,13.5,5,2,Sports,Dumbbells,10571,No,0,Yes,15,Yes,No,0,UPI,Standard,,
SES504031,CUST12156,2025-12-28 00:00:00,49,MALE,Jaipur,New,0,Mobile,Google,9.7,7,4,Home & Kitchen,Storage Box,8262,No,0,Yes,10,No,Yes,9197,UPI,Standard,4.2,3.2
SES505108,CUST10826,2025-08-01 00:00:00,25,MALE,Bangalore,New,0,Mobile,Email,17.2,6,8,Beauty,Moisturizer,2410,Yes,2087,No,0,No,Yes,2999,UPI,Express,4.7,3.9
SES502927,CUST10489,2026-03-24 00:00:00,18,FEMALE,Lucknow,New,0,Mobile,Instagram,14.3,13,5,Home & Kitchen,Table Lamp,12785,Yes,16868,Yes,25,Yes,Yes,22811,Cash on Delivery,Standard,4,4.8
SES504948,CUST10217,2025-01-04 00:00:00,35,MALE,Mumbai,Returning,2,Mobile,Direct,3.2,7,4,Home & Kitchen,Storage Box,7148,Yes,9410,No,0,No,Yes,15218,Cash on Delivery,Standard,4.5,3.8
SES501609,CUST10711,2026-02-10 00:00:00,42,MALE,Bangalore,New,0,Mobile,Instagram,21.3,8,4,Fashion,T-Shirt,2862,No,0,Yes,5,No,No,0,Wallet,Standard,,
SES500350,CUST11471,2025-07-06 00:00:00,28,MALE,Mumbai,New,0,Desktop,Instagram,18.5,9,5,Sports,Dumbbells,1276,Yes,1646,Yes,25,Yes,No,0,Debit Card,Standard,,
SES505636,CUST11492,2026-03-19 00:00:00,30,MALE,Ahmedabad,New,0,Mobile,Instagram,12.5,3,8,Books,Academic Book,365,No,0,No,0,No,Yes,575,Credit Card,Standard,3.5,5
SES504300,CUST10916,2025-06-16 00:00:00,27,MALE,Mumbai,New,0,Mobile,Instagram,21.4,8,5,Sports,Running Shoes,2626,Yes,4899,No,0,No,Yes,5045,Credit Card,Standard,3.9,3.7
SES505396,CUST10866,2025-12-02 00:00:00,51,FEMALE,Hyderabad,New,0,Desktop,Google,12.4,4,3,Electronics,Headphones,12690,Yes,24660,Yes,15,Yes,Yes,23344,Debit Card,Express,5,3.5
SES500382,CUST11569,2025-04-08 00:00:00,22,FEMALE,Delhi,New,0,Mobile,Facebook,4.6,4,6,Fashion,Sneakers,1251,No,0,Yes,5,No,No,0,UPI,Standard,,
SES502481,CUST10892,2026-06-03 00:00:00,23,MALE,Mumbai,New,0,Mobile,Direct,7,9,3,Electronics,Smart Watch,18970,Yes,25090,Yes,20,Yes,Yes,15825,UPI,Standard,3,2.8
SES501860,CUST11576,2025-04-21 00:00:00,23,MALE,Jaipur,Returning,4,Mobile,Email,5.6,6,4,Fashion,T-Shirt,5170,Yes,8057,No,0,No,Yes,5801,Net Banking,Express,4.2,5
SES503671,CUST11750,2026-03-22 00:00:00,21,MALE,Ahmedabad,Returning,9,Mobile,Email,9.2,9,6,Books,Fiction Book,2035,No,0,Yes,15,No,No,0,UPI,Express,,
SES500423,CUST10397,2026-06-04 00:00:00,30,FEMALE,Chennai,New,0,Mobile,Direct,9.5,9,2,Home & Kitchen,Coffee Maker,10222,Yes,18654,No,0,No,No,0,upi,Standard,,
SES501434,CUST11325,2026-03-02 00:00:00,28,MALE,Bangalore,New,0,Mobile,Google,4.6,8,4,Beauty,Lipstick,4479,No,0,Yes,5,No,No,0,UPI,Standard,,
SES505753,CUST10419,2025-09-19 00:00:00,40,MALE,Bangalore,New,0,Mobile,Google,5.1,6,3,Home & Kitchen,Cookware Set,2943,No,0,No,0,Unknown,No,0,UPI,Standard,,
SES502274,CUST10688,2025-04-13 00:00:00,23,FEMALE,Bangalore,Returning,6,Mobile,Direct,7.8,13,9,Home & Kitchen,Coffee Maker,504,No,0,Yes,20,Yes,No,0,UPI,Standard,,
SES504263,CUST10970,2025-10-25 00:00:00,23,MALE,Mumbai,New,1,Mobile,Instagram,17.2,9,2,Home & Kitchen,Coffee Maker,9367,Yes,14904,Yes,5,Yes,Yes,8241,UPI,Standard,3.6,2.9
SES502019,CUST11054,2025-05-06 00:00:00,41,MALE,Ahmedabad,New,0,Mobile,Instagram,3.4,10,2,Beauty,Lipstick,3859,No,0,Yes,15,Yes,Yes,4730,Credit Card,Standard,4,3.5
SES500125,CUST11497,2025-05-06 00:00:00,22,FEMALE,Kolkata,New,0,Desktop,Google,6.1,6,4,Beauty,Shampoo,4610,No,0,Yes,20,Yes,No,0,CREDIT CARD,Standard,,
SES500103,CUST10864,2026-04-24 00:00:00,28,MALE,Mumbai,New,0,Mobile,Google,13.3,6,4,Books,Biography,1100,Yes,1379,Yes,10,No,No,0,Credit Card,Standard,,
SES503436,CUST10499,2025-11-24 00:00:00,41,MALE,Mumbai,New,0,Mobile,Facebook,13.5,8,3,Books,Academic Book,719,No,0,No,0,No,No,0,Debit Card,Standard,,
SES505018,CUST10415,2025-02-19 00:00:00,48,MALE,Delhi,New,0,Mobile,Google,5.9,9,2,Electronics,Smart Watch,12836,No,0,Yes,15,No,No,0,UPI,Standard,,
SES501449,CUST10035,2025-01-21 00:00:00,28,FEMALE,Ahmedabad,New,1,Desktop,Direct,4.9,6,4,Sports,Football,2309,Yes,4409,No,0,No,No,0,credit card,Standard,,
SES502914,CUST11552,2025-09-24 00:00:00,39,MALE,Ahmedabad,New,0,Tablet,Direct,5.6,9,1,Fashion,T-Shirt,6910,No,0,Yes,15,Yes,No,0,Cash on Delivery,Standard,,
SES500487,CUST10190,2026-05-24 00:00:00,47,MALE,Bangalore,Returning,11,Tablet,Google,7.9,10,4,Electronics,Bluetooth Speaker,29825,No,0,No,0,No,No,0,UPI,Standard,,
SES505780,CUST11279,2025-01-14 00:00:00,49,MALE,Delhi,New,0,Mobile,Referral,9.3,10,6,Home & Kitchen,Bedsheet,2755,Yes,6550,No,0,No,No,0,Debit Card,Standard,,
SES502276,CUST11782,2025-06-18 00:00:00,41,MALE,Ahmedabad,Returning,12,Mobile,Facebook,14.5,9,6,Books,Biography,1634,No,0,No,0,No,No,0,UPI,Standard,,
SES502255,CUST10008,2025-05-23 00:00:00,28,MALE,Kolkata,New,0,Mobile,Facebook,12,7,6,Sports,Dumbbells,6356,No,0,Yes,5,Yes,Yes,8618,Wallet,Standard,4.2,3.7
SES500136,CUST10318,2025-11-21 00:00:00,30,FEMALE,Chennai,New,0,Mobile,Facebook,2.9,5,5,Sports,Yoga Mat,1340,No,0,No,0,No,No,0,Debit Card,Express,,
SES502719,CUST10126,2026-03-13 00:00:00,18,MALE,Hyderabad,New,1,Desktop,Direct,3.9,8,3,Fashion,T-Shirt,2476,No,0,No,0,No,No,0,Cash on Delivery,Standard,,
SES505854,CUST11768,2026-03-29 00:00:00,25,MALE,Hyderabad,New,0,Mobile,Google,16,10,2,Fashion,Kurta,1381,Yes,1912,Yes,5,Yes,No,0,UPI,Standard,,
SES503574,CUST10156,2026-03-21 00:00:00,36,MALE,Mumbai,New,0,Mobile,Google,13.5,9,2,Home & Kitchen,Table Lamp,13396,No,0,No,0,No,No,0,UPI,Same Day,,
SES502094,CUST11652,2025-09-22 00:00:00,40,FEMALE,Kolkata,New,1,Desktop,Direct,5.8,9,2,Books,Fiction Book,598,Yes,1393,No,0,No,No,0,Credit Card,Standard,,
SES503216,CUST10019,2025-11-26 00:00:00,34,MALE,Delhi,New,0,Tablet,Email,5.6,7,4,Fashion,Kurta,1123,Yes,2784,Yes,15,Yes,Yes,1960,Wallet,Standard,3.9,4.4
SES500756,CUST10320,2026-06-01 00:00:00,22,FEMALE,Delhi,New,0,Mobile,Referral,7,9,2,Electronics,Power Bank,28098,No,0,No,0,No,No,0,UPI,Standard,,
SES503054,CUST11425,2025-11-23 00:00:00,26,MALE,Mumbai,New,1,Desktop,Direct,5,10,2,Sports,Dumbbells,7860,No,0,Yes,20,Yes,Yes,8733,Cash on Delivery,Express,3.9,4.5
SES501177,CUST10825,2026-05-13 00:00:00,36,MALE,Jaipur,New,0,Mobile,Email,5.4,8,2,Beauty,Perfume,4157,No,0,No,0,No,No,0,Credit Card,Standard,,
SES503090,CUST10863,2025-03-10 00:00:00,27,MALE,Pune,Returning,9,Mobile,Google,5.2,7,5,Fashion,Kurta,3878,No,0,Yes,25,Yes,No,0,UPI,Standard,,
SES505364,CUST12141,2026-05-21 00:00:00,31,FEMALE,Chennai,New,1,Mobile,Google,11.5,7,4,Fashion,Sneakers,4701,Yes,9431,No,0,No,Yes,5124,cash on delivery,Standard,3.1,3.4
SES502345,CUST11839,2025-12-29 00:00:00,29,FEMALE,Bangalore,New,0,Mobile,Referral,3.5,7,5,Books,Biography,2455,Yes,3711,No,0,No,Yes,3157,Net Banking,Standard,2.7,4
SES505785,CUST10960,2025-05-04 00:00:00,19,MALE,Bangalore,New,0,Mobile,Email,11.8,6,4,Electronics,Power Bank,3639,No,0,Yes,15,Yes,No,0,Cash on Delivery,Express,,
SES503762,CUST11290,2025-02-24 00:00:00,18,FEMALE,Hyderabad,New,0,Mobile,Facebook,7.7,7,8,Home & Kitchen,Table Lamp,13397,Yes,30150,No,0,No,Yes,22779,UPI,Standard,5,3.6
SES503708,CUST11535,2025-06-30 00:00:00,36,FEMALE,Pune,Returning,15,Mobile,Referral,23.6,4,3,Electronics,Wireless Earbuds,6809,Yes,13422,No,0,No,No,0,Cash on Delivery,Same Day,,
SES504904,CUST11032,2026-02-15 00:00:00,41,MALE,Hyderabad,Returning,9,Desktop,Direct,2.8,9,2,Beauty,Shampoo,1026,Yes,1990,Yes,5,Yes,Yes,1014,Wallet,Same Day,3.7,4.2
SES503384,CUST10925,2025-07-26 00:00:00,23,MALE,Kolkata,New,0,Tablet,Instagram,5,5,6,Fashion,Jacket,3968,No,0,No,0,No,No,0,Credit Card,Standard,,
SES501200,CUST11641,2026-02-25 00:00:00,24,FEMALE,Delhi,New,0,Desktop,Direct,2.9,9,2,Electronics,Headphones,13179,Yes,15334,Yes,25,No,No,0,UPI,Standard,,
SES505355,CUST10443,2025-10-03 00:00:00,19,MALE,Mumbai,New,0,Mobile,Instagram,23.5,9,3,Home & Kitchen,Cookware Set,12727,No,0,No,0,No,No,0,Credit Card,Standard,,
SES504841,CUST10771,2025-09-22 00:00:00,30,MALE,Unknown,New,0,Mobile,Email,7.1,4,8,Beauty,Moisturizer,1311,Yes,1859,No,0,No,No,0,Debit Card,Standard,,
SES500145,CUST11521,2026-06-06 00:00:00,50,MALE,Delhi,New,0,Mobile,Instagram,9.5,6,2,Books,Academic Book,1037,No,0,No,0,No,No,0,UPI,Express,,
SES500381,CUST11932,2025-08-02 00:00:00,25,FEMALE,Bangalore,New,0,Mobile,YouTube,9.3,9,7,Electronics,Power Bank,20483,No,0,No,0,No,No,0,UPI,Same Day,,
SES504459,CUST10608,2025-11-05 00:00:00,22,FEMALE,Jaipur,Returning,11,Mobile,Referral,3.2,9,3,Fashion,Jacket,3520,No,0,No,0,No,No,0,UPI,Standard,,
SES503103,CUST10384,2025-05-25 00:00:00,18,FEMALE,Kolkata,New,1,Mobile,Instagram,9.1,4,5,Electronics,Smart Watch,11213,No,0,No,0,No,No,0,Net Banking,Express,,
SES503383,CUST11008,2025-08-10 00:00:00,41,FEMALE,Mumbai,New,1,Desktop,Direct,3.4,7,6,Fashion,Jeans,4809,No,0,Yes,25,No,No,0,Wallet,Express,,
SES500122,CUST11664,2026-05-07 00:00:00,24,FEMALE,Bangalore,New,0,Desktop,Email,9.3,9,6,Books,Biography,1674,Yes,3781,Yes,10,Yes,No,0,UPI,Standard,,
SES501721,CUST11006,2026-04-16 00:00:00,23,MALE,Bangalore,New,0,Mobile,Instagram,5,5,6,Sports,Yoga Mat,2618,No,0,No,0,No,No,0,UPI,Standard,,
SES500612,CUST10542,2025-07-02 00:00:00,43,MALE,Mumbai,New,0,Mobile,Referral,3.2,7,3,Fashion,Jeans,5852,No,0,No,0,No,No,0,Debit Card,Standard,,
SES503579,CUST11815,2025-07-17 00:00:00,28,FEMALE,Bangalore,New,0,Mobile,Google,13.4,9,5,Books,Fiction Book,2300,Yes,4248,No,0,No,No,0,Debit Card,Standard,,
SES505372,CUST10472,2025-10-30 00:00:00,18,FEMALE,Jaipur,New,0,Mobile,Direct,4.8,4,6,Electronics,Power Bank,27795,No,0,No,0,No,No,0,Debit Card,Express,,
SES500419,CUST10596,2025-11-25 00:00:00,26,FEMALE,Mumbai,Returning,5,Tablet,Referral,5.6,5,5,Home & Kitchen,Bedsheet,2085,No,0,No,0,No,Yes,4544,UPI,Same Day,3.4,5
SES502820,CUST10198,2025-03-09 00:00:00,24,FEMALE,Mumbai,New,0,Mobile,YouTube,7.1,6,6,Fashion,T-Shirt,5318,No,0,No,0,No,No,0,UPI,Express,,
SES504047,CUST11588,2025-11-14 00:00:00,29,MALE,Chennai,Returning,15,Mobile,YouTube,14.6,11,5,Beauty,Moisturizer,1202,Yes,2492,No,0,No,Yes,1709,Credit Card,Standard,3.9,5
SES502487,CUST10318,2025-03-03 00:00:00,31,MALE,Hyderabad,New,0,Mobile,Email,6.8,12,8,Beauty,Perfume,3144,No,0,Yes,15,Yes,No,0,Net Banking,Standard,,
SES505291,CUST10666,2026-04-08 00:00:00,35,MALE,Pune,New,0,Mobile,Google,8.7,8,5,Electronics,Bluetooth Speaker,31574,Yes,37346,Yes,15,Yes,Yes,29988,Debit Card,Standard,5,3.5
SES501075,CUST10012,2025-12-24 00:00:00,33,FEMALE,Jaipur,New,1,Mobile,Google,9.9,9,4,Fashion,Jeans,1162,No,0,No,0,No,No,0,Credit Card,Standard,,
SES501047,CUST11786,2025-12-09 00:00:00,51,FEMALE,Delhi,Returning,8,Mobile,Instagram,6.1,6,3,Fashion,Sneakers,4082,Yes,9905,No,0,No,Yes,7727,Debit Card,Standard,4.4,2.7
SES502167,CUST10841,2025-02-05 00:00:00,27,FEMALE,Pune,Returning,5,Mobile,Instagram,3,6,4,Home & Kitchen,Storage Box,13565,Yes,16163,No,0,No,No,0,Credit Card,Express,,
SES501329,CUST10792,2026-03-09 00:00:00,18,MALE,Delhi,New,0,Mobile,Direct,11.1,5,2,Home & Kitchen,Storage Box,6177,No,0,Yes,15,No,No,0,Credit Card,Standard,,
SES503882,CUST11849,2025-02-13 00:00:00,39,MALE,Ahmedabad,Returning,4,Mobile,Google,5.2,9,4,Electronics,Wireless Earbuds,32043,No,0,Yes,20,Yes,No,0,UPI,Standard,,
SES500249,CUST11505,2026-04-18 00:00:00,35,FEMALE,Delhi,Returning,13,Desktop,Direct,3.9,6,4,Books,Fiction Book,1014,No,0,Yes,10,Yes,No,0,Credit Card,Standard,,
SES501085,CUST11292,2025-11-18 00:00:00,23,MALE,Delhi,New,0,Desktop,Instagram,4.3,8,2,Fashion,T-Shirt,5285,No,0,Yes,25,No,No,0,Debit Card,Standard,,
SES504075,CUST10163,2026-01-17 00:00:00,31,MALE,Bangalore,New,0,Desktop,Direct,7.6,10,4,Sports,Football,11151,Yes,10084,No,0,No,Yes,13297,UPI,Standard,4.6,3.2
SES505511,CUST12064,2026-02-24 00:00:00,38,FEMALE,Ahmedabad,New,0,Mobile,Referral,16.2,6,5,Fashion,Jacket,4690,No,0,No,0,No,No,0,upi,Standard,,
SES500448,CUST10954,2025-06-04 00:00:00,22,FEMALE,Pune,New,0,Mobile,Google,13.9,1,6,Fashion,Sneakers,1225,No,0,Yes,5,Yes,Yes,1367,Credit Card,Standard,5,4.1
SES502230,CUST10532,2025-03-21 00:00:00,34,MALE,Hyderabad,New,1,Mobile,Instagram,4.9,7,3,Books,Biography,1842,Yes,1690,No,0,No,No,0,Debit Card,Standard,,
SES505032,CUST11512,2025-12-07 00:00:00,25,FEMALE,Delhi,New,1,Mobile,Google,7.6,9,6,Electronics,Power Bank,5257,No,0,No,0,No,No,0,UPI,Standard,,
SES505967,CUST10230,2026-05-27 00:00:00,28,FEMALE,Delhi,Returning,3,Mobile,Email,13,7,9,Fashion,Kurta,5324,Yes,7128,No,0,No,Yes,9111,CREDIT CARD,Standard,5,5
SES505423,CUST10086,2026-04-01 00:00:00,33,MALE,Lucknow,New,0,Desktop,Email,11.8,5,4,Beauty,Shampoo,4700,Yes,9590,No,0,No,No,0,UPI,Standard,,
SES500890,CUST10876,2025-06-30 00:00:00,39,MALE,Kolkata,Returning,9,Desktop,YouTube,15.7,8,5,Fashion,Kurta,5969,Yes,13926,No,0,No,No,0,UPI,Standard,,
SES505194,CUST10185,2026-01-12 00:00:00,53,MALE,Kolkata,New,0,Desktop,Facebook,9.2,10,7,Home & Kitchen,Coffee Maker,9343,Yes,22209,Yes,15,Yes,Yes,14228,Net Banking,Standard,4.4,3.8
SES504675,CUST10954,2025-11-29 00:00:00,32,MALE,Delhi,New,0,Desktop,Email,7.9,4,4,Beauty,Face Wash,2181,Yes,4549,Yes,5,Yes,No,0,Debit Card,Standard,,
SES504106,CUST11636,2026-06-05 00:00:00,31,MALE,Lucknow,New,0,Mobile,Google,18.4,9,5,Beauty,Shampoo,1257,Yes,2141,Yes,20,Yes,Yes,1087,Net Banking,Standard,4.1,4
SES502100,CUST11142,2026-03-27 00:00:00,25,FEMALE,Chennai,New,0,Mobile,Google,16.6,8,5,Home & Kitchen,Storage Box,10182,Yes,9781,Yes,10,Yes,Yes,18184,UPI,Express,4,4.2
SES503143,CUST10104,2025-06-15 00:00:00,43,MALE,Kolkata,New,0,Mobile,Instagram,7.6,9,5,Home & Kitchen,Bedsheet,8693,No,0,No,0,No,No,0,UPI,Express,,
SES502618,CUST12173,2026-05-15 00:00:00,34,FEMALE,Bangalore,Returning,11,Mobile,Instagram,8.2,10,3,Sports,Yoga Mat,10745,Yes,13236,Yes,15,Yes,Yes,10461,UPI,Standard,4.4,4.3
SES503399,CUST10061,2025-01-01 00:00:00,23,MALE,Delhi,Returning,2,Desktop,Google,2.8,7,1,Fashion,T-Shirt,6975,Yes,15201,No,0,No,Yes,12409,Debit Card,Standard,5,4.5
SES503076,CUST10615,2025-08-20 00:00:00,22,FEMALE,Kolkata,New,0,Desktop,Google,6.3,6,2,Electronics,Bluetooth Speaker,15780,Yes,38057,Yes,15,Yes,No,0,Credit Card,Standard,,
SES504293,CUST11939,2025-07-20 00:00:00,32,MALE,Jaipur,Returning,6,Mobile,Instagram,8.9,7,4,Fashion,Kurta,4612,Yes,8927,Yes,15,Yes,Yes,4518,Credit Card,Express,2.9,3.7
SES500415,CUST10873,2025-07-16 00:00:00,32,MALE,Delhi,Returning,11,Desktop,YouTube,7.4,11,4,Electronics,Power Bank,20215,No,0,No,0,No,No,0,UPI,Express,,
SES500753,CUST12049,2025-05-01 00:00:00,48,MALE,Hyderabad,New,0,Mobile,Google,6.6,5,2,Home & Kitchen,Storage Box,11937,Yes,23190,Yes,20,Yes,Yes,21990,UPI,Standard,4,3.4
SES505085,CUST12154,2025-02-26 00:00:00,35,MALE,Mumbai,New,0,Mobile,Instagram,6.8,5,2,Fashion,Sneakers,6402,No,0,No,0,No,No,0,Cash on Delivery,Standard,,
SES501757,CUST11932,2025-05-20 00:00:00,28,FEMALE,Delhi,New,0,Mobile,Google,5.9,10,9,Fashion,Jacket,2784,No,0,Yes,25,Yes,No,0,Debit Card,Standard,,
SES500655,CUST10107,2026-05-03 00:00:00,20,FEMALE,Bangalore,Returning,2,Mobile,Google,7.9,7,4,Fashion,T-Shirt,6882,Yes,16792,No,0,No,Yes,15081,Credit Card,Standard,5,3.5
SES504769,CUST10563,2025-12-26 00:00:00,34,MALE,Ahmedabad,Returning,5,Mobile,Instagram,19.1,6,5,Fashion,Jacket,6601,No,0,Yes,5,Yes,No,0,Credit Card,Standard,,
SES503905,CUST11592,2025-11-29 00:00:00,30,MALE,Delhi,New,0,Mobile,Google,6.6,5,2,Sports,Running Shoes,11293,No,0,No,0,No,No,0,Debit Card,Standard,,
SES502084,CUST10868,2025-03-06 00:00:00,18,FEMALE,Hyderabad,New,0,Mobile,Referral,4.3,9,4,Books,Biography,2363,No,0,No,0,No,No,0,UPI,Standard,,
SES503412,CUST11237,2025-02-12 00:00:00,30,MALE,Jaipur,New,0,Mobile,Facebook,2.2,4,2,Fashion,T-Shirt,3376,No,0,Yes,15,No,No,0,Cash on Delivery,Express,,
SES502834,CUST10793,2026-04-30 00:00:00,32,FEMALE,Bangalore,New,0,Mobile,Instagram,32.7,4,5,Fashion,Jacket,4445,No,0,No,0,No,No,0,Credit Card,Express,,
SES501818,CUST11134,2025-02-19 00:00:00,33,MALE,Mumbai,Returning,3,Mobile,Facebook,12.3,9,5,Fashion,Kurta,6531,No,0,Yes,25,No,No,0,Debit Card,Standard,,
SES503251,CUST10022,2026-02-10 00:00:00,31,MALE,Bangalore,Returning,14,Mobile,Google,4.7,4,6,Fashion,Jacket,1615,Yes,3460,No,0,No,No,0,Net Banking,Standard,,
SES504267,CUST10195,2025-10-04 00:00:00,33,MALE,Chennai,Returning,8,Mobile,Facebook,8.1,6,1,Fashion,Jacket,1922,No,0,No,0,No,Yes,1968,UPI,Standard,3.2,4.2
SES500590,CUST11078,2025-06-27 00:00:00,36,MALE,Pune,New,0,Mobile,Direct,4.5,4,5,Fashion,Kurta,1683,No,0,Yes,10,No,No,0,Credit Card,Same Day,,
SES503133,CUST11584,2025-11-03 00:00:00,38,MALE,Chennai,Returning,9,Desktop,Google,6.3,5,6,Electronics,Headphones,19872,Yes,47026,Yes,25,No,Yes,34219,Net Banking,Standard,4.4,3.1
SES501173,CUST11334,2025-03-07 00:00:00,25,MALE,Ahmedabad,New,0,Mobile,Direct,15,6,5,Electronics,Wireless Earbuds,25029,No,0,Yes,15,Yes,No,0,UPI,Standard,,
SES501836,CUST10043,2025-04-30 00:00:00,18,MALE,Bangalore,New,0,Desktop,Direct,8,4,3,Books,Self Help Book,694,Yes,1143,No,0,No,Yes,1049,Wallet,Same Day,4.5,3.8
SES505791,CUST10088,2025-03-20 00:00:00,35,MALE,Delhi,Returning,14,Mobile,Google,5.6,4,2,Electronics,Wireless Earbuds,23368,No,0,No,0,No,No,0,Cash on Delivery,Same Day,,
SES501567,CUST11015,2025-03-22 00:00:00,32,MALE,Pune,New,0,Mobile,Facebook,16.8,11,2,Fashion,T-Shirt,6418,Yes,13434,No,0,No,Yes,9925,Net Banking,Standard,4.8,2.6
SES503102,CUST11539,2025-01-31 00:00:00,23,MALE,Mumbai,Returning,13,Desktop,Instagram,12.6,5,2,Beauty,Shampoo,1955,No,0,No,0,No,No,0,Cash on Delivery,Express,,
SES505656,CUST11054,2026-01-26 00:00:00,44,MALE,Chennai,New,0,Desktop,Facebook,4.3,7,5,Books,Fiction Book,2291,No,0,Yes,20,Yes,No,0,Cash on Delivery,Express,,
SES502860,CUST10649,2025-12-11 00:00:00,25,MALE,Chennai,New,1,Desktop,Instagram,10,11,5,Sports,Yoga Mat,6808,Yes,9613,No,0,No,Yes,7884,UPI,Standard,3.9,3.6
SES500702,CUST11170,2026-05-11 00:00:00,28,MALE,Chennai,New,0,Mobile,Direct,4.3,11,4,Electronics,Headphones,27939,No,0,No,0,No,No,0,UPI,Standard,,
SES503576,CUST11610,2025-08-05 00:00:00,20,MALE,Lucknow,Returning,4,Mobile,Instagram,1.6,6,4,Sports,Cricket Bat,8566,No,0,Yes,10,Yes,No,0,Credit Card,Express,,
SES502150,CUST10548,2025-07-25 00:00:00,21,MALE,Kolkata,New,0,Mobile,Email,8.6,5,2,Electronics,Headphones,20231,No,0,Yes,15,Yes,No,0,Credit Card,Standard,,
SES503197,CUST10313,2025-04-14 00:00:00,33,FEMALE,Hyderabad,New,0,Mobile,Direct,3.6,6,4,Fashion,Kurta,1973,Yes,3887,No,0,No,No,0,UPI,Express,,
SES502964,CUST12063,2025-02-12 00:00:00,23,FEMALE,Bangalore,New,0,Tablet,Direct,10.5,5,5,Electronics,Bluetooth Speaker,31854,Yes,79199,No,0,No,Yes,45044,Credit Card,Same Day,4.4,3.8
SES503291,CUST10083,2026-02-09 00:00:00,44,MALE,Bangalore,Returning,9,Mobile,Facebook,6.3,9,2,Electronics,Wireless Earbuds,2070,Yes,3744,No,0,No,Yes,2930,UPI,Standard,3.9,4.5
SES500209,CUST11697,2025-10-10 00:00:00,38,MALE,Hyderabad,Returning,6,Mobile,Instagram,17.8,6,2,Fashion,Jeans,5469,No,0,No,0,No,No,0,Cash on Delivery,Standard,,
SES502119,CUST10500,2026-04-16 00:00:00,30,MALE,Pune,New,0,Mobile,Referral,21.8,7,4,Books,Self Help Book,1302,Yes,2913,Yes,20,Yes,Yes,2414,UPI,Standard,4,3.5
SES504444,CUST10083,2025-03-18 00:00:00,29,FEMALE,Mumbai,Returning,13,Desktop,Facebook,6.8,9,2,Home & Kitchen,Bedsheet,11641,Yes,11360,No,0,No,Yes,15407,UPI,Standard,3.8,4.1
SES500426,CUST10396,2025-11-13 00:00:00,36,FEMALE,Kolkata,New,0,Desktop,Instagram,11.8,2,5,Home & Kitchen,Table Lamp,4269,Yes,9308,No,0,No,Yes,4504,UPI,Standard,3,4.4
SES504585,CUST10502,2026-02-26 00:00:00,18,MALE,Lucknow,New,0,Mobile,Direct,12.8,6,4,Electronics,Smart Watch,30153,Yes,31969,No,0,No,Yes,62267,UPI,Standard,3.5,4.4
SES504402,CUST10332,2025-08-13 00:00:00,35,FEMALE,Pune,New,0,Desktop,Direct,6.1,7,3,Beauty,Face Wash,804,No,0,Yes,30,Yes,No,0,Credit Card,Express,,
SES505680,CUST10025,2025-06-28 00:00:00,45,MALE,Mumbai,New,0,Mobile,Google,8,6,3,Books,Business Book,1322,No,0,Yes,15,Yes,Yes,1715,Credit Card,Standard,4.2,4.7
SES504092,CUST11472,2026-06-19 00:00:00,35,MALE,Jaipur,Returning,2,Mobile,Google,8.2,7,4,Electronics,Headphones,14203,Yes,32953,Yes,5,No,No,0,Debit Card,Standard,,
SES505301,CUST10487,2026-06-22 00:00:00,40,MALE,Chennai,Returning,15,Mobile,Referral,15.7,5,3,Fashion,T-Shirt,4154,Yes,5256,Yes,15,Yes,Yes,4958,Credit Card,Express,4.8,4.4
SES500111,CUST11060,2025-04-30 00:00:00,32,FEMALE,Bangalore,Returning,10,Mobile,Referral,6.1,8,3,Beauty,Face Wash,1155,Yes,1932,Yes,20,No,Yes,2149,Net Banking,Standard,3.6,4.9
SES505015,CUST10447,2025-05-14 00:00:00,20,MALE,Bangalore,Returning,5,Desktop,Google,1.4,7,3,Electronics,Headphones,8705,Yes,19337,No,0,No,Yes,15037,Credit Card,Standard,4,3.9
SES501184,CUST11044,2025-12-07 00:00:00,29,MALE,Delhi,Returning,11,Desktop,Google,4.4,7,4,Home & Kitchen,Coffee Maker,13801,Yes,28942,No,0,No,Yes,18838,Wallet,Standard,4.5,5
SES502292,CUST10247,2026-04-06 00:00:00,32,MALE,Bangalore,New,0,Mobile,Instagram,9.5,3,3,Beauty,Moisturizer,684,No,0,Yes,10,Yes,No,0,UPI,Standard,,
SES501236,CUST11313,2026-01-05 00:00:00,42,FEMALE,Hyderabad,Returning,11,Mobile,Instagram,7.4,7,4,Fashion,Jeans,6771,No,0,No,0,No,Yes,8082,Net Banking,Same Day,4.1,3.9
SES501273,CUST11257,2025-10-28 00:00:00,30,MALE,Bangalore,New,0,Desktop,Google,3.9,10,5,Sports,Yoga Mat,4369,Yes,9142,No,0,No,No,0,Net Banking,Standard,,
SES503976,CUST11712,2025-01-21 00:00:00,24,FEMALE,Mumbai,New,0,Desktop,YouTube,5.8,6,6,Books,Business Book,325,No,0,No,0,No,No,0,Cash on Delivery,Standard,,
SES503810,CUST12044,2025-02-03 00:00:00,40,MALE,Jaipur,New,1,Mobile,Google,0.5,14,5,Beauty,Perfume,2174,No,0,No,0,No,No,0,UPI,Express,,
SES504759,CUST11785,2026-01-31 00:00:00,55,FEMALE,Ahmedabad,New,0,Mobile,Google,8.2,10,4,Electronics,Smart Watch,15905,Yes,24877,No,0,No,Yes,20691,Credit Card,Standard,4.5,4.5
SES505062,CUST11959,2025-02-19 00:00:00,42,FEMALE,Pune,Returning,15,Mobile,Direct,1.3,6,2,Home & Kitchen,Storage Box,14239,No,0,No,0,No,Yes,24535,UPI,Standard,3.5,4.4
SES501781,CUST11867,2026-06-20 00:00:00,48,FEMALE,Bangalore,Returning,8,Mobile,Facebook,4.3,3,4,Books,Biography,1640,No,0,Yes,15,Yes,No,0,UPI,Standard,,
SES503908,CUST10946,2026-03-23 00:00:00,35,MALE,Delhi,Returning,10,Desktop,YouTube,2.3,7,5,Home & Kitchen,Coffee Maker,13850,No,0,Yes,10,Yes,No,0,Net Banking,Standard,,
SES505383,CUST10963,2025-11-06 00:00:00,18,FEMALE,Lucknow,Returning,3,Mobile,Facebook,3.9,6,4,Beauty,Shampoo,3624,Yes,5838,No,0,No,Yes,5801,Cash on Delivery,Express,4.3,5
SES503056,CUST11961,2025-07-26 00:00:00,37,FEMALE,Pune,Returning,12,Tablet,Google,7.7,7,4,Home & Kitchen,Bedsheet,6731,No,0,No,0,No,No,0,UPI,Express,,
SES501729,CUST11915,2025-09-18 00:00:00,27,MALE,Delhi,Returning,4,Mobile,Instagram,3.8,7,5,Fashion,Jeans,5588,Yes,6057,No,0,No,Yes,11428,Credit Card,Standard,3.9,4.5
SES502415,CUST10661,2025-03-07 00:00:00,28,MALE,Kolkata,New,0,Desktop,Google,13.4,7,5,Electronics,Bluetooth Speaker,25268,Yes,29196,No,0,No,Yes,50005,UPI,Standard,3.8,4.2
SES502168,CUST11837,2025-02-15 00:00:00,41,MALE,Mumbai,Returning,8,Mobile,Google,15.6,8,1,Books,Academic Book,1617,Yes,3986,Yes,5,No,Yes,1500,Credit Card,Standard,5,3.4
SES502756,CUST11090,2025-03-11 00:00:00,45,FEMALE,Ahmedabad,New,0,Desktop,Referral,5.8,7,1,Fashion,Sneakers,4404,Yes,4038,Yes,5,Yes,No,0,UPI,Standard,,
SES500438,CUST11063,2026-02-13 00:00:00,18,MALE,Jaipur,Returning,10,Tablet,Direct,11.7,9,6,Beauty,Face Wash,4214,Yes,8966,No,0,No,Yes,4535,UPI,Standard,3.9,4
SES503425,CUST11425,2025-11-11 00:00:00,28,FEMALE,Delhi,Returning,14,Mobile,Email,3.4,8,2,Fashion,Jacket,5641,Yes,8486,No,0,No,No,0,Credit Card,Express,,
SES504023,CUST10585,2025-11-06 00:00:00,19,MALE,Chennai,New,0,Desktop,Direct,11,8,3,Beauty,Lipstick,3228,Yes,3845,No,0,No,Yes,3005,Wallet,Standard,4.1,4.5
SES502829,CUST11125,2026-01-31 00:00:00,37,FEMALE,Mumbai,Returning,3,Mobile,Facebook,5.5,7,3,Fashion,Jeans,4992,No,0,Yes,10,Yes,No,0,Cash on Delivery,Express,,
SES500108,CUST11758,2025-11-29 00:00:00,44,FEMALE,Mumbai,New,0,Mobile,Google,13,8,5,Sports,Running Shoes,7788,No,0,No,0,No,No,0,UPI,Standard,,
SES502917,CUST10973,2025-09-04 00:00:00,44,FEMALE,Delhi,New,1,Desktop,Referral,7.2,5,3,Home & Kitchen,Table Lamp,12141,Yes,22746,No,0,No,No,0,UPI,Express,,
SES500030,CUST11268,2025-08-27 00:00:00,41,FEMALE,Chennai,Returning,11,Mobile,Email,10.9,7,4,Home & Kitchen,Bedsheet,1201,No,0,Yes,15,Yes,No,0,UPI,Express,,
SES504649,CUST10422,2025-05-19 00:00:00,18,FEMALE,Bangalore,New,0,Desktop,Google,0.7,6,5,Books,Business Book,2136,Yes,1987,Yes,10,Yes,Yes,3980,UPI,Express,3.4,3.3
SES505169,CUST11230,2026-03-24 00:00:00,37,FEMALE,Chennai,Returning,14,Mobile,Instagram,4.6,7,4,Beauty,Moisturizer,4433,Yes,4777,Yes,15,Yes,Yes,4034,Net Banking,Standard,4.5,4.4
SES503711,CUST11829,2025-09-01 00:00:00,32,FEMALE,Bangalore,Returning,13,Desktop,Instagram,9.3,8,5,Electronics,Power Bank,22765,No,0,Yes,20,Yes,Yes,39231,UPI,Standard,5,3.3
SES504922,CUST11832,2026-03-08 00:00:00,34,FEMALE,Delhi,New,0,Mobile,YouTube,13.6,6,2,Electronics,Bluetooth Speaker,15499,No,0,No,0,No,No,0,Cash on Delivery,Express,,
SES503621,CUST10508,2025-07-14 00:00:00,21,MALE,Bangalore,Returning,12,Mobile,Google,7.9,10,4,Beauty,Moisturizer,4665,No,0,Yes,20,Yes,No,0,credit card,Standard,,
SES500752,CUST10559,2025-11-14 00:00:00,27,FEMALE,Delhi,New,0,Mobile,Email,9.8,2,2,Home & Kitchen,Storage Box,1929,No,0,No,0,No,No,0,Debit Card,Standard,,
SES503481,CUST10251,2026-01-31 00:00:00,51,FEMALE,Bangalore,Returning,10,Desktop,Facebook,4.4,7,1,Sports,Football,4455,No,0,Yes,25,Yes,No,0,Credit Card,Standard,,
SES500585,CUST10438,2026-05-01 00:00:00,39,MALE,Delhi,New,0,Desktop,Referral,7.6,8,2,Beauty,Shampoo,4373,Yes,7655,Yes,20,Yes,Yes,7911,UPI,Express,4.7,4.4
SES502510,CUST11953,2026-02-17 00:00:00,44,MALE,Jaipur,New,0,Desktop,Email,8,10,4,Electronics,Smart Watch,18955,Yes,35918,Yes,20,Yes,Yes,21921,Cash on Delivery,Express,3.7,4
SES504679,CUST11354,2025-04-24 00:00:00,34,FEMALE,Delhi,New,0,Desktop,Direct,31.2,12,3,Beauty,Lipstick,3474,Yes,3865,No,0,No,No,0,UPI,Express,,
SES502365,CUST11566,2025-05-12 00:00:00,23,FEMALE,Pune,New,0,Desktop,Direct,7,7,4,Beauty,Shampoo,4816,Yes,8152,No,0,No,No,0,Wallet,Express,,
SES503280,CUST11272,2026-03-05 00:00:00,26,MALE,Bangalore,New,0,Tablet,Referral,1.6,5,5,Sports,Yoga Mat,1051,No,0,No,0,No,No,0,Credit Card,Same Day,,
SES503551,CUST11494,2026-02-06 00:00:00,35,FEMALE,Kolkata,New,0,Tablet,Instagram,6.2,8,3,Books,Business Book,645,No,0,No,0,No,No,0,Debit Card,Standard,,
SES504327,CUST11888,2025-08-19 00:00:00,23,MALE,Bangalore,New,1,Mobile,Direct,10,4,4,Sports,Football,567,No,0,Yes,25,Yes,No,0,UPI,Standard,,
SES501655,CUST11180,2025-12-23 00:00:00,49,MALE,Chennai,New,1,Mobile,Google,7.7,5,5,Fashion,Kurta,5708,No,0,No,0,No,No,0,Debit Card,Express,,
SES503939,CUST11518,2025-10-27 00:00:00,29,FEMALE,Hyderabad,Returning,8,Mobile,Google,5.6,9,5,Home & Kitchen,Cookware Set,3689,No,0,Yes,15,Yes,No,0,UPI,Standard,,
SES503600,CUST10077,2025-10-14 00:00:00,30,MALE,Chennai,New,0,Mobile,Google,19.2,7,3,Fashion,Jeans,1536,Yes,2536,No,0,No,Yes,3125,UPI,Standard,3.1,3.5
SES502926,CUST10195,2025-06-03 00:00:00,36,FEMALE,Jaipur,New,0,Mobile,YouTube,2.5,5,4,Books,Biography,2078,No,0,Yes,10,Yes,No,0,Cash on Delivery,Standard,,
SES501311,CUST11099,2025-01-06 00:00:00,33,FEMALE,Chennai,New,1,Mobile,Google,13.5,5,4,Books,Self Help Book,1692,No,0,No,0,No,No,0,Credit Card,Standard,,
SES501790,CUST12191,2026-05-04 00:00:00,31,MALE,Chennai,New,1,Mobile,Instagram,3.7,2,4,Home & Kitchen,Bedsheet,3732,Yes,8327,Yes,25,Yes,Yes,5917,UPI,Express,3.7,4.7
SES505905,CUST11313,2025-07-27 00:00:00,32,FEMALE,Delhi,Returning,4,Mobile,Direct,12.5,8,3,Beauty,Perfume,322,Yes,779,No,0,No,No,0,UPI,Standard,,
SES503095,CUST10700,2025-11-21 00:00:00,31,FEMALE,Bangalore,New,0,Mobile,Email,13.1,4,5,Electronics,Headphones,17492,Yes,32588,Yes,10,Yes,Yes,21584,UPI,Express,3,4.4
SES500180,CUST11535,2025-07-29 00:00:00,26,MALE,Lucknow,Returning,13,Desktop,Direct,3.5,5,2,Sports,Running Shoes,1607,Yes,2683,No,0,No,Yes,2775,Debit Card,Same Day,4.7,4.1
SES504559,CUST12040,2026-06-13 00:00:00,48,MALE,Mumbai,New,1,Desktop,Instagram,2.3,6,2,Fashion,Sneakers,4118,Yes,4769,Yes,10,No,Yes,3826,Credit Card,Express,4,5
SES503722,CUST10494,2025-07-23 00:00:00,33,MALE,Hyderabad,New,0,Mobile,Referral,5.2,10,7,Beauty,Lipstick,4725,No,0,Yes,30,No,No,0,Wallet,Standard,,
SES501695,CUST11463,2025-08-24 00:00:00,32,FEMALE,Jaipur,New,0,Desktop,Instagram,6.6,6,5,Beauty,Shampoo,2316,No,0,Yes,25,No,Yes,4253,Debit Card,Standard,4.1,3.5
SES502164,CUST10205,2025-12-23 00:00:00,41,MALE,Delhi,New,0,Mobile,Direct,15.9,5,4,Fashion,T-Shirt,2329,Yes,4531,No,0,No,Yes,4812,UPI,Express,4.5,4
SES505315,CUST10068,2026-01-27 00:00:00,32,MALE,Delhi,New,0,Desktop,Instagram,5.9,4,3,Home & Kitchen,Coffee Maker,6540,No,0,Yes,5,No,No,0,UPI,Standard,,
SES504052,CUST10552,2025-06-19 00:00:00,25,FEMALE,Delhi,New,0,Mobile,Google,11.5,9,6,Home & Kitchen,Cookware Set,4166,Yes,6553,Yes,20,Yes,Yes,3578,Credit Card,Standard,4.4,4
SES503535,CUST10250,2025-11-18 00:00:00,34,MALE,Mumbai,Returning,15,Desktop,Google,8.6,7,3,Home & Kitchen,Table Lamp,624,No,0,No,0,No,No,0,Wallet,Express,,
SES504503,CUST11803,2025-06-07 00:00:00,35,FEMALE,Jaipur,New,0,Mobile,Google,24.1,4,2,Beauty,Moisturizer,1349,No,0,Yes,15,Yes,No,0,CREDIT CARD,Standard,,
SES501426,CUST10895,2025-09-02 00:00:00,35,FEMALE,Kolkata,New,0,Desktop,Instagram,10.9,10,5,Fashion,Sneakers,5903,Yes,11097,No,0,No,Yes,5219,Credit Card,Express,3.4,4.1
SES501320,CUST11683,2025-02-18 00:00:00,38,FEMALE,Bangalore,New,1,Mobile,Instagram,7.7,3,7,Electronics,Headphones,18620,Yes,44801,No,0,No,Yes,32038,Cash on Delivery,Express,3.3,4.5
SES500091,CUST11571,2025-01-26 00:00:00,18,FEMALE,Bangalore,New,1,Mobile,Google,2.1,5,4,Fashion,Jacket,3255,No,0,Yes,5,Yes,Yes,4689,Credit Card,Same Day,3.7,3.3
SES505563,CUST10545,2026-03-23 00:00:00,25,MALE,Kolkata,New,1,Mobile,Google,2.3,6,1,Sports,Football,10838,Yes,20318,Yes,10,Yes,No,0,Net Banking,Standard,,
SES504520,CUST10263,2025-09-19 00:00:00,21,FEMALE,Kolkata,New,0,Mobile,Facebook,6.6,5,4,Electronics,Wireless Earbuds,26039,No,0,No,0,No,No,0,Debit Card,Standard,,
SES504723,CUST10420,2025-11-09 00:00:00,33,FEMALE,Mumbai,Returning,14,Mobile,Referral,4.3,8,4,Sports,Dumbbells,9368,Yes,14922,No,0,No,No,0,Debit Card,Standard,,
SES503492,CUST11223,2026-05-19 00:00:00,48,MALE,Lucknow,Returning,2,Mobile,Referral,10.2,5,6,Sports,Cricket Bat,11177,No,0,Yes,25,No,No,0,Net Banking,Standard,,
SES500625,CUST10043,2026-01-25 00:00:00,25,FEMALE,Hyderabad,New,0,Desktop,Google,11.7,7,4,Home & Kitchen,Table Lamp,1676,Yes,2637,Yes,25,Yes,No,0,UPI,Express,,
SES500070,CUST11368,2026-06-25 00:00:00,27,MALE,Delhi,Returning,10,Desktop,Google,11,2,7,Home & Kitchen,Cookware Set,11426,Yes,12044,Yes,15,Yes,Yes,16225,Debit Card,Express,4,4.1
SES505361,CUST11717,2025-10-16 00:00:00,35,FEMALE,Kolkata,Returning,8,Tablet,Email,10,6,6,Books,Academic Book,1866,Yes,2078,No,0,No,Yes,3277,Debit Card,Express,3.8,3.8
SES501920,CUST10715,2025-02-11 00:00:00,36,FEMALE,Mumbai,Returning,8,Desktop,Referral,10.6,7,3,Beauty,Perfume,3506,No,0,No,0,No,No,0,Credit Card,Standard,,
SES505399,CUST10637,2025-05-04 00:00:00,35,FEMALE,Jaipur,New,1,Mobile,Facebook,3.6,10,6,Beauty,Moisturizer,772,No,0,Yes,15,Yes,No,0,UPI,Express,,
SES500878,CUST10202,2025-03-02 00:00:00,18,MALE,Lucknow,Returning,12,Tablet,Google,8.8,8,4,Fashion,T-Shirt,3922,Yes,5222,Yes,10,Yes,Yes,6297,credit card,Standard,4.4,4
SES502587,CUST12012,2026-03-10 00:00:00,19,MALE,Lucknow,New,0,Mobile,Email,20.5,7,2,Books,Business Book,1661,No,0,Yes,15,Yes,No,0,UPI,Standard,,
SES505985,CUST10259,2025-02-26 00:00:00,36,FEMALE,Bangalore,Returning,4,Tablet,Google,10,7,9,Beauty,Moisturizer,828,No,0,Yes,20,No,No,0,Credit Card,Standard,,
SES500765,CUST10010,2025-07-17 00:00:00,35,FEMALE,Mumbai,New,0,Tablet,Email,8.4,10,2,Sports,Cricket Bat,6060,Yes,8057,Yes,15,Yes,No,0,Credit Card,Same Day,,
SES500294,CUST10020,2025-11-30 00:00:00,32,MALE,Ahmedabad,Returning,10,Mobile,Google,2.7,8,3,Electronics,Power Bank,2187,No,0,Yes,5,Yes,No,0,Net Banking,Express,,
SES501076,CUST11342,2025-07-08 00:00:00,18,MALE,Bangalore,Returning,15,Desktop,Email,1.4,7,6,Home & Kitchen,Coffee Maker,11597,No,0,No,0,No,No,0,UPI,Express,,
SES500446,CUST10235,2025-09-05 00:00:00,41,FEMALE,Delhi,Returning,5,Tablet,Google,4.8,8,3,Home & Kitchen,Table Lamp,5931,Yes,14480,Yes,10,No,Yes,8236,Debit Card,Standard,3,4.5
SES500469,CUST11811,2025-10-12 00:00:00,34,FEMALE,New Delhi,New,0,Desktop,Email,3.9,8,5,Electronics,Headphones,12430,No,0,Yes,20,Yes,Yes,15522,Debit Card,Standard,4.7,2.8
SES503751,CUST10036,2025-08-03 00:00:00,45,MALE,Bangalore,Returning,7,Mobile,Google,13.4,8,1,Sports,Yoga Mat,5767,Yes,11473,No,0,No,Yes,5142,Wallet,Standard,4.6,2.7
SES501243,CUST11194,2025-12-13 00:00:00,29,MALE,Unknown,Returning,5,Mobile,Instagram,2.7,3,4,Electronics,Wireless Earbuds,29864,Yes,28773,No,0,No,No,0,UPI,Standard,,
SES500433,CUST10144,2025-07-05 00:00:00,36,FEMALE,Pune,New,0,Desktop,Instagram,8.2,4,4,Fashion,Sneakers,5553,No,0,No,0,No,No,0,Debit Card,Standard,,
SES504539,CUST12055,2025-07-22 00:00:00,40,MALE,Delhi,New,1,Desktop,Google,14.5,8,4,Electronics,Smart Watch,21769,No,0,Yes,20,Yes,No,0,UPI,Same Day,,
SES505336,CUST11207,2025-04-09 00:00:00,25,MALE,Chennai,Returning,2,Mobile,Google,6.7,7,2,Books,Fiction Book,1550,No,0,No,0,No,No,0,Debit Card,Express,,
SES503587,CUST11094,2025-10-31 00:00:00,25,MALE,Jaipur,Returning,12,Mobile,YouTube,8.1,4,4,Beauty,Lipstick,3827,Yes,5701,No,0,No,Yes,5868,Debit Card,Express,5,3.6
SES505313,CUST11599,2025-10-31 00:00:00,23,MALE,Delhi,New,0,Mobile,Google,1.9,5,4,Fashion,Jeans,4414,Yes,3823,No,0,No,Yes,7731,Credit Card,Express,2.8,4.3
SES500578,CUST10488,2026-01-05 00:00:00,26,MALE,Delhi,New,0,Desktop,Google,13.4,6,6,Home & Kitchen,Cookware Set,4822,Yes,10706,No,0,No,Yes,10218,Cash on Delivery,Express,5,4.9
SES504167,CUST11425,2025-03-01 00:00:00,43,MALE,Kolkata,New,0,Desktop,Referral,4.8,8,3,Electronics,Headphones,10716,No,0,No,0,No,No,0,credit card,Same Day,,
SES500246,CUST10226,2025-01-16 00:00:00,26,FEMALE,Mumbai,New,0,Desktop,Facebook,9.5,9,6,Fashion,Kurta,6031,No,0,No,0,No,Yes,9126,Cash on Delivery,Standard,3.5,4.3
SES504214,CUST11472,2025-07-03 00:00:00,26,MALE,Delhi,Returning,8,Mobile,Google,7.5,5,4,Sports,Running Shoes,3148,No,0,No,0,No,No,0,UPI,Express,,
SES500368,CUST12071,2026-01-04 00:00:00,38,MALE,Delhi,Returning,5,Mobile,Facebook,17.8,8,4,Books,Biography,1931,No,0,Yes,15,Yes,No,0,Debit Card,Express,,
SES505450,CUST10025,2026-01-06 00:00:00,31,MALE,Mumbai,New,0,Mobile,Referral,1.6,9,3,Electronics,Power Bank,9713,Yes,17254,Yes,10,No,No,0,Wallet,Same Day,,
SES502537,CUST11997,2026-04-15 00:00:00,29,FEMALE,Bangalore,Returning,11,Mobile,Email,10.3,3,4,Beauty,Moisturizer,4726,Yes,7657,Yes,10,Yes,Yes,6519,Credit Card,Standard,4.8,2.3
SES504941,CUST11750,2025-08-31 00:00:00,23,FEMALE,Bangalore,Returning,4,Desktop,Google,6.8,4,8,Fashion,T-Shirt,5014,No,0,Yes,15,Yes,No,0,Wallet,Express,,
SES505191,CUST10567,2025-05-13 00:00:00,23,FEMALE,Mumbai,New,0,Tablet,Google,7.3,10,5,Beauty,Shampoo,4314,No,0,No,0,No,No,0,Credit Card,Express,,
SES501048,CUST10751,2026-02-11 00:00:00,37,MALE,Mumbai,New,0,Mobile,Instagram,11.5,8,5,Books,Biography,1833,Yes,3209,Yes,25,Yes,Yes,3420,Debit Card,Standard,3.9,3.6
SES501040,CUST11334,2026-04-01 00:00:00,37,MALE,New Delhi,Returning,6,Mobile,Google,4.4,7,5,Electronics,Smart Watch,28109,No,0,No,0,No,No,0,Debit Card,Standard,,
SES505857,CUST11873,2025-03-09 00:00:00,44,FEMALE,Kolkata,New,0,Mobile,Direct,8.5,3,3,Sports,Football,1705,No,0,No,0,No,No,0,UPI,Express,,
SES505995,CUST10358,2025-10-26 00:00:00,45,MALE,Hyderabad,Returning,7,Desktop,Instagram,12.1,11,4,Books,Self Help Book,1879,No,0,Yes,30,No,No,0,UPI,Express,,
SES503609,CUST10957,2025-11-19 00:00:00,36,MALE,Delhi,New,0,Mobile,Google,21.1,7,3,Sports,Dumbbells,10133,Yes,20889,Yes,15,Yes,Yes,19993,UPI,Standard,4,3.5
SES502651,CUST11983,2025-12-07 00:00:00,18,FEMALE,Bangalore,Returning,3,Mobile,Facebook,5.4,5,3,Sports,Cricket Bat,3451,Yes,8132,Yes,15,No,Yes,5193,Cash on Delivery,Express,3.6,4.7
SES505639,CUST11141,2025-10-11 00:00:00,20,MALE,Kolkata,New,1,Mobile,Google,5.9,5,4,Electronics,Power Bank,11873,Yes,14904,No,0,No,No,0,UPI,Express,,
SES505695,CUST11177,2025-04-16 00:00:00,33,FEMALE,Bangalore,New,0,Tablet,YouTube,6.9,4,3,Books,Self Help Book,2412,No,0,Yes,10,No,No,0,Debit Card,Express,,
SES500556,CUST11634,2025-02-24 00:00:00,24,MALE,Hyderabad,New,0,Mobile,YouTube,3.1,8,4,Sports,Cricket Bat,6707,No,0,No,0,No,No,0,Debit Card,Express,,
SES503257,CUST12068,2025-12-04 00:00:00,19,FEMALE,Mumbai,Returning,3,Mobile,Direct,6.9,3,3,Electronics,Power Bank,32757,No,0,Yes,10,Yes,No,0,Debit Card,Same Day,,
SES505371,CUST11642,2026-04-08 00:00:00,44,MALE,Mumbai,New,0,Mobile,Instagram,2.2,6,4,Home & Kitchen,Bedsheet,5349,No,0,No,0,No,No,0,Cash on Delivery,Standard,,
SES502570,CUST11824,2025-06-12 00:00:00,36,MALE,Delhi,New,0,Mobile,Referral,2.2,4,5,Beauty,Lipstick,2172,Yes,5065,No,0,No,No,0,Cash on Delivery,Express,,
SES502560,CUST11529,2026-03-07 00:00:00,65,MALE,Pune,Returning,6,Desktop,Referral,5.5,9,3,Fashion,Jacket,2646,No,0,No,0,No,No,0,Credit Card,Standard,,
SES502795,CUST11099,2025-07-22 00:00:00,44,FEMALE,Delhi,Returning,5,Desktop,Google,4.1,6,5,Books,Fiction Book,2340,No,0,No,0,No,No,0,UPI,Standard,,
SES505366,CUST11178,2026-06-19 00:00:00,32,MALE,Pune,Returning,2,Desktop,Google,17.2,6,5,Fashion,T-Shirt,2704,No,0,No,0,No,No,0,UPI,Standard,,
SES502005,CUST10463,2025-05-28 00:00:00,46,MALE,Ahmedabad,New,1,Desktop,Google,14.2,5,2,Fashion,Jeans,1024,Yes,1757,No,0,No,No,0,Credit Card,Standard,,
SES503647,CUST10901,2025-02-05 00:00:00,22,MALE,Delhi,New,0,Desktop,Email,13.2,6,3,Fashion,Jeans,974,No,0,Yes,10,Yes,Yes,1850,Cash on Delivery,Standard,3.4,4
SES501401,CUST11329,2025-11-08 00:00:00,39,MALE,Jaipur,New,0,Mobile,Facebook,15.8,8,6,Fashion,Jeans,3320,Yes,6626,Yes,15,Yes,Yes,6499,Wallet,Standard,4.7,3.9
SES505615,CUST10960,2025-08-26 00:00:00,38,UNKNOWN,Delhi,Returning,14,Mobile,Instagram,5.6,5,3,Beauty,Moisturizer,4515,No,0,No,0,No,No,0,Credit Card,Standard,,
SES500152,CUST10642,2026-06-13 00:00:00,20,MALE,Delhi,Returning,12,Mobile,Direct,4.5,9,3,Beauty,Perfume,3463,No,0,Yes,5,Yes,Yes,4280,Debit Card,Standard,4.8,5
SES503896,CUST11292,2025-06-03 00:00:00,47,MALE,Pune,Returning,13,Mobile,Direct,8.9,6,3,Beauty,Shampoo,3151,No,0,Yes,15,Yes,No,0,Cash on Delivery,Standard,,
SES505317,CUST10398,2025-08-20 00:00:00,28,FEMALE,Kolkata,Returning,3,Mobile,Instagram,25.9,5,4,Electronics,Wireless Earbuds,5282,Yes,5123,No,0,No,No,0,Credit Card,Standard,,
SES502099,CUST11020,2026-01-15 00:00:00,20,FEMALE,Pune,New,1,Mobile,YouTube,6.9,9,2,Beauty,Shampoo,3255,No,0,Yes,15,Yes,No,0,UPI,Same Day,,
SES501189,CUST10850,2025-06-08 00:00:00,24,MALE,Pune,Returning,10,Mobile,Facebook,10.8,10,2,Home & Kitchen,Bedsheet,13141,Yes,31155,No,0,No,No,0,Credit Card,Standard,,
SES500916,CUST11793,2025-12-17 00:00:00,34,MALE,Mumbai,New,0,Mobile,Google,27.4,8,5,Beauty,Perfume,1151,No,0,Yes,20,Yes,No,0,Cash on Delivery,Standard,,
SES504238,CUST10827,2025-01-12 00:00:00,31,MALE,Hyderabad,New,0,Mobile,Email,20.1,6,7,Electronics,Headphones,12426,Yes,17776,No,0,No,Yes,16133,UPI,Same Day,3,3.8
SES501833,CUST11852,2025-02-16 00:00:00,45,MALE,Bangalore,Returning,10,Mobile,Email,3.9,8,6,Fashion,Jacket,4264,No,0,Yes,15,Yes,No,0,Credit Card,Express,,
SES504033,CUST11626,2025-07-04 00:00:00,49,MALE,Hyderabad,New,0,Desktop,Email,5.2,9,2,Books,Biography,2184,Yes,5051,No,0,No,No,0,Credit Card,Standard,,
SES503733,CUST11832,2026-04-08 00:00:00,25,FEMALE,Delhi,Returning,9,Mobile,Instagram,19.8,13,5,Fashion,Jeans,6490,No,0,Yes,5,Yes,Yes,5296,UPI,Same Day,3.6,4.5
SES504908,CUST10990,2025-09-08 00:00:00,43,MALE,Bangalore,New,0,Desktop,Direct,5.9,11,1,Sports,Cricket Bat,8472,No,0,No,0,No,No,0,Credit Card,Standard,,
SES502819,CUST11107,2025-10-01 00:00:00,20,FEMALE,Pune,Returning,4,Desktop,Direct,5.9,9,4,Beauty,Moisturizer,4452,No,0,Yes,5,Yes,No,0,UPI,Express,,
SES502527,CUST11108,2026-03-10 00:00:00,32,FEMALE,Lucknow,New,0,Mobile,Email,4.7,10,4,Electronics,Power Bank,1447,Yes,2840,Yes,15,Yes,Yes,2641,Cash on Delivery,Same Day,3.1,3.3
SES503699,CUST10830,2025-02-22 00:00:00,24,FEMALE,Mumbai,New,1,Mobile,Referral,17.5,11,4,Books,Fiction Book,2462,Yes,5600,No,0,No,No,0,UPI,Express,,
SES505407,CUST10874,2025-09-15 00:00:00,20,FEMALE,Hyderabad,New,0,Mobile,Instagram,4.1,3,4,Home & Kitchen,Storage Box,9217,Yes,15146,Yes,10,Yes,No,0,UPI,Express,,
SES503572,CUST11153,2026-04-22 00:00:00,31,MALE,Chennai,Returning,12,Desktop,YouTube,8.5,5,5,Sports,Yoga Mat,5733,Yes,11495,No,0,No,Yes,6964,UPI,Express,4.1,4.2
SES500749,CUST10532,2026-03-06 00:00:00,21,MALE,Mumbai,Returning,2,Desktop,Email,6.1,9,6,Beauty,Moisturizer,2579,Yes,5147,Yes,10,Yes,No,0,UPI,Express,,
SES501269,CUST10675,2026-05-13 00:00:00,28,MALE,Bangalore,New,0,Tablet,Email,17,4,2,Fashion,Kurta,2826,Yes,6341,No,0,No,Yes,4853,UPI,Standard,4.1,3.6
SES504504,CUST11066,2026-02-22 00:00:00,23,MALE,Kolkata,Returning,9,Desktop,Direct,17.4,6,4,Home & Kitchen,Cookware Set,12176,No,0,Yes,5,Yes,Yes,13469,UPI,Standard,2.8,1.3
SES505435,CUST11406,2025-12-10 00:00:00,35,MALE,Chennai,Returning,13,Desktop,Google,10.6,8,5,Electronics,Bluetooth Speaker,28441,Yes,41489,No,0,No,No,0,UPI,Standard,,
SES502766,CUST10974,2025-04-15 00:00:00,32,MALE,Mumbai,New,0,Mobile,Google,2.5,8,2,Home & Kitchen,Cookware Set,14192,No,0,Yes,10,Yes,No,0,UPI,Express,,
SES505558,CUST11389,2025-08-19 00:00:00,43,FEMALE,Lucknow,New,1,Desktop,Instagram,10.2,12,5,Electronics,Smart Watch,30627,Yes,74138,No,0,No,Yes,52299,Credit Card,Same Day,4.2,4.3
SES502623,CUST12044,2026-02-04 00:00:00,29,FEMALE,Hyderabad,Returning,8,Tablet,Direct,4.7,11,2,Sports,Football,2136,Yes,4945,Yes,20,No,Yes,2562,UPI,Same Day,4.1,3.7
SES501551,CUST10126,2025-08-15 00:00:00,18,FEMALE,Mumbai,Returning,13,Mobile,Google,6.6,8,4,Electronics,Headphones,22975,No,0,No,0,No,Yes,29950,Debit Card,Standard,3.2,2.4
SES501840,CUST11954,2026-05-24 00:00:00,30,MALE,Jaipur,New,0,Mobile,Instagram,6.4,7,4,Home & Kitchen,Cookware Set,2079,Yes,1769,No,0,No,Yes,4123,Cash on Delivery,Express,3,4.5
SES504375,CUST12060,2025-07-30 00:00:00,30,MALE,Kolkata,Returning,6,Tablet,Referral,6.4,8,2,Books,Business Book,2221,No,0,No,0,No,No,0,Credit Card,Standard,,
SES501742,CUST11196,2025-06-24 00:00:00,37,MALE,Jaipur,New,0,Mobile,Facebook,8.9,6,7,Fashion,Kurta,4262,Yes,9552,Yes,10,Yes,No,0,Wallet,Standard,,
SES500492,CUST10929,2026-04-03 00:00:00,49,MALE,Mumbai,New,0,Desktop,Facebook,5.9,9,2,Electronics,Wireless Earbuds,21507,No,0,Yes,30,Yes,No,0,Cash on Delivery,Express,,
SES501707,CUST11101,2026-03-08 00:00:00,42,MALE,Mumbai,Returning,15,Mobile,Facebook,8.7,8,2,Fashion,Jacket,5656,No,0,No,0,No,No,0,UPI,Standard,,
SES505463,CUST11237,2025-03-07 00:00:00,20,FEMALE,Chennai,New,0,Mobile,Referral,6.7,8,3,Home & Kitchen,Coffee Maker,3082,Yes,4550,No,0,No,Yes,5315,Cash on Delivery,Standard,3.5,5
SES503997,CUST10875,2025-03-22 00:00:00,58,MALE,Bangalore,New,0,Mobile,Email,5,7,4,Sports,Running Shoes,622,Yes,1466,No,0,No,Yes,743,Debit Card,Express,5,5
SES501298,CUST10948,2025-06-28 00:00:00,37,MALE,Hyderabad,New,0,Desktop,Google,6.1,10,2,Electronics,Smart Watch,26506,Yes,33530,Yes,20,Yes,Yes,22564,Credit Card,Express,3.3,4.7
SES500472,CUST10714,2026-01-28 00:00:00,26,FEMALE,Bangalore,New,0,Mobile,Google,2,7,5,Electronics,Bluetooth Speaker,26546,No,0,No,0,No,Yes,53956,Debit Card,Standard,3.6,3.8
SES505834,CUST10992,2025-11-08 00:00:00,48,FEMALE,Mumbai,New,0,Mobile,YouTube,5.4,8,6,Fashion,Jacket,6132,No,0,Yes,20,No,No,0,UPI,Express,,
SES503838,CUST11151,2026-06-12 00:00:00,36,FEMALE,Bangalore,Returning,12,Desktop,Google,4.3,7,2,Fashion,Jeans,3240,Yes,4909,Yes,10,Yes,Yes,5484,Cash on Delivery,Standard,4.7,3.8
SES503766,CUST11852,2025-12-13 00:00:00,23,MALE,Bangalore,Returning,10,Mobile,YouTube,7.2,7,6,Home & Kitchen,Coffee Maker,4332,No,0,No,0,No,No,0,UPI,Standard,,
SES500808,CUST12191,2025-02-12 00:00:00,34,MALE,Ahmedabad,Returning,14,Mobile,Google,14.2,9,3,Fashion,Jacket,1105,No,0,Yes,10,No,No,0,Debit Card,Same Day,,
SES505702,CUST12157,2025-03-16 00:00:00,18,FEMALE,Delhi,New,0,Mobile,Referral,14.9,6,4,Home & Kitchen,Cookware Set,11654,No,0,No,0,No,No,0,Wallet,Express,,
SES502760,CUST11498,2025-08-09 00:00:00,27,MALE,Jaipur,Returning,8,Mobile,Google,22.5,7,8,Fashion,Jeans,4723,Yes,4058,Yes,20,Yes,Yes,4623,Debit Card,Same Day,4.3,4.9
SES505395,CUST10330,2026-03-05 00:00:00,18,MALE,Pune,Returning,6,Desktop,Facebook,5.9,7,5,Fashion,T-Shirt,4235,No,0,No,0,No,No,0,Cash on Delivery,Standard,,
SES500897,CUST11204,2025-09-01 00:00:00,30,MALE,Chennai,New,0,Mobile,Instagram,21.4,7,6,Books,Biography,1889,Yes,2793,Yes,5,Yes,Yes,2182,UPI,Same Day,3.9,3.9
SES504594,CUST11659,2025-09-11 00:00:00,30,FEMALE,Hyderabad,Returning,11,Mobile,Facebook,13.7,9,7,Sports,Cricket Bat,7479,No,0,No,0,No,No,0,UPI,Express,,
SES503120,CUST11910,2025-07-11 00:00:00,47,FEMALE,Ahmedabad,New,0,Mobile,Referral,11.2,5,3,Books,Academic Book,1209,No,0,No,0,No,No,0,UPI,Express,,
SES502211,CUST10198,2025-11-26 00:00:00,22,FEMALE,Jaipur,Returning,14,Desktop,Instagram,6.2,13,6,Fashion,T-Shirt,4223,No,0,Yes,25,Yes,Yes,5542,Debit Card,Standard,2.6,3.4
SES504702,CUST12057,2026-01-14 00:00:00,50,FEMALE,Delhi,Returning,15,Mobile,Referral,2,9,5,Sports,Running Shoes,6249,No,0,Yes,15,No,No,0,Debit Card,Standard,,
SES500355,CUST11244,2026-03-14 00:00:00,27,FEMALE,Jaipur,New,0,Mobile,Facebook,13.7,13,4,Electronics,Headphones,20232,Yes,50524,No,0,No,Yes,29439,UPI,Same Day,3.7,4.7
SES500252,CUST10659,2025-08-17 00:00:00,32,FEMALE,Jaipur,Returning,4,Mobile,Email,17.3,10,4,Electronics,Power Bank,22632,Yes,34455,Yes,20,No,No,0,Credit Card,Same Day,,
SES500186,CUST11664,2025-10-20 00:00:00,32,FEMALE,Pune,Returning,10,Desktop,Google,6.9,9,3,Electronics,Headphones,7035,Yes,9104,No,0,No,Yes,7666,Credit Card,Standard,4,3.1
SES505573,CUST11420,2026-06-16 00:00:00,27,MALE,Hyderabad,Returning,3,Mobile,Google,10,6,4,Books,Fiction Book,866,Yes,1814,Yes,10,No,No,0,Cash on Delivery,Standard,,
SES503378,CUST10974,2025-02-21 00:00:00,18,MALE,Chennai,New,0,Mobile,Instagram,2.6,5,3,Home & Kitchen,Bedsheet,13796,No,0,No,0,No,No,0,UPI,Standard,,
SES502136,CUST12097,2026-04-22 00:00:00,44,FEMALE,Bangalore,New,1,Tablet,Instagram,10.1,11,3,Fashion,Kurta,1755,No,0,No,0,No,No,0,UPI,Standard,,
SES502716,CUST11750,2025-11-14 00:00:00,38,FEMALE,Kolkata,New,0,Desktop,Direct,15.9,3,2,Beauty,Perfume,3912,Yes,8267,Yes,30,No,No,0,Credit Card,Express,,
SES500228,CUST11301,2025-02-10 00:00:00,22,MALE,Jaipur,Returning,13,Mobile,Google,4.6,8,4,Sports,Running Shoes,2390,No,0,Yes,25,Yes,No,0,Credit Card,Express,,
SES503440,CUST10115,2025-11-11 00:00:00,26,MALE,Delhi,New,0,Mobile,Direct,13.5,6,5,Beauty,Perfume,3226,Yes,5710,Yes,10,Yes,Yes,3744,UPI,Standard,1.6,4.5
SES502105,CUST10660,2026-06-01 00:00:00,26,FEMALE,Delhi,Returning,6,Mobile,Instagram,9.4,3,6,Electronics,Wireless Earbuds,30406,No,0,No,0,No,No,0,Net Banking,Standard,,
SES504939,CUST10325,2026-06-29 00:00:00,28,MALE,Bangalore,New,0,Mobile,Facebook,6.1,8,3,Sports,Running Shoes,7942,Yes,16037,No,0,No,Yes,10501,Net Banking,Standard,3.2,3.6
SES502590,CUST11503,2025-10-11 00:00:00,27,FEMALE,Pune,New,0,Desktop,Facebook,26.5,7,2,Home & Kitchen,Cookware Set,14469,Yes,18824,No,0,No,Yes,16031,UPI,Standard,4.3,3.5
SES503755,CUST10166,2026-01-17 00:00:00,18,MALE,Delhi,New,0,Mobile,YouTube,6.1,11,6,Sports,Dumbbells,7301,No,0,No,0,No,No,0,UPI,Standard,,
SES505258,CUST10586,2026-01-24 00:00:00,41,FEMALE,Lucknow,Returning,5,Tablet,Google,2.7,9,1,Fashion,Kurta,2165,Yes,3725,No,0,No,Yes,4520,Debit Card,Standard,4.2,4.6
SES505491,CUST11845,2026-03-28 00:00:00,42,MALE,Mumbai,Returning,10,Mobile,Facebook,2.9,12,5,Electronics,Smart Watch,27084,No,0,No,0,No,No,0,UPI,Standard,,
SES503775,CUST11113,2025-05-18 00:00:00,36,FEMALE,Ahmedabad,New,1,Desktop,Referral,21.1,9,3,Books,Biography,314,No,0,Yes,20,No,No,0,Net Banking,Standard,,
SES503222,CUST10215,2025-01-03 00:00:00,18,MALE,Bangalore,Returning,6,Mobile,Direct,5.6,8,6,Fashion,Jacket,5289,No,0,No,0,No,No,0,Wallet,Express,,
SES502269,CUST11899,2025-05-14 00:00:00,33,MALE,Ahmedabad,Returning,11,Mobile,Facebook,23.5,6,2,Home & Kitchen,Cookware Set,7021,Yes,9780,No,0,No,No,0,UPI,Standard,,
SES502132,CUST10581,2025-02-28 00:00:00,28,FEMALE,Mumbai,New,0,Desktop,Direct,9.7,8,3,Fashion,Sneakers,6987,Yes,12960,Yes,15,No,No,0,UPI,Express,,
SES503524,CUST11908,2025-08-11 00:00:00,24,FEMALE,Ahmedabad,New,0,Tablet,Referral,21,6,6,Electronics,Bluetooth Speaker,11132,Yes,21695,Yes,20,Yes,Yes,14367,UPI,Same Day,3.9,3.2
SES503881,CUST10417,2026-03-04 00:00:00,23,FEMALE,Delhi,New,0,Mobile,Direct,4.1,7,5,Sports,Football,11460,No,0,Yes,20,Yes,No,0,Cash on Delivery,Express,,
SES504697,CUST10597,2025-11-07 00:00:00,37,FEMALE,Ahmedabad,New,0,Desktop,Referral,12.7,9,4,Home & Kitchen,Table Lamp,14927,Yes,20861,No,0,No,Yes,29404,UPI,Standard,3.6,4.5
SES500293,CUST10685,2025-04-26 00:00:00,42,MALE,Lucknow,New,0,Mobile,Google,9.3,8,6,Electronics,Wireless Earbuds,1460,No,0,Yes,20,No,No,0,Debit Card,Express,,
SES502334,CUST11071,2026-04-25 00:00:00,22,FEMALE,Delhi,New,0,Desktop,YouTube,13.8,6,3,Home & Kitchen,Coffee Maker,8666,Yes,9103,No,0,No,No,0,Credit Card,Standard,,
SES500550,CUST11803,2025-03-11 00:00:00,25,MALE,Lucknow,New,1,Desktop,Direct,4,11,1,Fashion,Jeans,2806,Yes,5832,Yes,20,No,Yes,5804,Wallet,Standard,3.4,5
SES501521,CUST12004,2025-09-12 00:00:00,46,FEMALE,Chennai,Returning,7,Desktop,Direct,11.7,6,4,Home & Kitchen,Storage Box,10165,Yes,8816,Yes,30,Yes,No,0,UPI,Standard,,
SES504846,CUST10146,2026-05-05 00:00:00,31,MALE,Chennai,Returning,6,Tablet,Direct,7.6,7,6,Fashion,Kurta,5161,No,0,No,0,No,No,0,Credit Card,Standard,,
SES505881,CUST10173,2025-07-08 00:00:00,27,FEMALE,Mumbai,Returning,8,Mobile,YouTube,19,4,9,Fashion,Kurta,2463,Yes,6099,No,0,No,Yes,2726,Credit Card,Standard,4.4,4.4
SES501596,CUST11348,2025-07-31 00:00:00,20,MALE,Mumbai,Returning,15,Desktop,Google,5.1,9,7,Electronics,Wireless Earbuds,34906,No,0,Yes,10,No,Yes,58093,Debit Card,Express,3.9,2.4
SES504079,CUST10269,2025-05-06 00:00:00,35,MALE,Delhi,Returning,7,Mobile,Email,8.1,7,3,Electronics,Headphones,4165,No,0,Yes,25,Yes,Yes,4786,Credit Card,Standard,3.8,3.2
SES505906,CUST11650,2026-03-02 00:00:00,39,MALE,Mumbai,New,0,Mobile,Google,9.9,7,5,Electronics,Wireless Earbuds,13184,Yes,15540,No,0,No,Yes,12265,Net Banking,Standard,2.7,3
SES501537,CUST11044,2025-10-20 00:00:00,32,FEMALE,Delhi,New,0,Mobile,Direct,17.7,9,4,Beauty,Face Wash,1063,Yes,903,No,0,No,Yes,1517,UPI,Express,4.3,3.1
SES505514,CUST11212,2025-07-13 00:00:00,28,MALE,Chennai,Returning,10,Mobile,Instagram,12.2,6,5,Beauty,Lipstick,488,Yes,586,Yes,15,No,Yes,963,UPI,Standard,4.5,4.2
SES505076,CUST11633,2025-04-16 00:00:00,23,FEMALE,Hyderabad,New,0,Desktop,Direct,9.6,5,2,Fashion,Jacket,4945,No,0,No,0,No,No,0,UPI,Standard,,
SES501384,CUST10714,2025-08-18 00:00:00,24,FEMALE,Delhi,Returning,7,Mobile,YouTube,17.1,7,3,Fashion,Kurta,1036,No,0,No,0,No,No,0,Credit Card,Express,,
SES504437,CUST10847,2025-12-04 00:00:00,39,MALE,Ahmedabad,New,0,Tablet,Google,7.4,9,5,Home & Kitchen,Coffee Maker,12859,No,0,No,0,No,No,0,UPI,Express,,
SES503471,CUST11349,2025-11-15 00:00:00,18,FEMALE,Delhi,Returning,11,Mobile,Instagram,10,9,6,Home & Kitchen,Bedsheet,4215,Yes,9360,No,0,No,No,0,Debit Card,Standard,,
SES504959,CUST11297,2026-06-24 00:00:00,36,MALE,Hyderabad,New,0,Desktop,Google,7.7,7,3,Fashion,Jacket,3181,No,0,No,0,No,No,0,UPI,Express,,
SES505334,CUST11723,2026-02-18 00:00:00,27,FEMALE,Bangalore,Returning,4,Desktop,Facebook,10.2,7,2,Electronics,Wireless Earbuds,33446,No,0,Yes,25,No,No,0,CREDIT CARD,Standard,,
SES501783,CUST11204,2025-12-02 00:00:00,29,MALE,Hyderabad,Returning,10,Desktop,Google,13.6,6,3,Books,Self Help Book,2276,Yes,4583,No,0,No,Yes,3084,Credit Card,Standard,4.9,4.1
SES501562,CUST10892,2025-11-28 00:00:00,29,FEMALE,Bangalore,New,0,Mobile,Google,14.8,8,4,Books,Self Help Book,1414,No,0,Yes,20,No,No,0,Cash on Delivery,Standard,,
SES504874,CUST11658,2026-02-28 00:00:00,34,MALE,Chennai,New,0,Mobile,Direct,13.5,14,3,Fashion,Jacket,1915,No,0,No,0,No,No,0,Debit Card,Express,,
SES501412,CUST11288,2025-08-26 00:00:00,30,MALE,Delhi,New,0,Desktop,Direct,6.7,4,6,Home & Kitchen,Storage Box,6241,Yes,10962,No,0,No,No,0,UPI,Express,,
SES501130,CUST11915,2026-03-10 00:00:00,39,MALE,Delhi,New,0,Desktop,Facebook,3.1,8,8,Fashion,Jeans,3135,Yes,6913,Yes,10,Yes,No,0,UPI,Standard,,
SES501746,CUST10116,2026-06-26 00:00:00,18,MALE,Mumbai,New,0,Mobile,Google,11.3,7,3,Fashion,Sneakers,2922,Yes,5723,No,0,No,Yes,5918,Net Banking,Standard,5,4.9
SES503195,CUST11538,2025-07-17 00:00:00,40,MALE,Pune,New,0,Desktop,Referral,23.2,4,4,Fashion,T-Shirt,2571,Yes,4198,No,0,No,Yes,3694,Debit Card,Standard,3.3,3.6
SES505565,CUST11224,2025-08-28 00:00:00,56,MALE,Bangalore,New,0,Mobile,Instagram,3.3,5,4,Fashion,T-Shirt,1712,Yes,1936,No,0,No,No,0,Net Banking,Standard,,
SES503177,CUST11294,2025-08-02 00:00:00,36,MALE,Chennai,Returning,9,Mobile,Email,4,5,4,Books,Business Book,2279,Yes,2720,Yes,15,Yes,Yes,3868,Cash on Delivery,Same Day,5,2.6
SES503003,CUST11271,2026-01-07 00:00:00,39,MALE,Hyderabad,New,0,Mobile,Instagram,11.5,4,3,Electronics,Wireless Earbuds,19575,No,0,Yes,10,No,No,0,Credit Card,Express,,
SES504639,CUST11726,2026-04-05 00:00:00,22,FEMALE,Bangalore,New,1,Mobile,Instagram,10.8,5,3,Electronics,Wireless Earbuds,22476,Yes,32812,Yes,20,No,No,0,UPI,Express,,
SES502265,CUST10848,2026-06-02 00:00:00,20,FEMALE,Delhi,New,0,Mobile,Instagram,4.9,7,6,Sports,Cricket Bat,8298,No,0,Yes,20,Yes,Yes,12902,Debit Card,Standard,4.2,4.3
SES500933,CUST10947,2026-03-24 00:00:00,20,FEMALE,Delhi,New,0,Mobile,Referral,5.3,6,5,Beauty,Moisturizer,4538,No,0,Yes,20,No,No,0,Debit Card,Standard,,
SES500614,CUST12129,2026-03-25 00:00:00,39,FEMALE,Chennai,New,1,Desktop,Facebook,8.1,3,4,Beauty,Shampoo,2438,Yes,4109,No,0,No,No,0,Net Banking,Standard,,
SES504591,CUST10920,2025-10-27 00:00:00,22,UNKNOWN,Chennai,Returning,11,Desktop,Referral,11.6,6,2,Fashion,Kurta,5562,Yes,13904,Yes,15,Yes,Yes,5984,Credit Card,Express,3.8,3.5
SES503353,CUST11393,2025-03-06 00:00:00,18,FEMALE,Kolkata,New,0,Mobile,Direct,6.8,8,3,Books,Biography,913,No,0,Yes,20,Yes,No,0,UPI,Standard,,
SES501756,CUST11424,2026-03-02 00:00:00,48,FEMALE,Bangalore,New,0,Desktop,Email,7.3,5,3,Electronics,Power Bank,9163,Yes,18686,No,0,No,No,0,Wallet,Same Day,,
SES504788,CUST10419,2025-11-06 00:00:00,54,FEMALE,Lucknow,Returning,10,Mobile,Instagram,9.7,8,4,Home & Kitchen,Coffee Maker,14229,No,0,No,0,No,No,0,UPI,Express,,
SES504507,CUST11472,2025-03-17 00:00:00,26,MALE,Mumbai,New,0,Mobile,Facebook,6.5,6,2,Fashion,T-Shirt,5589,No,0,No,0,No,No,0,UPI,Same Day,,
SES502973,CUST10493,2025-09-05 00:00:00,37,MALE,Bangalore,New,0,Mobile,Facebook,7.9,4,1,Fashion,Jeans,1891,No,0,Yes,20,No,No,0,Credit Card,Standard,,
SES505438,CUST10801,2026-06-03 00:00:00,41,FEMALE,Bangalore,New,0,Mobile,Google,16.9,8,7,Home & Kitchen,Bedsheet,12700,No,0,No,0,No,No,0,UPI,Standard,,
SES500506,CUST11683,2025-06-05 00:00:00,18,FEMALE,Mumbai,Returning,5,Mobile,Instagram,9.5,7,6,Fashion,T-Shirt,651,No,0,Yes,10,Yes,Yes,1133,Credit Card,Express,3.1,4
SES502260,CUST10559,2025-05-26 00:00:00,23,MALE,Mumbai,New,0,Desktop,Direct,10.9,9,6,Beauty,Perfume,4599,No,0,Yes,30,No,No,0,UPI,Same Day,,
SES500273,CUST11817,2025-10-05 00:00:00,33,MALE,Ahmedabad,Returning,15,Desktop,YouTube,5.1,11,3,Fashion,Jacket,2627,Yes,4042,No,0,No,No,0,UPI,Express,,
SES505140,CUST12160,2025-09-11 00:00:00,35,MALE,Delhi,New,0,Tablet,Google,4.6,6,4,Sports,Dumbbells,4378,Yes,4256,Yes,25,Yes,Yes,5100,UPI,Standard,3,3.9
SES502155,CUST11244,2025-10-30 00:00:00,44,MALE,Hyderabad,New,0,Mobile,YouTube,6.6,9,5,Electronics,Bluetooth Speaker,15791,Yes,25853,Yes,15,Yes,Yes,27630,UPI,Standard,3.8,3.4
SES502808,CUST11181,2025-02-17 00:00:00,36,MALE,Delhi,New,0,Mobile,Google,11.4,9,5,Home & Kitchen,Table Lamp,6181,No,0,Yes,15,Yes,No,0,UPI,Standard,,
SES502224,CUST10571,2025-09-30 00:00:00,28,MALE,Unknown,Returning,13,Mobile,Direct,6.2,6,1,Beauty,Face Wash,3727,No,0,No,0,No,No,0,Wallet,Standard,,
SES500107,CUST11924,2025-11-08 00:00:00,29,FEMALE,Lucknow,Returning,2,Mobile,Direct,22.8,1,7,Beauty,Shampoo,3711,No,0,Yes,20,Yes,No,0,Net Banking,Same Day,,
SES503461,CUST10239,2026-06-09 00:00:00,19,FEMALE,Delhi,Returning,8,Mobile,Google,6.1,3,4,Fashion,Jeans,2476,Yes,5019,No,0,No,No,0,Cash on Delivery,Standard,,
SES504768,CUST10705,2025-11-13 00:00:00,23,MALE,Bangalore,New,0,Mobile,Facebook,15.9,8,6,Electronics,Bluetooth Speaker,14508,No,0,Yes,15,Yes,No,0,Cash on Delivery,Standard,,
SES500953,CUST12144,2025-10-03 00:00:00,37,MALE,Delhi,Returning,15,Desktop,Direct,23.7,3,6,Fashion,Jeans,1752,No,0,No,0,No,No,0, UPI ,Standard,,
SES504276,CUST10838,2025-02-06 00:00:00,38,FEMALE,Delhi,New,0,Mobile,YouTube,5.5,8,5,Fashion,T-Shirt,5279,Yes,10518,No,0,No,No,0,Debit Card,Express,,
SES501610,CUST12191,2025-08-07 00:00:00,38,FEMALE,Lucknow,Returning,12,Desktop,Google,9.4,6,3,Home & Kitchen,Coffee Maker,12004,No,0,No,0,No,No,0,Debit Card,Standard,,
SES503459,CUST11921,2025-12-01 00:00:00,44,MALE,Delhi,Returning,4,Mobile,Email,8.2,14,4,Home & Kitchen,Bedsheet,13931,Yes,32777,No,0,No,No,0,UPI,Express,,
SES504667,CUST11703,2026-06-05 00:00:00,18,FEMALE,Mumbai,New,0,Desktop,Instagram,7.1,3,4,Sports,Yoga Mat,11971,Yes,12468,No,0,No,Yes,23535,Wallet,Standard,4.6,5
SES501025,CUST10702,2025-09-12 00:00:00,33,FEMALE,Ahmedabad,Returning,9,Desktop,Google,2.8,4,4,Beauty,Moisturizer,2565,Yes,3213,Yes,5,No,No,0,Cash on Delivery,Express,,
SES501748,CUST11466,2025-06-16 00:00:00,18,MALE,Hyderabad,Returning,7,Mobile,Google,4.4,8,2,Fashion,Jacket,890,No,0,Yes,15,No,No,0,UPI,Standard,,
SES501091,CUST10711,2025-07-30 00:00:00,49,MALE,Pune,Returning,10,Mobile,Google,7.6,9,5,Beauty,Face Wash,3300,Yes,4531,Yes,5,No,No,0,Credit Card,Same Day,,
SES500417,CUST11297,2025-12-21 00:00:00,35,FEMALE,Delhi,Returning,14,Tablet,Email,15.8,7,7,Beauty,Lipstick,3655,Yes,5619,Yes,15,Yes,Yes,5246,UPI,Standard,3.7,3.8
SES502576,CUST12042,2025-09-18 00:00:00,45,MALE,Bangalore,New,0,Mobile,Google,4.8,7,4,Fashion,Kurta,2598,No,0,No,0,No,No,0,Debit Card,Express,,
SES505065,CUST10999,2025-04-20 00:00:00,36,MALE,Bangalore,Returning,2,Desktop,Unknown,11.9,9,4,Fashion,Kurta,1657,Yes,2004,No,0,No,Yes,1696,Cash on Delivery,Express,3.3,5
SES503721,CUST11939,2025-04-19 00:00:00,26,MALE,Jaipur,New,0,Mobile,Facebook,7.5,6,3,Fashion,Jeans,4146,Yes,6588,No,0,No,Yes,7602,UPI,Standard,4.5,4.6
SES500565,CUST11894,2026-02-19 00:00:00,46,FEMALE,Hyderabad,New,0,Mobile,Google,13.2,8,2,Beauty,Moisturizer,3512,Yes,3921,No,0,No,Yes,4579,Debit Card,Express,3.9,5
SES500479,CUST11082,2026-04-20 00:00:00,31,MALE,Ahmedabad,New,0,Mobile,Google,7.1,4,7,Electronics,Wireless Earbuds,11339,No,0,No,0,No,No,0,UPI,Same Day,,
SES505689,CUST11408,2026-04-29 00:00:00,34,MALE,Kolkata,New,0,Mobile,Instagram,13,4,4,Books,Self Help Book,604,Yes,645,No,0,No,No,0,Cash on Delivery,Standard,,
SES500143,CUST11137,2025-06-05 00:00:00,18,MALE,Lucknow,New,0,Mobile,Google,12.2,9,5,Electronics,Bluetooth Speaker,17628,No,0,Yes,10,Yes,No,0,Credit Card,Express,,
SES502095,CUST11137,2025-05-18 00:00:00,24,FEMALE,Kolkata,New,0,Mobile,Email,10.7,9,2,Fashion,T-Shirt,6504,Yes,5539,Yes,30,Yes,Yes,5159,Wallet,Standard,3.4,3.1
SES503962,CUST10916,2025-05-30 00:00:00,28,FEMALE,Kolkata,New,0,Desktop,Instagram,13.3,7,4,Beauty,Shampoo,2259,No,0,Yes,5,Yes,No,0,Cash on Delivery,Standard,,
SES501120,CUST11450,2025-01-05 00:00:00,34,MALE,Kolkata,Returning,9,Mobile,Google,5.5,14,2,Beauty,Perfume,2301,Yes,5274,No,0,No,Yes,2133,Cash on Delivery,Standard,4.1,4.3
SES502169,CUST11252,2025-05-22 00:00:00,41,FEMALE,Unknown,Returning,6,Mobile,Google,8.1,7,4,Fashion,Sneakers,4403,Yes,10701,No,0,No,No,0,Debit Card,Standard,,
SES500606,CUST12018,2025-04-01 00:00:00,40,MALE,Jaipur,New,0,Mobile,Direct,19.7,8,3,Fashion,Kurta,6163,Yes,8238,Yes,15,Yes,Yes,8103,UPI,Standard,4.3,4.9
SES505693,CUST10745,2026-01-23 00:00:00,25,FEMALE,Delhi,Returning,12,Mobile,Email,5.5,7,8,Electronics,Wireless Earbuds,12645,Yes,30712,Yes,30,Yes,Yes,15533, UPI ,Standard,3.8,4
SES503408,CUST12026,2025-03-08 00:00:00,37,FEMALE,Unknown,New,0,Mobile,Email,8.1,3,6,Fashion,Jeans,4809,No,0,No,0,No,No,0,UPI,Standard,,
SES500498,CUST11853,2025-04-29 00:00:00,37,MALE,Bangalore,Returning,6,Mobile,Google,19.6,5,5,Home & Kitchen,Cookware Set,1858,Yes,1784,Yes,10,No,Yes,2233,UPI,Same Day,4.7,2.2
SES501104,CUST10935,2026-06-12 00:00:00,40,MALE,Hyderabad,Returning,15,Mobile,Email,11.9,5,2,Sports,Cricket Bat,4557,Yes,9489,No,0,No,No,0,Wallet,Standard,,
SES502578,CUST11636,2025-02-01 00:00:00,38,MALE,Bangalore,New,1,Tablet,Facebook,12.3,6,4,Beauty,Face Wash,1430,Yes,2209,No,0,No,Yes,2527,Cash on Delivery,Standard,3.5,4.1
SES503427,CUST10450,2026-02-01 00:00:00,27,FEMALE,Kolkata,New,0,Desktop,Google,3.8,3,4,Beauty,Face Wash,2019,Yes,4717,Yes,10,Yes,Yes,2876,UPI,Standard,4.4,5
SES503613,CUST11699,2025-04-26 00:00:00,30,MALE,Chennai,Returning,11,Mobile,Instagram,10.8,7,5,Fashion,Kurta,2174,Yes,2556,Yes,30,No,Yes,1919,UPI,Standard,5,3.4
SES500722,CUST10243,2026-04-21 00:00:00,54,MALE,Ahmedabad,New,0,Mobile,Email,4.4,9,4,Electronics,Wireless Earbuds,34595,No,0,Yes,10,Yes,No,0,Credit Card,Express,,
SES501193,CUST10781,2025-08-05 00:00:00,35,FEMALE,Delhi,Returning,2,Tablet,Direct,3.7,9,6,Fashion,Kurta,5361,Yes,6365,Yes,5,Yes,Yes,7073,UPI,Standard,4.8,4.2
SES501026,CUST11600,2025-03-03 00:00:00,29,MALE,Kolkata,Returning,11,Mobile,Referral,5.1,8,5,Electronics,Smart Watch,29206,Yes,25071,Yes,10,No,Yes,44784,Credit Card,Same Day,4.4,4.3
SES505590,CUST10429,2025-09-14 00:00:00,18,MALE,Bangalore,New,0,Mobile,Referral,9.8,5,2,Beauty,Face Wash,3003,Yes,4184,Yes,25,Yes,Yes,4678,Net Banking,Same Day,3.9,3.3
SES501394,CUST10090,2025-11-21 00:00:00,43,MALE,Bangalore,Returning,14,Mobile,Google,11.6,5,7,Fashion,T-Shirt,6119,Yes,14942,No,0,No,Yes,13143,UPI,Standard,4.6,3.5
SES501408,CUST12057,2025-10-13 00:00:00,18,FEMALE,Pune,New,0,Desktop,Facebook,2.8,6,3,Sports,Dumbbells,11171,No,0,Yes,20,Yes,No,0,Debit Card,Standard,,
SES504909,CUST11141,2026-04-07 00:00:00,27,FEMALE,Kolkata,New,0,Mobile,Referral,14.4,7,3,Beauty,Shampoo,1146,No,0,No,0,No,No,0,Credit Card,Standard,,
SES502182,CUST11450,2025-03-24 00:00:00,21,MALE,Chennai,Returning,2,Mobile,Facebook,8.6,8,6,Electronics,Smart Watch,31212,Yes,66220,No,0,No,No,0,Debit Card,Express,,
SES504858,CUST11936,2025-10-27 00:00:00,42,MALE,Bangalore,Returning,15,Mobile,Direct,2.6,7,4,Fashion,Jacket,4202,Yes,8097,No,0,No,No,0,Cash on Delivery,Standard,,
SES503498,CUST10899,2026-05-13 00:00:00,34,FEMALE,Pune,New,0,Mobile,Google,14.2,6,6,Fashion,Sneakers,5597,No,0,No,0,No,No,0,UPI,Standard,,
SES503806,CUST11882,2025-12-26 00:00:00,40,FEMALE,Chennai,Returning,9,Mobile,Email,1.6,7,1,Home & Kitchen,Bedsheet,7756,No,0,No,0,No,No,0,Wallet,Express,,
SES501887,CUST10242,2026-01-19 00:00:00,32,FEMALE,Jaipur,New,0,Mobile,Referral,14.2,9,4,Beauty,Face Wash,1916,Yes,2997,No,0,No,No,0,Wallet,Standard,,
SES502252,CUST11451,2025-09-17 00:00:00,43,MALE,Bangalore,Returning,15,Mobile,Instagram,10.7,7,5,Home & Kitchen,Table Lamp,13185,No,0,Yes,10,No,No,0,UPI,Standard,,
SES500337,CUST11932,2025-08-28 00:00:00,25,MALE,Chennai,New,1,Mobile,Direct,14.7,4,8,Beauty,Moisturizer,2939,No,0,Yes,5,Yes,No,0,Cash on Delivery,Express,,
SES505285,CUST10273,2025-01-21 00:00:00,36,FEMALE,Delhi,New,0,Mobile,Google,5.7,11,3,Home & Kitchen,Cookware Set,9904,No,0,No,0,No,No,0,Cash on Delivery,Standard,,
SES502346,CUST11830,2025-06-11 00:00:00,25,FEMALE,Kolkata,New,0,Mobile,Instagram,5.7,6,2,Beauty,Lipstick,1834,No,0,Yes,20,Yes,Yes,3542,Cash on Delivery,Standard,4,5
SES501666,CUST10952,2025-03-27 00:00:00,35,FEMALE,Delhi,New,0,Mobile,Google,10.1,9,6,Fashion,T-Shirt,2450,Yes,4645,No,0,No,No,0,UPI,Standard,,
SES503166,CUST10065,2026-06-08 00:00:00,32,MALE,Delhi,New,0,Mobile,Google,8.1,6,4,Sports,Football,3411,No,0,Yes,20,Yes,No,0,Debit Card,Express,,
SES505821,CUST11440,2025-06-20 00:00:00,40,MALE,Pune,Returning,2,Mobile,Referral,7,7,6,Home & Kitchen,Bedsheet,6044,No,0,Yes,25,Yes,No,0,Credit Card,Express,,
SES505081,CUST12173,2026-06-13 00:00:00,32,FEMALE,Bangalore,Returning,14,Desktop,Instagram,10.5,7,3,Fashion,Sneakers,692,No,0,No,0,No,Yes,1469,UPI,Express,2.5,3.3
SES502822,CUST10471,2025-03-20 00:00:00,31,MALE,Kolkata,Returning,12,Mobile,Direct,4.8,11,5,Home & Kitchen,Table Lamp,13205,No,0,Yes,10,Yes,Yes,10121,UPI,Express,3.5,3.4
SES503264,CUST11743,2025-11-10 00:00:00,31,FEMALE,Jaipur,New,0,Mobile,Instagram,10.4,11,7,Home & Kitchen,Storage Box,12757,No,0,No,0,No,No,0,Wallet,Standard,,
SES505715,CUST10315,2026-05-15 00:00:00,33,FEMALE,Delhi,New,0,Mobile,Google,4.4,4,4,Electronics,Bluetooth Speaker,9455,No,0,Yes,25,Yes,Yes,14823,Cash on Delivery,Standard,4.5,2.6
SES500725,CUST10920,2026-01-10 00:00:00,34,MALE,Jaipur,New,0,Mobile,Referral,2.6,5,8,Electronics,Bluetooth Speaker,7576,Yes,13242,No,0,No,Yes,10917,UPI,Standard,2.8,3.8
SES500766,CUST10261,2025-12-18 00:00:00,20,UNKNOWN,Jaipur,New,0,Desktop,Facebook,7.7,8,3,Electronics,Smart Watch,19347,No,0,No,0,No,No,0,Wallet,Standard,,
SES500287,CUST11891,2026-04-13 00:00:00,23,MALE,Kolkata,Returning,13,Mobile,Referral,8.6,7,3,Electronics,Wireless Earbuds,21952,Yes,45017,No,0,No,Yes,37078,Wallet,Express,5,3.9
SES500308,CUST11716,2025-10-19 00:00:00,39,FEMALE,Bangalore,New,0,Mobile,Direct,14,9,2,Sports,Cricket Bat,2302,No,0,No,0,No,No,0,Net Banking,Standard,,
SES502314,CUST10190,2025-01-31 00:00:00,22,MALE,Delhi,New,0,Mobile,Google,6.4,9,6,Beauty,Shampoo,464,No,0,Yes,25,Yes,No,0,UPI,Standard,,
SES504694,CUST10175,2025-10-28 00:00:00,18,MALE,Pune,New,0,Desktop,Referral,9.6,6,6,Electronics,Headphones,25448,No,0,No,0,No,No,0,credit card,Standard,,
SES505466,CUST10435,2025-06-27 00:00:00,41,MALE,Kolkata,Returning,12,Mobile,Direct,6.7,13,6,Electronics,Power Bank,25486,Yes,43564,Yes,20,Yes,No,0,Credit Card,Standard,,
SES505091,CUST11906,2025-10-02 00:00:00,29,FEMALE,Mumbai,Returning,6,Tablet,Unknown,10.7,7,2,Beauty,Lipstick,3076,Yes,6786,Yes,15,No,No,0,UPI,Express,,
SES501198,CUST11381,2026-05-17 00:00:00,23,FEMALE,Jaipur,Returning,3,Mobile,YouTube,1.5,7,5,Fashion,Kurta,896,No,0,No,0,No,No,0,UPI,Standard,,
SES505111,CUST10146,2025-05-28 00:00:00,46,MALE,Jaipur,Returning,3,Mobile,Facebook,15,6,5,Fashion,Kurta,6805,No,0,Yes,20,No,No,0,Cash on Delivery,Same Day,,
SES501889,CUST10173,2025-02-15 00:00:00,22,MALE,Pune,Returning,15,Desktop,Google,17.7,9,4,Beauty,Face Wash,3551,Yes,7420,Yes,15,Yes,Yes,6006,Cash on Delivery,Standard,4,3.1
SES500072,CUST12028,2026-05-11 00:00:00,18,FEMALE,Ahmedabad,Returning,8,Desktop,Instagram,5,8,7,Books,Biography,559,Yes,635,No,0,No,Yes,956,Debit Card,Express,3.8,3.1
SES501600,CUST10019,2026-01-16 00:00:00,25,MALE,Bangalore,Returning,3,Mobile,Referral,3.2,4,5,Home & Kitchen,Cookware Set,11693,No,0,Yes,5,No,No,0,UPI,Express,,
SES500712,CUST10877,2025-09-15 00:00:00,29,MALE,Delhi,New,0,Mobile,Google,1.6,6,3,Electronics,Power Bank,5159,Yes,12233,Yes,5,Yes,No,0,Credit Card,Standard,,
SES503752,CUST12149,2026-05-05 00:00:00,27,MALE,Mumbai,Returning,9,Mobile,YouTube,6.6,10,2,Electronics,Headphones,7462,No,0,No,0,No,No,0,Debit Card,Standard,,
SES501021,CUST11773,2025-09-17 00:00:00,36,FEMALE,Ahmedabad,Returning,13,Desktop,Email,13,5,8,Fashion,Kurta,5905,Yes,6248,Yes,25,No,No,0,Cash on Delivery,Express,,
SES505675,CUST10080,2025-06-16 00:00:00,22,MALE,Mumbai,New,0,Mobile,Facebook,17.5,7,6,Fashion,Jeans,1109,No,0,No,0,No,No,0,Net Banking,Express,,
SES504316,CUST11877,2026-05-02 00:00:00,30,FEMALE,Ahmedabad,New,0,Mobile,YouTube,13.6,11,1,Electronics,Power Bank,22000,No,0,Yes,25,Yes,No,0,UPI,Express,,
SES502319,CUST10041,2025-07-05 00:00:00,41,MALE,Pune,New,0,Desktop,Google,4.2,6,7,Home & Kitchen,Table Lamp,1134,No,0,Yes,15,Yes,No,0,Net Banking,Same Day,,
SES500738,CUST11465,2025-02-12 00:00:00,46,MALE,Delhi,New,0,Mobile,Google,10.5,5,6,Fashion,Jeans,4282,No,0,No,0,No,No,0,Debit Card,Standard,,
SES502958,CUST11777,2025-10-04 00:00:00,38,MALE,Hyderabad,New,1,Mobile,YouTube,8,12,4,Fashion,Sneakers,4974,Yes,7299,Yes,25,Yes,No,0,Wallet,Standard,,
SES503296,CUST11190,2025-05-31 00:00:00,45,MALE,Pune,New,1,Mobile,YouTube,12.8,11,1,Books,Biography,2234,Yes,3215,No,0,No,Yes,3300,UPI,Standard,4.1,3
SES505577,CUST10804,2025-10-09 00:00:00,36,MALE,Delhi,New,0,Desktop,YouTube,4.5,5,5,Fashion,T-Shirt,6243,Yes,14864,No,0,No,Yes,10345,Wallet,Express,4.9,2.9
SES505705,CUST12007,2025-09-13 00:00:00,21,MALE,Ahmedabad,New,0,Mobile,Facebook,10.7,6,6,Fashion,Jeans,5020,Yes,9249,Yes,10,Yes,Yes,4732,Credit Card,Express,5,5
SES504422,CUST12015,2026-05-01 00:00:00,19,FEMALE,Pune,New,0,Mobile,YouTube,3.7,3,4,Home & Kitchen,Storage Box,9879,No,0,Yes,15,Yes,No,0,UPI,Standard,,
SES501162,CUST10939,2026-05-09 00:00:00,31,MALE,Hyderabad,Returning,10,Mobile,YouTube,7,3,2,Home & Kitchen,Coffee Maker,13032,Yes,29717,Yes,20,Yes,Yes,13756,Credit Card,Standard,3.8,2.7
SES501096,CUST10335,2026-04-27 00:00:00,30,MALE,Pune,New,0,Mobile,Google,7.7,8,2,Books,Biography,264,No,0,Yes,20,Yes,No,0,Credit Card,Standard,,
SES502108,CUST12011,2026-01-20 00:00:00,45,FEMALE,Hyderabad,Returning,13,Tablet,Referral,10.2,8,3,Home & Kitchen,Table Lamp,1861,No,0,Yes,20,No,No,0,Credit Card,Express,,
SES502971,CUST11542,2025-02-28 00:00:00,18,MALE,Mumbai,Returning,11,Mobile,Google,8.6,2,2,Sports,Dumbbells,11746,Yes,18685,No,0,No,No,0,UPI,Standard,,
SES502506,CUST10584,2026-02-01 00:00:00,23,FEMALE,Hyderabad,New,1,Desktop,Facebook,14.2,10,4,Home & Kitchen,Storage Box,4240,Yes,10381,Yes,20,No,Yes,6752,UPI,Standard,4.6,2.6
SES503957,CUST10537,2025-08-22 00:00:00,40,FEMALE,Mumbai,Returning,3,Mobile,Instagram,5.1,3,4,Sports,Running Shoes,2879,Yes,3884,Yes,15,Yes,Yes,4475,UPI,Standard,3.5,2.9
SES500979,CUST10471,2025-10-04 00:00:00,47,FEMALE,Chennai,Returning,3,Mobile,Instagram,7.7,8,3,Home & Kitchen,Bedsheet,7675,Yes,18123,No,0,No,Yes,14784,UPI,Express,4.3,4.7
SES501143,CUST10266,2025-03-05 00:00:00,26,FEMALE,Lucknow,New,0,Mobile,Instagram,6.2,6,2,Books,Business Book,381,No,0,Yes,20,Yes,No,0,UPI,Standard,,
SES505134,CUST10989,2025-02-07 00:00:00,32,MALE,Pune,Returning,4,Mobile,Google,5.3,5,3,Home & Kitchen,Storage Box,5053,No,0,Yes,25,No,No,0,Debit Card,Standard,,
SES503559,CUST10650,2025-01-14 00:00:00,35,FEMALE,Delhi,Returning,12,Mobile,Google,18.6,8,5,Electronics,Smart Watch,19498,Yes,48304,Yes,20,No,Yes,42236,Credit Card,Standard,3.7,4.9
SES504571,CUST10391,2025-02-11 00:00:00,20,MALE,Bangalore,New,0,Desktop,Google,11.7,5,12,Beauty,Perfume,1015,No,0,No,0,No,No,0,Net Banking,Standard,,
SES505310,CUST10538,2025-03-05 00:00:00,20,FEMALE,Ahmedabad,New,0,Mobile,Referral,6.4,9,5,Sports,Dumbbells,9827,Yes,16289,No,0,No,No,0,UPI,Express,,
SES500345,CUST10560,2025-08-10 00:00:00,33,MALE,Mumbai,Returning,8,Mobile,Instagram,5.2,9,5,Home & Kitchen,Coffee Maker,3206,No,0,No,0,No,No,0,UPI,Standard,,
SES505077,CUST10895,2025-02-19 00:00:00,34,MALE,Hyderabad,New,0,Desktop,Direct,13.8,4,3,Electronics,Bluetooth Speaker,1990,Yes,2144,No,0,No,Yes,3103,UPI,Standard,4.1,3.3
SES500912,CUST11087,2025-12-25 00:00:00,27,MALE,Delhi,New,0,Mobile,Google,13.6,8,6,Home & Kitchen,Cookware Set,5296,No,0,No,0,No,No,0,UPI,Same Day,,
SES501621,CUST12133,2025-07-14 00:00:00,20,MALE,Kolkata,Returning,12,Desktop,YouTube,9.1,11,7,Fashion,T-Shirt,4385,Yes,10613,Yes,20,No,No,0,Credit Card,Same Day,,
SES500048,CUST11130,2025-10-12 00:00:00,28,FEMALE,Chennai,New,0,Mobile,Email,8.7,8,5,Sports,Running Shoes,9157,Yes,16190,No,0,No,Yes,8529,Wallet,Same Day,3.9,4.8
SES502388,CUST10934,2026-01-03 00:00:00,49,FEMALE,Ahmedabad,New,0,Mobile,Direct,17,8,5,Electronics,Power Bank,30506,Yes,27539,Yes,10,Yes,Yes,52694,Debit Card,Same Day,4.5,2.7
SES505614,CUST11485,2025-08-13 00:00:00,38,MALE,Ahmedabad,Returning,8,Mobile,Instagram,9.3,7,2,Books,Business Book,386,Yes,343,Yes,10,Yes,Yes,529,UPI,Standard,4.9,4.6
SES500444,CUST11239,2026-04-01 00:00:00,27,MALE,Hyderabad,New,0,Mobile,Referral,7,6,2,Sports,Cricket Bat,3968,Yes,9284,Yes,25,No,Yes,4665,Cash on Delivery,Standard,3.3,4.7
SES501972,CUST11250,2025-06-29 00:00:00,33,FEMALE,Ahmedabad,New,0,Mobile,Instagram,13.7,6,3,Electronics,Wireless Earbuds,12657,Yes,31246,Yes,10,Yes,Yes,15504,Debit Card,Standard,4.9,4
SES503167,CUST11498,2026-03-25 00:00:00,30,MALE,Bangalore,Returning,6,Mobile,Google,6.1,6,5,Sports,Dumbbells,10931,Yes,8880,No,0,No,Yes,12522,Debit Card,Standard,4.6,3.4
SES502517,CUST10727,2025-04-30 00:00:00,33,MALE,Mumbai,New,0,Mobile,Google,12.9,4,4,Fashion,Sneakers,3768,Yes,7924,Yes,15,Yes,No,0,Credit Card,Same Day,,
SES502996,CUST10797,2025-06-20 00:00:00,52,MALE,Lucknow,Returning,3,Mobile,YouTube,4,6,4,Fashion,Sneakers,2207,No,0,No,0,No,No,0,UPI,Standard,,
SES501935,CUST10232,2025-07-27 00:00:00,34,FEMALE,Kolkata,Returning,8,Mobile,Instagram,7.7,8,3,Books,Biography,439,Yes,669,Yes,5,Yes,Yes,432,Credit Card,Standard,3.8,4.4
SES505616,CUST10478,2026-05-29 00:00:00,22,FEMALE,Ahmedabad,New,0,Mobile,Instagram,21.2,6,2,Home & Kitchen,Coffee Maker,6255,Yes,10256,Yes,10,Yes,No,0,Debit Card,Standard,,
SES501245,CUST10191,2026-04-11 00:00:00,18,FEMALE,Chennai,Returning,14,Mobile,Direct,9.7,5,3,Electronics,Smart Watch,16568,No,0,No,0,No,No,0,Cash on Delivery,Standard,,
SES505899,CUST11190,2026-03-12 00:00:00,19,MALE,Chennai,New,0,Mobile,Google,11.6,3,5,Electronics,Power Bank,12494,Yes,31037,Yes,15,No,No,0,Credit Card,Standard,,
SES505196,CUST11914,2025-08-30 00:00:00,37,MALE,Bangalore,New,0,Mobile,Instagram,11,13,8,Beauty,Lipstick,1867,No,0,No,0,No,No,0,UPI,Standard,,
SES501056,CUST11041,2025-07-22 00:00:00,30,MALE,Delhi,Returning,8,Mobile,Email,7.9,6,6,Electronics,Headphones,22806,Yes,41813,No,0,No,Yes,43096,Net Banking,Standard,4.2,3.5
SES500849,CUST10011,2025-11-07 00:00:00,24,FEMALE,Delhi,New,0,Mobile,Referral,12.8,9,4,Home & Kitchen,Table Lamp,13776,No,0,Yes,15,No,No,0,Cash on Delivery,Standard,,
SES502708,CUST10840,2026-03-20 00:00:00,43,MALE,Kolkata,New,0,Mobile,Instagram,7.1,7,4,Fashion,Jeans,1048,No,0,No,0,No,No,0,Debit Card,Standard,,
SES501952,CUST10360,2025-08-27 00:00:00,24,MALE,Delhi,Returning,15,Desktop,Direct,4.8,10,5,Home & Kitchen,Cookware Set,865,No,0,Yes,15,Yes,No,0,UPI,Standard,,
SES505440,CUST10825,2025-12-14 00:00:00,30,MALE,Hyderabad,New,1,Mobile,YouTube,2.1,5,3,Beauty,Moisturizer,1516,Yes,2509,No,0,No,Yes,2182,Debit Card,Standard,4.3,3.7
SES502776,CUST12079,2026-06-26 00:00:00,30,FEMALE,Bangalore,Returning,14,Mobile,YouTube,15.9,9,5,Sports,Cricket Bat,9494,Yes,16498,No,0,No,Yes,11704,UPI,Express,5,3
SES505637,CUST10019,2026-05-25 00:00:00,31,FEMALE,Delhi,New,0,Mobile,Instagram,5.3,22,6,Books,Biography,2396,Yes,5051,Yes,10,Yes,Yes,3138,Credit Card,Standard,2.1,3.7
SES504304,CUST11860,2026-03-31 00:00:00,50,MALE,Delhi,Returning,14,Mobile,Instagram,11.9,9,4,Fashion,Sneakers,4975,Yes,10434,No,0,No,Yes,6665,Cash on Delivery,Standard,3.2,3
SES503261,CUST10596,2025-11-09 00:00:00,20,FEMALE,Chennai,New,0,Desktop,Google,10.5,8,2,Books,Academic Book,2255,No,0,No,0,No,No,0,Wallet,Standard,,
SES503337,CUST11674,2025-01-15 00:00:00,37,MALE,Delhi,Returning,11,Mobile,Direct,3.6,5,6,Electronics,Headphones,15476,No,0,No,0,No,No,0,UPI,Standard,,
SES501171,CUST11595,2025-01-15 00:00:00,47,FEMALE,Unknown,New,0,Tablet,YouTube,12.5,7,4,Fashion,Sneakers,4052,No,0,Yes,20,No,No,0,UPI,Standard,,
SES500777,CUST12039,2025-05-01 00:00:00,21,MALE,Mumbai,Returning,11,Mobile,YouTube,12.8,5,4,Home & Kitchen,Cookware Set,6586,No,0,Yes,25,Yes,No,0,UPI,Same Day,,
SES505708,CUST10373,2025-05-02 00:00:00,39,MALE,Hyderabad,New,0,Tablet,Direct,8.6,7,3,Electronics,Power Bank,33130,Yes,53923,No,0,No,No,0,Credit Card,Express,,
SES500184,CUST10489,2025-09-22 00:00:00,43,MALE,Mumbai,New,0,Mobile,YouTube,15,5,4,Fashion,Jeans,3851,Yes,4121,Yes,15,Yes,Yes,3568,UPI,Standard,5,3.3
SES502139,CUST10638,2025-04-02 00:00:00,26,FEMALE,Kolkata,New,0,Mobile,Instagram,10.4,9,4,Home & Kitchen,Table Lamp,3318,Yes,3163,Yes,10,Yes,No,0,Credit Card,Standard,,
SES504122,CUST12046,2026-06-20 00:00:00,42,MALE,Pune,New,0,Tablet,YouTube,11.6,4,4,Fashion,Sneakers,4146,No,0,Yes,15,Yes,No,0,Cash on Delivery,Express,,
SES505742,CUST10529,2025-10-17 00:00:00,19,FEMALE,Delhi,New,0,Mobile,Facebook,2.2,5,6,Fashion,Kurta,5177,Yes,7290,No,0,No,No,0,Cash on Delivery,Standard,,
SES505559,CUST10570,2025-06-04 00:00:00,35,FEMALE,Lucknow,New,0,Mobile,Referral,5.7,7,5,Fashion,Sneakers,5149,Yes,8528,Yes,5,Yes,No,0,UPI,Express,,
SES500735,CUST11630,2025-10-04 00:00:00,24,MALE,Mumbai,New,0,Mobile,Google,23.1,4,4,Beauty,Moisturizer,1452,Yes,2204,No,0,No,No,0,Debit Card,Express,,
SES501875,CUST11765,2025-07-05 00:00:00,18,FEMALE,Hyderabad,New,0,Mobile,Email,2.4,2,2,Books,Business Book,2241,No,0,No,0,No,No,0,UPI,Standard,,
SES504349,CUST10012,2025-10-05 00:00:00,38,MALE,Bangalore,Returning,10,Desktop,Email,11.8,7,8,Beauty,Shampoo,2503,Yes,5813,No,0,No,Yes,4704,cash on delivery,Express,4.9,5
SES503835,CUST10349,2026-03-11 00:00:00,21,MALE,Delhi,Returning,11,Mobile,Facebook,19.8,7,2,Fashion,Kurta,975,Yes,1203,No,0,No,Yes,1038,Wallet,Express,3.7,2.4
SES502064,CUST11796,2025-03-05 00:00:00,33,MALE,Delhi,Returning,15,Mobile,Direct,5.1,8,6,Home & Kitchen,Storage Box,9466,Yes,15973,No,0,No,Yes,20520,Credit Card,Express,4.4,4.9
SES500486,CUST11997,2026-06-06 00:00:00,18,FEMALE,Chennai,Returning,6,Desktop,Instagram,3.9,5,5,Books,Fiction Book,1116,No,0,Yes,15,Yes,No,0,UPI,Standard,,
SES501187,CUST11597,2026-03-12 00:00:00,24,FEMALE,Ahmedabad,Returning,13,Desktop,Instagram,7.3,5,1,Electronics,Bluetooth Speaker,34760,Yes,77794,No,0,No,No,0,Net Banking,Express,,
SES500453,CUST11417,2025-04-10 00:00:00,24,FEMALE,Jaipur,New,0,Tablet,Direct,7,10,4,Sports,Football,5608,Yes,7872,Yes,20,Yes,Yes,7829,Cash on Delivery,Standard,2.5,4
SES503857,CUST10315,2025-06-02 00:00:00,27,FEMALE,Mumbai,New,0,Mobile,Referral,12.4,4,3,Books,Self Help Book,1091,No,0,No,0,No,No,0,Cash on Delivery,Express,,
SES504620,CUST10582,2025-09-09 00:00:00,39,FEMALE,Ahmedabad,New,0,Mobile,Facebook,13.1,8,3,Sports,Yoga Mat,1379,Yes,3421,Yes,15,No,No,0,Credit Card,Standard,,
SES500031,CUST11529,2025-05-17 00:00:00,20,MALE,Pune,New,0,Mobile,Instagram,5.9,8,3,Home & Kitchen,Storage Box,13937,No,0,Yes,10,Yes,No,0,Debit Card,Standard,,
SES500790,CUST10873,2026-01-18 00:00:00,32,FEMALE,Pune,New,0,Mobile,Google,1.9,4,2,Books,Academic Book,1487,No,0,Yes,20,Yes,No,0,Credit Card,Standard,,
SES502846,CUST11577,2025-12-04 00:00:00,43,FEMALE,Mumbai,New,0,Desktop,YouTube,5.6,10,3,Electronics,Wireless Earbuds,2365,Yes,4943,No,0,No,Yes,4872,Cash on Delivery,Standard,3.5,4
SES502233,CUST11902,2026-04-20 00:00:00,23,MALE,Pune,Returning,9,Desktop,Referral,10.7,4,4,Electronics,Wireless Earbuds,24898,Yes,59769,Yes,15,Yes,Yes,29786,Cash on Delivery,Express,3.1,4.7
SES501110,CUST11122,2025-05-01 00:00:00,47,FEMALE,Bangalore,New,0,Desktop,Direct,6.2,3,4,Home & Kitchen,Storage Box,13798,Yes,18453,Yes,10,No,No,0,Cash on Delivery,Standard,,
SES500101,CUST11882,2026-01-05 00:00:00,26,MALE,Delhi,Returning,7,Mobile,Direct,7.8,9,8,Sports,Yoga Mat,3378,Yes,4069,Yes,15,No,Yes,4596,UPI,Standard,4.2,3.3
SES504014,CUST10192,2025-05-18 00:00:00,20,FEMALE,Bangalore,Returning,3,Mobile,Direct,6.5,12,3,Fashion,T-Shirt,1647,Yes,1883,Yes,5,No,No,0,UPI,Same Day,,
SES505415,CUST10478,2025-11-16 00:00:00,20,FEMALE,Bangalore,New,0,Mobile,Instagram,1.8,5,4,Beauty,Lipstick,4856,No,0,No,0,No,No,0,UPI,Same Day,,
SES503204,CUST10464,2025-10-23 00:00:00,22,MALE,Hyderabad,New,0,Mobile,Direct,3.8,5,7,Books,Biography,1877,Yes,4415,Yes,10,Yes,Yes,1895,UPI,Standard,4.1,3.6
SES504588,CUST12119,2026-04-21 00:00:00,33,FEMALE,Bangalore,Returning,10,Mobile,YouTube,18.7,5,4,Electronics,Bluetooth Speaker,29935,No,0,No,0,No,No,0,Net Banking,Express,,
SES501421,CUST11108,2025-09-20 00:00:00,34,FEMALE,Kolkata,Returning,6,Desktop,Google,10.8,5,3,Books,Biography,2210,No,0,No,0,No,No,0,Debit Card,Standard,,
SES503797,CUST10187,2025-07-13 00:00:00,27,FEMALE,Kolkata,New,0,Desktop,Email,7.7,5,2,Sports,Football,9368,Yes,8469,Yes,30,Yes,No,0,Cash on Delivery,Standard,,
SES503083,CUST10040,2025-10-18 00:00:00,22,MALE,Hyderabad,New,0,Mobile,Instagram,0.9,8,7,Fashion,Jeans,1531,No,0,No,0,No,No,0,Credit Card,Express,,
SES500862,CUST11864,2026-03-22 00:00:00,38,MALE,Hyderabad,New,0,Mobile,Instagram,15.9,8,2,Sports,Yoga Mat,10066,Yes,18144,Yes,15,Yes,Yes,9101,UPI,Standard,3.8,4
SES501534,CUST11940,2025-10-26 00:00:00,33,MALE,Jaipur,Returning,14,Mobile,Google,17.2,5,3,Sports,Yoga Mat,837,Yes,1491,Yes,10,Yes,Yes,1241,Debit Card,Same Day,4.1,4.5
SES500904,CUST10662,2025-03-09 00:00:00,29,MALE,Pune,Returning,7,Mobile,Google,8.4,5,4,Books,Biography,2342,No,0,No,0,No,No,0,UPI,Standard,,
SES502068,CUST10526,2026-02-12 00:00:00,28,MALE,Delhi,Returning,7,Mobile,Google,3.4,10,3,Home & Kitchen,Bedsheet,9148,No,0,No,0,No,No,0,Debit Card,Express,,
SES500110,CUST10541,2026-01-04 00:00:00,30,MALE,Ahmedabad,Returning,5,Mobile,Google,18.3,6,3,Fashion,Jacket,1208,No,0,No,0,No,No,0,Cash on Delivery,Express,,
SES502755,CUST11552,2025-11-07 00:00:00,39,FEMALE,Hyderabad,New,1,Tablet,Direct,4.8,6,6,Electronics,Power Bank,1026,Yes,1229,No,0,No,Yes,1053,Cash on Delivery,Standard,4.1,3.3
SES502790,CUST11490,2025-11-16 00:00:00,39,MALE,Delhi,New,0,Mobile,YouTube,3.6,11,2,Fashion,Jeans,5460,Yes,7334,Yes,10,Yes,Yes,9399,UPI,Standard,3.7,3.4
SES505060,CUST10130,2025-01-11 00:00:00,18,MALE,Mumbai,New,1,Mobile,Instagram,12,5,6,Beauty,Perfume,3895,No,0,Yes,10,Yes,No,0,Debit Card,Standard,,
SES502802,CUST11112,2026-05-17 00:00:00,39,FEMALE,Jaipur,New,0,Mobile,Referral,23.2,6,3,Electronics,Bluetooth Speaker,14605,Yes,23522,Yes,15,Yes,No,0,UPI,Standard,,
SES505050,CUST12062,2026-03-19 00:00:00,45,MALE,Delhi,New,0,Mobile,Facebook,9.6,3,6,Books,Biography,2212,No,0,Yes,15,Yes,No,0,Credit Card,Standard,,
SES505526,CUST10416,2025-09-11 00:00:00,24,FEMALE,Chennai,Returning,5,Mobile,Direct,2.6,6,3,Sports,Running Shoes,1525,No,0,No,0,No,No,0,Debit Card,Standard,,
SES504809,CUST10919,2025-11-12 00:00:00,25,FEMALE,Jaipur,New,0,Mobile,Instagram,25.1,7,4,Sports,Running Shoes,8341,No,0,Yes,25,Yes,No,0,Wallet,Standard,,
SES505896,CUST11115,2026-02-25 00:00:00,18,UNKNOWN,Mumbai,New,0,Mobile,Referral,3.1,10,4,Fashion,T-Shirt,2409,Yes,2670,Yes,25,No,Yes,2324,Cash on Delivery,Standard,4.5,3.8
SES501841,CUST10642,2025-10-17 00:00:00,30,FEMALE,Delhi,New,1,Mobile,Google,14.6,5,6,Home & Kitchen,Cookware Set,13814,No,0,No,0,No,No,0,UPI,Standard,,
SES503107,CUST11988,2025-12-01 00:00:00,36,MALE,Jaipur,Returning,10,Mobile,Instagram,2,5,2,Electronics,Power Bank,7836,Yes,8004,Yes,5,Yes,Yes,11834,UPI,Same Day,3.2,3.5
SES502901,CUST10119,2025-01-11 00:00:00,22,MALE,Delhi,Returning,10,Tablet,Direct,13.5,8,3,Fashion,Kurta,3558,Yes,2878,No,0,No,Yes,4898,Debit Card,Standard,3.3,3.1
SES504455,CUST12120,2026-06-18 00:00:00,22,FEMALE,Jaipur,New,0,Desktop,Instagram,3,12,4,Books,Self Help Book,2340,No,0,No,0,No,No,0,UPI,Standard,,
SES501213,CUST10984,2025-03-05 00:00:00,31,FEMALE,Chennai,Returning,3,Desktop,Instagram,17.3,7,2,Sports,Running Shoes,2465,Yes,3431,Yes,20,Yes,No,0,Credit Card,Standard,,
SES502104,CUST11284,2025-11-21 00:00:00,18,FEMALE,Pune,Returning,6,Mobile,Google,16.8,3,3,Beauty,Perfume,2270,No,0,No,0,No,Yes,3220,upi,Express,3.9,4.7
SES505670,CUST10897,2025-11-07 00:00:00,33,MALE,Mumbai,New,0,Mobile,Google,2.5,5,3,Books,Business Book,912,No,0,No,0,No,No,0,UPI,Standard,,
SES503930,CUST11052,2025-07-04 00:00:00,18,MALE,Mumbai,Returning,3,Desktop,Referral,15,5,5,Sports,Running Shoes,10662,Yes,14287,Yes,15,No,Yes,14103,Cash on Delivery,Same Day,3.4,3.5
SES501095,CUST10391,2025-11-03 00:00:00,42,FEMALE,Bangalore,New,0,Mobile,Google,13.2,8,5,Sports,Yoga Mat,2366,Yes,3523,Yes,5,No,No,0,UPI,Standard,,
SES501122,CUST10311,2025-08-21 00:00:00,42,MALE,Kolkata,Returning,5,Desktop,Facebook,2,3,2,Beauty,Moisturizer,2777,No,0,Yes,15,Yes,No,0,UPI,Standard,,
SES501761,CUST10630,2025-06-30 00:00:00,33,FEMALE,Bangalore,New,0,Desktop,Google,4.5,7,3,Fashion,Sneakers,1370,No,0,Yes,5,No,No,0,UPI,Standard,,
SES503022,CUST10349,2026-01-19 00:00:00,30,MALE,Mumbai,Returning,11,Desktop,Facebook,4.4,7,4,Electronics,Wireless Earbuds,33464,Yes,44048,No,0,No,Yes,41773,Wallet,Standard,3.5,3.9
SES500810,CUST12193,2026-03-21 00:00:00,38,FEMALE,Delhi,New,1,Desktop,Google,22.9,1,3,Sports,Football,7748,Yes,10161,Yes,15,Yes,Yes,6114,Credit Card,Standard,4.3,5
SES503164,CUST12157,2025-03-26 00:00:00,41,FEMALE,Kolkata,Returning,7,Mobile,Google,6.8,4,7,Electronics,Headphones,3224,Yes,2747,No,0,No,Yes,3583,UPI,Express,4.3,4
SES505024,CUST11359,2025-08-03 00:00:00,37,FEMALE,Delhi,Returning,6,Desktop,Instagram,13.7,5,4,Fashion,Sneakers,4399,No,0,Yes,20,Yes,No,0,Net Banking,Express,,
SES505943,CUST12112,2026-01-09 00:00:00,29,MALE,Jaipur,New,0,Desktop,Email,13.7,8,3,Beauty,Lipstick,582,Yes,812,Yes,20,Yes,No,0,UPI,Express,,
SES504230,CUST11388,2025-06-23 00:00:00,29,MALE,Kolkata,New,0,Tablet,YouTube,17.6,5,5,Electronics,Power Bank,28121,Yes,27261,No,0,No,No,0,UPI,Standard,,
SES504692,CUST12170,2026-05-22 00:00:00,32,MALE,Chennai,New,0,Desktop,Unknown,5.5,5,1,Fashion,Kurta,6467,Yes,16061,Yes,15,Yes,No,0,UPI,Standard,,
SES504618,CUST11882,2025-02-01 00:00:00,23,MALE,Bangalore,New,0,Desktop,Facebook,10.6,9,3,Fashion,Kurta,5856,No,0,No,0,No,No,0,UPI,Standard,,
SES505685,CUST11734,2025-03-07 00:00:00,38,MALE,Pune,Returning,8,Mobile,Google,5.8,9,4,Beauty,Shampoo,2628,Yes,3026,No,0,No,No,0,Net Banking,Standard,,
SES501499,CUST10838,2025-05-10 00:00:00,24,MALE,Delhi,New,0,Mobile,Direct,3.9,3,3,Fashion,T-Shirt,5182,Yes,4621,No,0,No,Yes,4758,Wallet,Express,4.4,3.9
SES503025,CUST10010,2025-03-18 00:00:00,29,FEMALE,Kolkata,New,1,Desktop,Instagram,11.5,3,7,Home & Kitchen,Table Lamp,10959,Yes,18078,Yes,15,No,Yes,17804,Cash on Delivery,Same Day,4.4,2.5
SES502851,CUST10227,2025-10-16 00:00:00,18,MALE,Delhi,Returning,8,Desktop,Instagram,9.8,11,3,Electronics,Wireless Earbuds,7638,No,0,No,0,No,No,0,UPI,Same Day,,
SES504968,CUST11308,2025-10-01 00:00:00,40,FEMALE,Hyderabad,Returning,5,Tablet,Google,9.5,3,3,Books,Self Help Book,2144,No,0,Yes,20,Yes,Yes,2075,UPI,Standard,4.7,4
SES502880,CUST10235,2025-03-30 00:00:00,27,FEMALE,Delhi,New,0,Desktop,Referral,5.2,7,5,Books,Biography,932,No,0,No,0,No,No,0,Cash on Delivery,Standard,,
SES503034,CUST11630,2026-04-29 00:00:00,18,MALE,Bangalore,New,0,Mobile,Instagram,12.8,4,2,Fashion,Jacket,2714,No,0,No,0,No,No,0,Credit Card,Standard,,
SES501536,CUST11317,2025-09-03 00:00:00,34,MALE,Delhi,Returning,9,Desktop,Google,15,5,7,Beauty,Shampoo,4900,No,0,No,0,No,No,0,Wallet,Standard,,
SES504370,CUST10468,2026-06-21 00:00:00,37,FEMALE,Delhi,New,0,Mobile,Google,5.7,8,8,Beauty,Lipstick,4002,Yes,8166,Yes,5,No,No,0,Net Banking,Standard,,
SES501205,CUST11356,2025-07-27 00:00:00,40,MALE,Delhi,New,0,Mobile,Email,7.6,10,1,Beauty,Moisturizer,4058,No,0,No,0,No,No,0,Debit Card,Standard,,
SES505660,CUST11702,2026-03-05 00:00:00,25,MALE,Delhi,New,0,Desktop,Instagram,3.8,4,5,Books,Self Help Book,1472,No,0,Yes,25,Yes,No,0,UPI,Standard,,
SES502619,CUST11573,2025-09-27 00:00:00,23,FEMALE,Mumbai,New,0,Desktop,Referral,14.4,9,2,Electronics,Headphones,5524,Yes,6168,No,0,No,Yes,10822,Debit Card,Standard,4.2,4.1
SES504517,CUST12100,2025-03-23 00:00:00,26,MALE,Pune,Returning,8,Mobile,Google,10.1,7,5,Books,Self Help Book,2258,No,0,Yes,25,No,No,0,Net Banking,Standard,,
SES505776,CUST11426,2026-06-02 00:00:00,28,FEMALE,Ahmedabad,New,0,Mobile,Google,1.4,8,2,Home & Kitchen,Bedsheet,10665,No,0,No,0,No,No,0,Wallet,Standard,,
SES501821,CUST11961,2025-02-23 00:00:00,42,FEMALE,Delhi,New,0,Mobile,Email,4.4,7,3,Electronics,Wireless Earbuds,28639,Yes,57784,No,0,No,Yes,49336,Credit Card,Standard,4.1,4.1
SES503918,CUST11395,2026-01-26 00:00:00,27,FEMALE,Hyderabad,New,0,Mobile,Direct,10.6,4,6,Books,Fiction Book,877,No,0,No,0,No,No,0,Cash on Delivery,Standard,,
SES502437,CUST11812,2025-07-26 00:00:00,36,FEMALE,Chennai,New,0,Mobile,Direct,5.5,6,2,Home & Kitchen,Bedsheet,13058,No,0,Yes,20,Yes,No,0,Credit Card,Express,,
SES500830,CUST10951,2026-01-27 00:00:00,37,MALE,Delhi,Returning,3,Tablet,Email,9.1,10,3,Beauty,Moisturizer,1308,Yes,1552,No,0,No,No,0,Credit Card,Standard,,
SES504285,CUST12082,2026-02-28 00:00:00,20,MALE,Delhi,New,0,Mobile,YouTube,11,9,5,Fashion,Sneakers,1791,Yes,1446,No,0,No,No,0,Net Banking,Standard,,
SES502073,CUST11939,2025-06-22 00:00:00,23,FEMALE,Hyderabad,Returning,2,Mobile,Facebook,11.4,3,4,Home & Kitchen,Storage Box,890,Yes,2167,No,0,No,Yes,1934,UPI,Express,4.4,3.3
SES500439,CUST12157,2025-02-13 00:00:00,18,FEMALE,Chennai,Returning,8,Mobile,Google,12.3,10,4,Sports,Yoga Mat,662,No,0,Yes,15,Yes,Yes,507,Cash on Delivery,Standard,3.5,5
SES500628,CUST10761,2025-12-14 00:00:00,29,FEMALE,Delhi,Returning,2,Mobile,Referral,4.2,10,3,Electronics,Wireless Earbuds,34551,Yes,45548,No,0,No,Yes,49345,Cash on Delivery,Express,3.9,3.4
SES503759,CUST12012,2026-05-04 00:00:00,28,MALE,Delhi,New,0,Desktop,Google,21.8,8,4,Home & Kitchen,Coffee Maker,7851,Yes,8523,Yes,25,Yes,Yes,14099,Debit Card,Same Day,3.7,3.3
SES501563,CUST10375,2025-04-21 00:00:00,37,MALE,Hyderabad,New,0,Tablet,Instagram,12.2,7,3,Home & Kitchen,Bedsheet,12591,Yes,10410,Yes,20,Yes,No,0,Net Banking,Express,,
SES500926,CUST10769,2025-08-27 00:00:00,21,MALE,Pune,New,0,Mobile,YouTube,6.8,5,1,Electronics,Bluetooth Speaker,22675,Yes,37253,No,0,Unknown,Yes,35728,Net Banking,Standard,3.5,4.2
SES505548,CUST11626,2026-03-22 00:00:00,18,MALE,Delhi,New,0,Desktop,Email,5.6,8,3,Beauty,Shampoo,1623,Yes,2543,No,0,No,No,0,Cash on Delivery,Standard,,
SES504994,CUST11755,2025-02-10 00:00:00,18,FEMALE,Kolkata,New,0,Mobile,Direct,12.2,9,2,Beauty,Perfume,3627,No,0,Yes,20,Yes,Yes,5408,UPI,Standard,1.5,4.9
SES501955,CUST11828,2025-01-21 00:00:00,35,MALE,Delhi,Returning,13,Mobile,Google,5.7,6,3,Electronics,Smart Watch,1420,No,0,No,0,No,No,0,UPI,Standard,,
SES505103,CUST11103,2025-03-16 00:00:00,30,MALE,Kolkata,Returning,12,Mobile,Instagram,9.6,10,6,Home & Kitchen,Cookware Set,10544,Yes,24019,No,0,No,No,0,Debit Card,Standard,,
SES502466,CUST10142,2025-07-28 00:00:00,47,MALE,Ahmedabad,New,0,Mobile,YouTube,9.8,3,5,Sports,Running Shoes,10096,No,0,No,0,No,No,0,Credit Card,Standard,,
SES501174,CUST10885,2025-09-30 00:00:00,30,UNKNOWN,Bangalore,New,0,Mobile,YouTube,2.2,8,8,Electronics,Headphones,4072,Yes,7860,Yes,15,No,No,0,Cash on Delivery,Standard,,
SES503298,CUST10370,2026-04-29 00:00:00,43,FEMALE,Mumbai,New,0,Mobile,YouTube,5,10,2,Home & Kitchen,Storage Box,5720,Yes,9232,No,0,No,Yes,8529,Credit Card,Standard,3.5,3.4
SES501738,CUST10067,2026-02-21 00:00:00,42,MALE,Delhi,New,0,Desktop,Instagram,10,6,3,Fashion,T-Shirt,2384,Yes,4556,No,0,No,Yes,4893,UPI,Express,3.4,5
SES500945,CUST10833,2025-04-17 00:00:00,34,MALE,Ahmedabad,New,0,Desktop,Referral,6.5,10,5,Sports,Cricket Bat,10429,Yes,25996,Yes,25,Yes,Yes,14613,Cash on Delivery,Standard,3.9,2.8
SES504795,CUST11945,2025-07-15 00:00:00,35,MALE,Kolkata,New,1,Mobile,Google,11.5,3,5,Fashion,Sneakers,4926,No,0,Yes,20,Yes,No,0,UPI,Standard,,
SES502317,CUST11699,2026-05-06 00:00:00,36,MALE,Lucknow,New,0,Desktop,Direct,16.7,6,4,Electronics,Wireless Earbuds,16273,Yes,25413,No,0,No,Yes,17647,Cash on Delivery,Express,3.9,3.6
SES500013,CUST11686,2025-11-19 00:00:00,29,FEMALE,Chennai,New,0,Desktop,Direct,10.1,8,5,Electronics,Bluetooth Speaker,19023,Yes,44954,No,0,No,No,0,Wallet,Express,,
SES501118,CUST10016,2025-11-26 00:00:00,39,MALE,Bangalore,New,0,Desktop,Referral,3,7,9,Books,Academic Book,2140,Yes,3250,No,0,No,Yes,3149,Credit Card,Standard,3,5
SES504635,CUST11783,2026-02-22 00:00:00,46,MALE,Lucknow,Returning,4,Mobile,Google,5.9,6,2,Fashion,Jacket,5813,No,0,No,0,No,No,0,Credit Card,Same Day,,
SES505243,CUST10728,2026-01-21 00:00:00,42,MALE,Delhi,New,0,Desktop,Google,4.4,12,4,Beauty,Shampoo,4032,No,0,No,0,No,No,0,UPI,Standard,,
SES503952,CUST10923,2025-08-11 00:00:00,18,MALE,Mumbai,New,0,Mobile,Referral,3.4,8,5,Fashion,Jeans,4716,No,0,Yes,10,Yes,No,0,Cash on Delivery,Standard,,
SES500643,CUST11490,2026-06-03 00:00:00,22,MALE,Ahmedabad,New,0,Mobile,Facebook,6,6,3,Beauty,Lipstick,4636,Yes,9843,No,0,No,No,0,Debit Card,Standard,,
SES505252,CUST10168,2026-04-07 00:00:00,24,MALE,Chennai,New,0,Desktop,Direct,16.8,4,2,Home & Kitchen,Coffee Maker,6784,Yes,7435,No,0,No,Yes,6856,Debit Card,Express,3.5,4.4
SES502956,CUST10159,2025-01-04 00:00:00,35,FEMALE,Pune,New,0,Mobile,Referral,20.3,7,4,Fashion,Kurta,6293,Yes,13182,No,0,No,Yes,11514,UPI,Standard,4.4,4.7
SES504915,CUST11098,2025-11-20 00:00:00,47,MALE,Delhi,New,0,Tablet,Direct,17.8,7,4,Fashion,Jacket,6330,Yes,9902,No,0,No,No,0,Debit Card,Same Day,,
SES504440,CUST11269,2025-08-12 00:00:00,18,FEMALE,Kolkata,Returning,15,Mobile,Direct,10.1,5,5,Fashion,Sneakers,4698,Yes,4378,Yes,10,Yes,Yes,5842,Wallet,Standard,4,3.7
SES505741,CUST11234,2025-05-11 00:00:00,30,FEMALE,Hyderabad,New,0,Desktop,Email,20.7,3,3,Home & Kitchen,Storage Box,8974,Yes,10054,No,0,No,Yes,13293,UPI,Express,4.3,2.8
SES504561,CUST10507,2026-04-05 00:00:00,29,MALE,Bangalore,New,0,Mobile,Email,3.2,12,5,Home & Kitchen,Cookware Set,11747,No,0,Yes,30,No,No,0,UPI,Standard,,
SES505518,CUST11193,2025-07-31 00:00:00,61,FEMALE,Bangalore,New,0,Desktop,Instagram,11.4,6,3,Fashion,Sneakers,3343,Yes,3506,No,0,No,Yes,5825,UPI,Standard,4.6,3.8
SES504206,CUST10116,2025-03-09 00:00:00,34,MALE,Delhi,New,0,Mobile,Google,10.7,5,4,Books,Fiction Book,1513,Yes,2324,Yes,15,Yes,Yes,1905,Debit Card,Standard,3.5,3.9
SES504417,CUST10123,2026-01-18 00:00:00,21,MALE,Ahmedabad,New,0,Tablet,Google,7.6,8,5,Fashion,Sneakers,1280,No,0,No,0,No,Yes,1102,Cash on Delivery,Standard,3.3,4.5
SES502115,CUST12185,2025-08-07 00:00:00,28,MALE,Mumbai,Returning,5,Mobile,Instagram,8.1,6,6,Books,Academic Book,2448,Yes,2271,No,0,No,No,0,Credit Card,Express,,
SES502293,CUST11561,2026-04-04 00:00:00,29,MALE,Mumbai,Returning,5,Tablet,Direct,8.4,11,4,Electronics,Headphones,33421,No,0,No,0,No,No,0,UPI,Express,,
SES500654,CUST11080,2026-01-13 00:00:00,40,MALE,Mumbai,New,0,Mobile,Direct,3.5,8,4,Fashion,Sneakers,2137,No,0,Yes,20,No,No,0,UPI,Standard,,
SES500430,CUST10718,2026-03-18 00:00:00,37,MALE,Hyderabad,Returning,5,Desktop,Email,23.4,10,5,Fashion,T-Shirt,851,Yes,1745,No,0,No,Yes,1181,Credit Card,Express,5,5
SES504840,CUST11192,2025-07-19 00:00:00,23,FEMALE,Pune,New,0,Mobile,Email,12.8,5,3,Beauty,Shampoo,2036,No,0,Yes,15,Yes,No,0,Credit Card,Express,,
SES504657,CUST12008,2025-01-04 00:00:00,28,MALE,Bangalore,New,0,Mobile,Referral,6.6,6,4,Books,Self Help Book,1485,Yes,1666,Yes,5,Yes,Yes,2937,Wallet,Express,5,3.3
SES502549,CUST11105,2026-03-21 00:00:00,25,FEMALE,Mumbai,Returning,11,Mobile,Google,11.5,8,4,Sports,Football,11568,No,0,Yes,5,Unknown,No,0,UPI,Express,,
SES502886,CUST11068,2025-05-15 00:00:00,21,FEMALE,Mumbai,New,0,Mobile,Google,5,8,7,Beauty,Lipstick,1089,No,0,No,0,No,No,0,Debit Card,Standard,,
SES503470,CUST11293,2025-12-11 00:00:00,43,FEMALE,Kolkata,Returning,15,Tablet,YouTube,11.2,12,7,Home & Kitchen,Storage Box,1182,No,0,Yes,10,No,No,0,UPI,Standard,,
SES504002,CUST10530,2025-02-11 00:00:00,19,MALE,Hyderabad,Returning,8,Mobile,YouTube,9.7,7,7,Beauty,Face Wash,1890,No,0,No,0,No,Yes,1723,Credit Card,Standard,3.9,4.4
SES500839,CUST11901,2025-12-06 00:00:00,35,FEMALE,Mumbai,New,0,Mobile,Instagram,27.7,9,4,Fashion,Jeans,4826,Yes,8598,No,0,No,No,0,UPI,Standard,,
SES501088,CUST10047,2025-10-10 00:00:00,18,MALE,Mumbai,New,1,Mobile,Direct,13,6,7,Fashion,Kurta,2038,Yes,1892,Yes,5,Yes,No,0,Credit Card,Express,,
SES505629,CUST12085,2025-01-05 00:00:00,25,MALE,Hyderabad,New,0,Mobile,YouTube,19.6,14,4,Fashion,Kurta,4676,Yes,7062,No,0,No,Yes,8489,Cash on Delivery,Standard,4.1,3.2
SES501894,CUST10700,2025-04-06 00:00:00,18,FEMALE,Lucknow,New,0,Mobile,YouTube,8.1,3,3,Electronics,Power Bank,20672,Yes,33430,No,0,No,No,0,UPI,Standard,,
SES504420,CUST11779,2026-06-23 00:00:00,21,FEMALE,Bangalore,New,1,Mobile,Facebook,19.4,6,4,Fashion,Kurta,2971,Yes,6342,Yes,10,No,Yes,6132,Credit Card,Same Day,3.6,2.9
SES501358,CUST10395,2025-07-26 00:00:00,31,MALE,Lucknow,New,0,Mobile,Facebook,2.2,4,3,Fashion,Jeans,619,No,0,Yes,25,No,No,0,Debit Card,Standard,,
SES504834,CUST10297,2026-05-07 00:00:00,32,MALE,Ahmedabad,Returning,11,Mobile,Facebook,7.3,6,5,Electronics,Power Bank,27301,No,0,Yes,20,Yes,No,0,Net Banking,Express,,
SES500857,CUST10985,2026-04-09 00:00:00,35,FEMALE,Chennai,New,1,Mobile,Google,14.5,5,2,Sports,Yoga Mat,11246,No,0,Yes,20,No,No,0,Credit Card,Same Day,,
SES504288,CUST11892,2026-01-21 00:00:00,39,MALE,Mumbai,Returning,15,Mobile,Google,10.6,9,2,Fashion,Jeans,1431,Yes,3198,No,0,No,No,0,UPI,Same Day,,
SES505900,CUST11876,2025-05-01 00:00:00,25,MALE,Bangalore,Returning,4,Mobile,Facebook,15.6,5,3,Beauty,Shampoo,642,Yes,964,No,0,No,Yes,934,Cash on Delivery,Standard,4.4,3.7
SES503401,CUST12100,2025-04-22 00:00:00,18,MALE,Jaipur,Returning,8,Desktop,YouTube,17.1,7,1,Home & Kitchen,Table Lamp,593,Yes,1006,Yes,10,Yes,Yes,684,Net Banking,Standard,4.4,3.2
SES505036,CUST11280,2026-01-13 00:00:00,27,MALE,Delhi,Returning,15,Desktop,Facebook,6,7,5,Home & Kitchen,Cookware Set,9469,Yes,11056,Yes,15,Yes,Yes,15578,UPI,Express,3.7,4
SES501733,CUST10956,2025-05-09 00:00:00,25,MALE,Chennai,Returning,12,Mobile,Google,4.6,9,3,Fashion,Sneakers,5821,Yes,6340,No,0,No,No,0,Cash on Delivery,Standard,,
SES505270,CUST11428,2025-12-04 00:00:00,41,MALE,Ahmedabad,Returning,15,Mobile,Referral,9.6,4,5,Electronics,Headphones,11561,No,0,No,0,No,Yes,10768,Debit Card,Standard,3.1,4.8
SES500694,CUST10126,2025-09-06 00:00:00,23,MALE,Pune,New,0,Mobile,Facebook,6.2,6,2,Fashion,Kurta,1053,No,0,No,0,No,No,0,Wallet,Express,,
SES502677,CUST11961,2025-09-12 00:00:00,,MALE,Mumbai,New,0,Mobile,Google,7.5,6,2,Books,Academic Book,249,No,0,No,0,No,No,0,UPI,Same Day,,
SES502700,CUST11711,2025-02-01 00:00:00,20,FEMALE,Delhi,Returning,9,Desktop,Direct,15.4,9,6,Electronics,Smart Watch,17617,Yes,26336,No,0,No,Yes,17349,Credit Card,Same Day,3.7,4.2
SES500189,CUST11970,2025-07-07 00:00:00,18,FEMALE,Mumbai,New,0,Mobile,Google,4.1,3,4,Home & Kitchen,Coffee Maker,6849,Yes,15653,No,0,No,No,0,UPI,Express,,
SES500288,CUST11842,2026-01-16 00:00:00,35,MALE,Chennai,Returning,8,Mobile,Direct,3.4,10,5,Sports,Dumbbells,6741,No,0,Yes,20,Yes,No,0,UPI,Standard,,
SES504951,CUST11636,2026-05-20 00:00:00,27,MALE,Mumbai,New,0,Mobile,Google,2.7,2,3,Home & Kitchen,Table Lamp,5777,No,0,No,0,No,No,0,UPI,Standard,,
SES503313,CUST12087,2025-08-02 00:00:00,44,FEMALE,Chennai,New,0,Mobile,Google,1.8,8,2,Beauty,Perfume,2470,No,0,No,0,No,No,0,Debit Card,Standard,,
SES503658,CUST11746,2025-04-29 00:00:00,21,FEMALE,Kolkata,Returning,10,Desktop,Email,7.8,9,4,Home & Kitchen,Cookware Set,4684,Yes,8214,Yes,10,Yes,No,0,Cash on Delivery,Standard,,
SES502859,CUST12079,2025-02-20 00:00:00,18,FEMALE,Pune,Returning,3,Desktop,Instagram,15.2,8,3,Electronics,Smart Watch,32735,No,0,Yes,20,Yes,No,0,UPI,Standard,,
SES505969,CUST12058,2025-06-26 00:00:00,42,MALE,Delhi,Returning,12,Desktop,Google,7.4,9,6,Books,Academic Book,749,Yes,948,No,0,No,Yes,1066,Credit Card,Express,4,4
SES503738,CUST11943,2026-02-08 00:00:00,49,FEMALE,Pune,Returning,5,Mobile,Instagram,7.8,3,3,Fashion,Kurta,2412,No,0,No,0,No,No,0,UPI,Standard,,
SES503287,CUST10301,2026-06-27 00:00:00,45,MALE,Mumbai,New,0,Mobile,Google,4.9,3,3,Home & Kitchen,Table Lamp,11223,Yes,15071,No,0,No,Yes,16633,UPI,Standard,3.5,4.7
SES504081,CUST11269,2025-02-20 00:00:00,30,FEMALE,Jaipur,New,0,Mobile,Direct,14.2,6,4,Electronics,Headphones,9667,No,0,Yes,15,Yes,No,0,UPI,Standard,,
SES502146,CUST10188,2025-01-10 00:00:00,49,MALE,Delhi,New,0,Desktop,Referral,11.3,8,5,Sports,Football,783,Yes,1137,No,0,No,No,0,cash on delivery,Standard,,
SES502171,CUST11643,2026-01-24 00:00:00,24,MALE,Delhi,Returning,9,Mobile,Direct,8.5,6,4,Fashion,T-Shirt,2927,No,0,Yes,20,Yes,No,0,UPI,Same Day,,
SES503015,CUST12122,2025-09-06 00:00:00,20,MALE,Bangalore,New,0,Mobile,Instagram,29.1,2,4,Electronics,Bluetooth Speaker,1347,No,0,Yes,5,Yes,No,0,Debit Card,Standard,,
SES500211,CUST10587,2025-08-28 00:00:00,47,MALE,Hyderabad,Returning,4,Mobile,Unknown,21.5,8,2,Books,Fiction Book,1349,No,0,No,0,No,No,0,UPI,Standard,,
SES502782,CUST10660,2025-05-18 00:00:00,19,MALE,Delhi,Returning,7,Mobile,Instagram,10.3,12,3,Electronics,Headphones,19390,No,0,Yes,15,Yes,Yes,34158,UPI,Standard,4.1,4.6
SES505352,CUST11798,2026-06-08 00:00:00,31,FEMALE,Pune,Returning,9,Mobile,Email,8.8,12,5,Books,Fiction Book,681,No,0,Yes,5,No,Yes,697,UPI,Standard,3.9,4.4
SES504624,CUST11381,2025-10-05 00:00:00,25,MALE,Kolkata,New,0,Mobile,Facebook,11.4,9,4,Fashion,T-Shirt,1994,No,0,No,0,No,No,0,Net Banking,Standard,,
SES505351,CUST10480,2026-01-15 00:00:00,19,MALE,Lucknow,Returning,9,Mobile,Facebook,3.2,11,2,Electronics,Power Bank,14066,No,0,Yes,25,Yes,No,0,Debit Card,Express,,
SES500074,CUST11163,2025-09-06 00:00:00,18,MALE,Ahmedabad,Returning,12,Desktop,Direct,11.3,8,2,Beauty,Shampoo,3240,Yes,6881,No,0,No,Yes,6408,Debit Card,Standard,3.8,4.2
SES504658,CUST12070,2026-05-23 00:00:00,42,FEMALE,Delhi,New,0,Mobile,Direct,13.4,8,2,Electronics,Bluetooth Speaker,27719,No,0,No,0,No,No,0,Debit Card,Standard,,
SES504225,CUST10483,2026-01-24 00:00:00,26,FEMALE,Mumbai,Returning,2,Tablet,YouTube,13,6,5,Fashion,Kurta,5326,No,0,Yes,25,Yes,No,0,UPI,Express,,
SES505635,CUST10868,2025-10-14 00:00:00,22,MALE,Pune,Returning,12,Tablet,Instagram,5.3,9,10,Beauty,Face Wash,4485,Yes,9884,No,0,No,Yes,6013,Debit Card,Standard,4.5,3.3
SES505837,CUST10277,2025-12-02 00:00:00,36,MALE,Mumbai,New,0,Desktop,Google,7.4,5,3,Home & Kitchen,Bedsheet,10656,No,0,Yes,25,Yes,No,0,Credit Card,Express,,
SES503820,CUST11667,2025-12-24 00:00:00,29,FEMALE,Bangalore,New,0,Desktop,Instagram,3.1,7,5,Electronics,Wireless Earbuds,9478,No,0,No,0,No,No,0,UPI,Standard,,
SES503788,CUST10845,2026-01-26 00:00:00,36,FEMALE,Mumbai,New,0,Mobile,Direct,1.6,11,3,Home & Kitchen,Bedsheet,9338,Yes,17583,Yes,25,Yes,No,0,Credit Card,Express,,
SES505113,CUST11320,2025-11-10 00:00:00,27,FEMALE,Kolkata,New,0,Mobile,YouTube,5.2,6,5,Electronics,Power Bank,28759,Yes,33341,No,0,No,No,0,UPI,Express,,
SES505625,CUST10207,2025-03-01 00:00:00,34,MALE,Mumbai,Returning,5,Mobile,Email,10.7,11,1,Sports,Yoga Mat,2592,Yes,6252,Yes,15,No,No,0,Wallet,Express,,
SES504026,CUST10360,2025-04-28 00:00:00,34,MALE,Bangalore,New,0,Desktop,Email,5.4,3,1,Electronics,Power Bank,28355,Yes,31742,Yes,10,Yes,No,0,Net Banking,Standard,,
SES501232,CUST11890,2025-09-25 00:00:00,26,MALE,Ahmedabad,New,0,Mobile,YouTube,18.6,8,3,Fashion,Sneakers,1803,Yes,1871,No,0,No,Yes,1626,UPI,Express,4,4.5
SES503480,CUST10529,2026-05-08 00:00:00,36,FEMALE,Hyderabad,New,0,Mobile,Direct,3.4,3,8,Fashion,Jacket,4286,No,0,Yes,10,No,No,0,Wallet,Express,,
SES501555,CUST10919,2025-03-04 00:00:00,45,FEMALE,Delhi,New,0,Mobile,Instagram,11,6,1,Fashion,Jacket,5886,No,0,Yes,10,Yes,No,0,UPI,Express,,
SES505901,CUST11788,2025-05-24 00:00:00,28,FEMALE,Lucknow,Returning,15,Mobile,Facebook,7.7,3,2,Electronics,Smart Watch,21570,Yes,21969,No,0,No,No,0,UPI,Standard,,
SES503606,CUST12075,2026-04-24 00:00:00,41,MALE,Lucknow,New,0,Mobile,YouTube,1.3,9,3,Books,Academic Book,839,No,0,Yes,15,Yes,No,0,Credit Card,Standard,,
SES500114,CUST11820,2026-05-28 00:00:00,22,MALE,Bangalore,New,0,Desktop,Email,12.5,7,3,Fashion,Sneakers,6185,Yes,13783,No,0,No,No,0,Debit Card,Standard,,
SES505112,CUST11642,2025-03-12 00:00:00,38,MALE,Pune,New,0,Mobile,Referral,16.1,9,7,Books,Fiction Book,2123,Yes,4930,Yes,5,No,Yes,3032,Debit Card,Same Day,4.9,4
SES502188,CUST11106,2025-11-20 00:00:00,41,FEMALE,Mumbai,New,0,Desktop,Google,10,13,4,Books,Self Help Book,1952,Yes,4227,No,0,No,No,0,Net Banking,Same Day,,
SES503113,CUST11850,2025-11-25 00:00:00,44,MALE,Mumbai,Returning,14,Mobile,Google,18.7,8,3,Sports,Running Shoes,9891,No,0,Yes,15,Yes,Yes,18496,Cash on Delivery,Express,4.8,4
SES504190,CUST10125,2025-11-04 00:00:00,43,MALE,Delhi,Returning,5,Mobile,Direct,6.2,7,7,Home & Kitchen,Storage Box,11431,Yes,9433,No,0,No,Yes,20984,UPI,Express,4.5,3.8
SES505886,CUST11918,2026-03-20 00:00:00,24,MALE,Delhi,New,0,Mobile,Direct,8.1,9,2,Home & Kitchen,Storage Box,4044,Yes,5918,No,0,No,No,0,Credit Card,Standard,,
SES505669,CUST11849,2025-02-25 00:00:00,18,FEMALE,Bangalore,Returning,6,Mobile,Email,7.6,12,4,Fashion,Jeans,3162,No,0,No,0,No,No,0,Cash on Delivery,Standard,,
SES504646,CUST11159,2025-01-16 00:00:00,18,FEMALE,Hyderabad,New,0,Tablet,Direct,9.4,5,3,Sports,Football,11083,No,0,Yes,20,Yes,No,0,Credit Card,Standard,,
SES504988,CUST10708,2026-06-17 00:00:00,37,FEMALE,Pune,Returning,3,Mobile,Google,11.1,12,3,Electronics,Power Bank,14697,Yes,22766,No,0,No,No,0,Debit Card,Standard,,
SES504359,CUST10808,2025-05-21 00:00:00,33,FEMALE,Hyderabad,New,0,Mobile,Facebook,16.7,5,7,Electronics,Bluetooth Speaker,30469,No,0,No,0,No,No,0,Cash on Delivery,Express,,
SES503633,CUST10339,2025-08-03 00:00:00,30,MALE,Pune,New,1,Mobile,Direct,8.8,4,4,Fashion,Sneakers,4559,Yes,7693,No,0,No,Yes,6749,Net Banking,Express,3.2,4
SES501865,CUST10820,2025-03-21 00:00:00,29,MALE,Delhi,Returning,12,Mobile,Email,9.1,11,4,Beauty,Perfume,2786,No,0,Yes,20,No,No,0,Debit Card,Standard,,
SES504363,CUST11385,2025-07-01 00:00:00,29,FEMALE,Jaipur,Returning,8,Desktop,Instagram,14.3,10,2,Sports,Cricket Bat,7273,Yes,11102,Yes,5,Yes,No,0,UPI,Standard,,
SES502463,CUST11645,2025-10-31 00:00:00,32,MALE,Chennai,Returning,3,Desktop,YouTube,9.5,7,5,Electronics,Wireless Earbuds,26664,No,0,No,0,No,No,0,UPI,Standard,,
SES504989,CUST10379,2026-04-05 00:00:00,43,FEMALE,Chennai,Returning,7,Mobile,Instagram,10.6,5,2,Beauty,Moisturizer,3470,No,0,No,0,No,No,0,UPI,Standard,,
SES503575,CUST10923,2026-01-09 00:00:00,22,FEMALE,Kolkata,New,1,Mobile,Google,12.7,7,4,Home & Kitchen,Bedsheet,6619,No,0,No,0,No,No,0,Debit Card,Standard,,
SES500253,CUST10547,2026-05-29 00:00:00,23,FEMALE,Jaipur,New,0,Mobile,Google,10.1,5,9,Beauty,Face Wash,3872,Yes,7073,Yes,10,Yes,Yes,5600,UPI,Express,5,4.7
SES500351,CUST10581,2025-04-05 00:00:00,29,MALE,Delhi,Returning,12,Mobile,Direct,16.5,9,3,Electronics,Power Bank,23450,Yes,28630,No,0,No,Yes,24354,Credit Card,Standard,3.3,5
SES504258,CUST10630,2025-08-18 00:00:00,38,MALE,Delhi,New,0,Mobile,YouTube,9.1,6,4,Sports,Yoga Mat,3887,Yes,8010,No,0,No,Yes,5528,UPI,Express,3.2,3.7
SES500458,CUST11520,2026-02-18 00:00:00,31,FEMALE,Kolkata,New,0,Tablet,Instagram,4.7,5,1,Books,Academic Book,1149,Yes,1036,No,0,No,Yes,1271,Cash on Delivery,Express,4.4,3.3
SES503228,CUST10361,2026-01-18 00:00:00,50,FEMALE,Mumbai,Returning,13,Mobile,Instagram,15.6,7,3,Electronics,Power Bank,7638,No,0,Yes,5,No,No,0,Cash on Delivery,Standard,,
SES500480,CUST11684,2026-03-21 00:00:00,18,MALE,Bangalore,New,0,Desktop,Instagram,8.4,5,4,Electronics,Headphones,16386,Yes,30941,Yes,30,Yes,Yes,19905,Wallet,Express,5,3
SES501115,CUST10039,2025-01-09 00:00:00,20,MALE,Pune,New,0,Mobile,Email,13.2,9,2,Fashion,Kurta,3379,Yes,6871,No,0,No,No,0,UPI,Standard,,
SES500799,CUST11773,2025-07-04 00:00:00,33,FEMALE,Delhi,Returning,13,Mobile,YouTube,16.5,10,5,Electronics,Bluetooth Speaker,20069,Yes,35254,Yes,25,No,Yes,39627,Cash on Delivery,Standard,3.3,4.5
SES504245,CUST12060,2026-06-23 00:00:00,28,MALE,Hyderabad,New,0,Mobile,YouTube,12.2,8,6,Home & Kitchen,Coffee Maker,7817,Yes,9720,No,0,No,No,0,Net Banking,Standard,,
SES504673,CUST10433,2026-03-03 00:00:00,36,MALE,Mumbai,Returning,5,Mobile,Google,14.6,5,3,Electronics,Power Bank,19734,No,0,No,0,No,No,0,UPI,Standard,,
SES502909,CUST11525,2026-05-02 00:00:00,37,FEMALE,Jaipur,New,0,Desktop,Direct,9.1,8,3,Beauty,Lipstick,4883,No,0,Yes,5,Yes,No,0,Wallet,Express,,
SES500027,CUST10190,2025-06-10 00:00:00,38,MALE,Pune,New,0,Mobile,Direct,22.2,2,6,Beauty,Shampoo,2738,No,0,Yes,5,Yes,No,0,UPI,Express,,
SES504555,CUST11774,2025-08-12 00:00:00,43,MALE,Mumbai,New,0,Mobile,Email,6.9,10,3,Electronics,Power Bank,11633,No,0,Yes,20,Yes,No,0,UPI,Express,,
SES501375,CUST10779,2025-03-03 00:00:00,24,MALE,Chennai,Returning,13,Desktop,Direct,8.9,6,2,Beauty,Moisturizer,4547,No,0,Yes,10,Yes,No,0,Debit Card,Standard,,
SES503309,CUST10860,2025-09-16 00:00:00,25,FEMALE,Chennai,Returning,7,Mobile,Google,10.6,6,2,Electronics,Bluetooth Speaker,30277,Yes,38604,Yes,10,Yes,Yes,52275,UPI,Standard,3,1.5
SES503165,CUST10192,2026-01-11 00:00:00,46,FEMALE,Ahmedabad,Returning,12,Mobile,Instagram,14.3,6,3,Sports,Running Shoes,3147,Yes,5782,Yes,15,No,No,0,Credit Card,Express,,
SES501288,CUST10918,2025-05-08 00:00:00,36,FEMALE,Delhi,New,0,Mobile,Referral,12.1,7,3,Fashion,Sneakers,3641,No,0,No,0,No,No,0,Credit Card,Standard,,
SES501282,CUST11220,2025-11-18 00:00:00,18,FEMALE,Mumbai,Returning,10,Mobile,Direct,9.1,6,2,Sports,Yoga Mat,9891,No,0,Yes,15,No,No,0,Debit Card,Express,,
SES504763,CUST11333,2025-06-24 00:00:00,45,FEMALE,Chennai,Returning,11,Mobile,Google,4,7,7,Beauty,Face Wash,1948,Yes,3564,No,0,No,No,0,Debit Card,Standard,,
SES502887,CUST12101,2026-02-07 00:00:00,20,FEMALE,Kolkata,Returning,6,Tablet,Referral,11.7,12,4,Fashion,T-Shirt,3456,Yes,6941,Yes,5,Yes,Yes,4324,Debit Card,Standard,4.4,5
SES502088,CUST11374,2026-03-20 00:00:00,45,FEMALE,Pune,Returning,5,Mobile,Google,7,7,7,Home & Kitchen,Table Lamp,2360,Yes,4309,Yes,10,No,Yes,3526,Cash on Delivery,Standard,5,5
SES502478,CUST11160,2025-12-28 00:00:00,26,FEMALE,Jaipur,New,0,Mobile,Instagram,3,13,6,Fashion,Kurta,2914,No,0,No,0,No,No,0,UPI,Standard,,
SES503627,CUST11952,2025-12-14 00:00:00,36,FEMALE,Mumbai,New,0,Mobile,Google,18.6,11,5,Home & Kitchen,Bedsheet,13310,Yes,32111,Yes,15,Yes,Yes,22914,UPI,Standard,3.4,5
SES505180,CUST10438,2026-06-22 00:00:00,32,FEMALE,Jaipur,Returning,6,Desktop,Instagram,4.6,5,3,Electronics,Wireless Earbuds,17261,No,0,No,0,No,No,0,Net Banking,Same Day,,
SES504743,CUST10323,2025-06-18 00:00:00,49,FEMALE,Delhi,New,0,Desktop,Direct,2.2,9,4,Fashion,Kurta,5051,No,0,No,0,No,Yes,4900,Debit Card,Standard,4,3.4
SES501993,CUST11928,2025-11-22 00:00:00,40,MALE,Delhi,New,0,Mobile,Instagram,7.2,7,3,Beauty,Face Wash,2864,Yes,5906,Yes,5,Yes,Yes,3560,Wallet,Same Day,3.7,3.3
SES502828,CUST10235,2026-02-07 00:00:00,30,MALE,Kolkata,Returning,3,Desktop,Instagram,8.7,7,3,Sports,Dumbbells,8717,No,0,No,0,No,No,0,Wallet,Express,,
SES505645,CUST10042,2025-10-10 00:00:00,20,MALE,Delhi,Returning,7,Mobile,Instagram,11.7,4,3,Books,Academic Book,2469,Yes,3446,No,0,No,Yes,4744,UPI,Express,4.1,3.2
SES504961,CUST11031,2026-02-08 00:00:00,27,MALE,Mumbai,Returning,3,Mobile,YouTube,6.5,9,4,Fashion,Kurta,1310,No,0,No,0,No,Yes,2448,Credit Card,Standard,3.8,4.8
SES500608,CUST10249,2025-12-29 00:00:00,35,FEMALE,Bangalore,New,0,Desktop,Instagram,11.9,7,3,Books,Business Book,2301,No,0,Yes,20,No,No,0,UPI,Standard,,
SES504558,CUST10622,2025-11-12 00:00:00,38,FEMALE,Mumbai,Returning,7,Tablet,Instagram,14.9,7,6,Fashion,Kurta,3015,No,0,No,0,No,No,0,UPI,Standard,,
SES504592,CUST11970,2026-02-24 00:00:00,40,MALE,Hyderabad,Returning,10,Mobile,Google,8.9,6,3,Beauty,Moisturizer,918,No,0,Yes,30,Yes,No,0,UPI,Standard,,
SES503444,CUST10147,2026-06-09 00:00:00,41,MALE,Delhi,New,0,Mobile,Instagram,15.5,1,9,Electronics,Power Bank,3479,Yes,7504,No,0,No,Yes,5528,Wallet,Express,3.3,5
SES501508,CUST10460,2025-06-22 00:00:00,26,MALE,Chennai,Returning,11,Desktop,Direct,14,7,5,Fashion,Sneakers,1782,No,0,No,0,No,Yes,2930,Debit Card,Express,3.8,3.9
SES503097,CUST11381,2026-04-14 00:00:00,24,FEMALE,Lucknow,New,0,Mobile,Facebook,13.8,8,5,Sports,Running Shoes,6370,Yes,10073,Yes,10,No,No,0,Net Banking,Standard,,
SES504878,CUST11002,2026-06-08 00:00:00,39,MALE,Mumbai,Returning,14,Desktop,Google,7.6,8,1,Fashion,Sneakers,5425,No,0,Yes,15,No,Yes,6707,UPI,Express,4.5,5
SES505929,CUST11583,2025-08-12 00:00:00,35,MALE,Lucknow,New,0,Mobile,Facebook,9.9,5,4,Beauty,Face Wash,3227,Yes,6995,Yes,15,Yes,Yes,5058,Credit Card,Express,3.4,3.2
SES504767,CUST11752,2025-06-13 00:00:00,36,FEMALE,Delhi,New,0,Mobile,Instagram,8.5,5,5,Fashion,T-Shirt,2215,Yes,3482,Yes,20,Yes,Yes,2146,Debit Card,Express,4.6,4.6
SES500204,CUST11683,2025-04-29 00:00:00,28,MALE,Kolkata,Returning,15,Mobile,Direct,2.9,6,5,Beauty,Face Wash,965,No,0,Yes,20,No,No,0,Cash on Delivery,Express,,
SES500340,CUST11082,2025-11-08 00:00:00,24,FEMALE,Jaipur,New,0,Desktop,Email,17.9,7,5,Fashion,T-Shirt,5578,Yes,7859,Yes,25,Yes,No,0,UPI,Express,,
SES504784,CUST11192,2026-05-16 00:00:00,41,FEMALE,Delhi,Returning,15,Mobile,Direct,13.4,7,3,Fashion,Jacket,6634,Yes,11231,Yes,15,No,Yes,6751,UPI,Express,2.6,2.6
SES500838,CUST10815,2025-11-28 00:00:00,57,MALE,Mumbai,New,0,Desktop,Google,9.5,8,8,Fashion,T-Shirt,6799,Yes,9154,No,0,No,Yes,13106,UPI,Standard,3.5,2.8
SES504383,CUST10788,2025-08-26 00:00:00,18,MALE,Chennai,Returning,11,Desktop,Direct,5.7,6,2,Sports,Dumbbells,9597,Yes,9238,No,0,No,Yes,19857,Credit Card,Standard,4.6,5
SES500388,CUST11067,2025-09-29 00:00:00,21,FEMALE,Kolkata,New,1,Mobile,Facebook,4.1,7,3,Home & Kitchen,Storage Box,14786,Yes,28122,Yes,25,Yes,Yes,14599,Net Banking,Standard,5,5
SES503136,CUST11659,2025-11-25 00:00:00,18,MALE,Lucknow,Returning,7,Desktop,Instagram,20.4,5,1,Fashion,Sneakers,1682,Yes,2793,No,0,No,Yes,2118,UPI,Same Day,4.4,2.8
SES504656,CUST11122,2025-01-11 00:00:00,18,MALE,Kolkata,Returning,2,Desktop,YouTube,12.1,8,4,Books,Business Book,829,Yes,689,Yes,25,Yes,Yes,1075,UPI,Standard,4.3,4.8
SES502610,CUST11258,2025-08-28 00:00:00,34,FEMALE,Pune,Returning,7,Mobile,Instagram,6.2,8,4,Books,Fiction Book,969,No,0,Yes,25,No,Yes,1269,Credit Card,Standard,3.2,5
SES502928,CUST11250,2025-11-25 00:00:00,52,FEMALE,Mumbai,New,0,Mobile,Direct,5,4,6,Home & Kitchen,Cookware Set,13004,No,0,Yes,10,Yes,No,0,Debit Card,Standard,,
SES501861,CUST12149,2025-09-12 00:00:00,18,MALE,Jaipur,Returning,11,Mobile,Referral,8.7,6,5,Electronics,Smart Watch,3508,Yes,6081,Yes,15,Yes,No,0,UPI,Standard,,
SES505490,CUST10546,2025-01-23 00:00:00,32,MALE,Bangalore,New,0,Mobile,Instagram,10.4,7,2,Home & Kitchen,Bedsheet,11816,Yes,24430,Yes,15,Yes,Yes,22721,Cash on Delivery,Express,4.1,5
SES503024,CUST11197,2026-02-24 00:00:00,33,MALE,Delhi,Returning,11,Desktop,Instagram,14.1,3,1,Fashion,Jacket,3407,Yes,5140,No,0,No,No,0,Cash on Delivery,Standard,,
SES501497,CUST12009,2025-12-01 00:00:00,47,MALE,Mumbai,New,0,Desktop,Referral,16.3,8,3,Home & Kitchen,Bedsheet,2691,Yes,5443,Yes,20,Yes,Yes,2694,UPI,Standard,2.9,4.6
SES504954,CUST11014,2025-08-11 00:00:00,51,FEMALE,Bangalore,New,0,Mobile,Direct,3.3,7,4,Beauty,Moisturizer,1620,No,0,No,0,No,No,0,UPI,Standard,,
SES501685,CUST11661,2025-08-22 00:00:00,23,FEMALE,Kolkata,New,1,Mobile,Google,14.6,4,5,Electronics,Smart Watch,8636,Yes,14131,Yes,10,Yes,Yes,14987,Cash on Delivery,Express,4.6,3.7
SES502400,CUST10068,2025-12-13 00:00:00,40,UNKNOWN,Chennai,New,0,Mobile,Direct,4.3,7,2,Electronics,Headphones,8842,No,0,No,0,No,No,0,UPI,Standard,,
SES503542,CUST11289,2025-04-29 00:00:00,26,FEMALE,Pune,New,0,Mobile,Email,6.2,7,4,Electronics,Power Bank,27365,Yes,25223,No,0,No,Yes,49275,UPI,Same Day,4.3,3.9
SES500678,CUST11027,2026-03-14 00:00:00,45,FEMALE,Hyderabad,New,1,Desktop,Direct,4.6,5,7,Books,Self Help Book,2102,No,0,Yes,5,Yes,Yes,3960,UPI,Express,3.5,3.4
SES504449,CUST10326,2026-05-22 00:00:00,28,MALE,Bangalore,Returning,10,Mobile,Direct,10.2,5,4,Beauty,Face Wash,2507,Yes,5879,Yes,10,Yes,Yes,2007,UPI,Standard,3.7,4.1
SES504210,CUST11483,2026-05-02 00:00:00,51,FEMALE,Bangalore,New,0,Desktop,Email,2.1,8,3,Beauty,Face Wash,2840,Yes,6872,No,0,No,No,0,Credit Card,Standard,,
SES502482,CUST10602,2025-06-30 00:00:00,23,FEMALE,Bangalore,New,0,Desktop,Direct,4.4,7,6,Home & Kitchen,Storage Box,14570,No,0,No,0,No,No,0,UPI,Express,,
SES500062,CUST11077,2025-06-21 00:00:00,40,MALE,Bangalore,New,0,Mobile,Facebook,7.1,6,3,Beauty,Shampoo,2829,No,0,No,0,No,No,0,Wallet,Standard,,
SES502092,CUST11170,2026-01-24 00:00:00,26,FEMALE,Lucknow,New,0,Tablet,Google,13.6,5,4,Sports,Dumbbells,7662,Yes,11812,No,0,No,No,0,UPI,Standard,,
SES504161,CUST11226,2026-03-26 00:00:00,44,FEMALE,Delhi,Returning,4,Mobile,Referral,15.7,7,5,Home & Kitchen,Table Lamp,3821,Yes,9458,No,0,No,No,0,UPI,Standard,,
SES503155,CUST10582,2025-10-10 00:00:00,24,MALE,Mumbai,Returning,11,Desktop,Google,5.7,8,2,Fashion,Kurta,2182,No,0,Yes,15,No,Yes,3882,Wallet,Express,3.8,4.8
SES501979,CUST11851,2025-11-09 00:00:00,37,FEMALE,Delhi,Returning,9,Desktop,Instagram,6,6,6,Sports,Football,7458,No,0,Yes,25,No,No,0,UPI,Express,,
SES500791,CUST11253,2025-12-12 00:00:00,32,MALE,Kolkata,Returning,11,Mobile,Google,14.6,4,1,Fashion,Kurta,961,Yes,945,No,0,No,Yes,901,UPI,Same Day,4.1,4
SES503913,CUST10822,2026-06-19 00:00:00,42,FEMALE,Jaipur,New,0,Tablet,Google,14.1,8,4,Home & Kitchen,Cookware Set,2611,No,0,No,0,No,No,0,Cash on Delivery,Standard,,
SES503246,CUST12146,2025-08-27 00:00:00,30,MALE,Delhi,New,0,Mobile,Google,17.4,6,4,Home & Kitchen,Bedsheet,1674,Yes,1404,No,0,No,No,0,UPI,Express,,
SES505465,CUST10596,2025-02-21 00:00:00,43,MALE,Lucknow,Returning,6,Desktop,Facebook,5.4,6,3,Electronics,Headphones,26808,No,0,No,0,No,Yes,50581,UPI,Standard,2.7,4.1
SES504715,CUST11646,2025-07-05 00:00:00,23,MALE,Pune,Returning,5,Desktop,Google,7.4,9,4,Fashion,Kurta,2244,No,0,Yes,10,No,No,0,Debit Card,Standard,,
SES504833,CUST11522,2025-05-09 00:00:00,29,MALE,Kolkata,New,0,Mobile,Email,16.1,6,3,Fashion,T-Shirt,2686,No,0,No,0,No,No,0,Wallet,Standard,,
SES503871,CUST11118,2026-01-16 00:00:00,30,MALE,Mumbai,New,0,Mobile,Instagram,2.9,5,3,Beauty,Lipstick,2173,No,0,No,0,No,No,0,Cash on Delivery,Standard,,
SES502043,CUST11998,2025-03-05 00:00:00,31,FEMALE,Bangalore,Returning,3,Mobile,Referral,7,6,3,Sports,Football,11202,No,0,No,0,No,No,0,Debit Card,Express,,
SES501544,CUST11009,2025-06-30 00:00:00,39,FEMALE,Mumbai,Returning,6,Mobile,Google,13.2,7,3,Beauty,Lipstick,281,Yes,483,Yes,5,Yes,Yes,476,Wallet,Express,3.4,5
SES504897,CUST10788,2026-01-10 00:00:00,31,MALE,Delhi,New,0,Mobile,Email,4.2,7,6,Fashion,T-Shirt,3709,Yes,6746,Yes,10,Yes,Yes,3393,UPI,Standard,3.9,4.7
SES502630,CUST11302,2025-07-29 00:00:00,24,FEMALE,Hyderabad,New,0,Mobile,Google,6.7,7,6,Fashion,T-Shirt,5914,No,0,Yes,15,Yes,No,0,Cash on Delivery,Standard,,
SES504059,CUST11233,2026-03-12 00:00:00,34,FEMALE,Mumbai,Returning,3,Mobile,Direct,5.5,8,3,Sports,Running Shoes,8050,Yes,14647,Yes,25,No,Yes,8459,UPI,Standard,3.8,4.4
SES501506,CUST11473,2025-02-11 00:00:00,26,MALE,Delhi,Returning,14,Mobile,Facebook,10.4,7,2,Electronics,Power Bank,29288,No,0,Yes,10,No,No,0,Wallet,Standard,,
SES500734,CUST10118,2025-04-29 00:00:00,24,MALE,Hyderabad,New,0,Mobile,YouTube,13.6,16,4,Books,Biography,2138,Yes,3281,No,0,No,No,0,Net Banking,Standard,,
SES505544,CUST10255,2026-03-20 00:00:00,20,FEMALE,Hyderabad,New,0,Mobile,Google,13.8,10,4,Fashion,Jeans,694,Yes,725,Yes,5,Yes,No,0,UPI,Standard,,
SES504575,CUST12011,2026-01-28 00:00:00,35,FEMALE,Lucknow,Returning,15,Mobile,YouTube,3.4,7,2,Home & Kitchen,Coffee Maker,12360,No,0,No,0,No,No,0,UPI,Express,,
SES502272,CUST10613,2025-01-29 00:00:00,38,MALE,Pune,New,0,Mobile,Instagram,16.4,6,3,Fashion,Sneakers,2318,Yes,3307,No,0,No,No,0,UPI,Standard,,
SES505115,CUST10193,2025-05-19 00:00:00,35,FEMALE,Ahmedabad,New,0,Mobile,Referral,14.6,7,3,Beauty,Shampoo,1898,Yes,1668,No,0,No,No,0,Net Banking,Standard,,
SES501880,CUST11598,2025-09-25 00:00:00,39,MALE,Bangalore,Returning,11,Desktop,Email,10.8,4,3,Electronics,Smart Watch,32315,No,0,No,0,No,Yes,33773,Debit Card,Standard,4,4.8
SES502458,CUST10283,2025-10-18 00:00:00,25,FEMALE,Kolkata,New,0,Desktop,Email,10.7,4,3,Books,Academic Book,1287,Yes,3215,Yes,15,Yes,No,0,UPI,Standard,,
SES500528,CUST11947,2026-01-27 00:00:00,26,MALE,Delhi,New,0,Mobile,Email,15.9,3,7,Books,Business Book,692,Yes,888,No,0,No,No,0,Net Banking,Express,,
SES501832,CUST11682,2026-01-12 00:00:00,24,FEMALE,Bangalore,Returning,14,Tablet,Facebook,6.8,7,3,Electronics,Headphones,28840,Yes,36780,No,0,No,No,0,Debit Card,Standard,,
SES502599,CUST11055,2026-04-15 00:00:00,31,FEMALE,Delhi,Returning,10,Desktop,Direct,2.3,9,6,Fashion,T-Shirt,4820,Yes,8268,No,0,No,Yes,5508,Debit Card,Standard,4.1,3.6
SES501558,CUST11662,2025-11-17 00:00:00,23,FEMALE,Mumbai,Returning,15,Mobile,Google,6.9,6,5,Electronics,Bluetooth Speaker,30270,No,0,No,0,No,No,0,Cash on Delivery,Standard,,
SES502679,CUST11018,2025-07-10 00:00:00,26,FEMALE,Chennai,New,0,Mobile,Instagram,17.2,7,3,Sports,Running Shoes,11340,Yes,22551,Yes,15,No,Yes,21495,UPI,Standard,3.6,4.4
SES501612,CUST11497,2025-07-25 00:00:00,34,FEMALE,Hyderabad,New,0,Mobile,Instagram,5.1,5,3,Books,Biography,1668,No,0,Yes,5,Yes,No,0,Credit Card,Standard,0,
SES503505,CUST11896,2025-01-12 00:00:00,26,MALE,Kolkata,Returning,3,Desktop,Direct,35,9,4,Electronics,Headphones,21707,No,0,No,0,No,No,0,UPI,Express,,
SES500804,CUST10616,2025-12-29 00:00:00,49,FEMALE,Delhi,New,0,Mobile,Email,10,6,5,Books,Self Help Book,1336,No,0,Yes,20,No,Yes,2913,Wallet,Standard,4.7,3.7
SES500858,CUST11640,2025-10-24 00:00:00,36,MALE,Lucknow,Returning,4,Tablet,Email,13.2,4,4,Fashion,Jacket,1403,Yes,2640,No,0,No,Yes,1741,UPI,Standard,3.7,4.4
SES505910,CUST11829,2025-10-15 00:00:00,22,FEMALE,Bangalore,Returning,2,Desktop,Email,10.7,7,4,Fashion,Sneakers,4913,Yes,10728,Yes,10,No,No,0,Debit Card,Standard,,
SES502447,CUST11516,2025-04-30 00:00:00,22,FEMALE,Ahmedabad,Returning,5,Mobile,YouTube,2.7,7,5,Electronics,Bluetooth Speaker,16319,Yes,37559,Yes,10,No,No,0,Wallet,Standard,,
SES502788,CUST11229,2026-03-12 00:00:00,37,MALE,Bangalore,New,0,Mobile,Google,30.8,5,7,Electronics,Headphones,25453,Yes,32592,No,0,No,No,0,Credit Card,Same Day,,
SES503946,CUST10796,2025-04-23 00:00:00,32,MALE,Kolkata,New,0,Mobile,Instagram,5.8,10,2,Books,Fiction Book,230,Yes,277,No,0,No,No,0,Debit Card,Express,,
SES504705,CUST10839,2026-06-16 00:00:00,18,MALE,Bangalore,Returning,4,Desktop,Email,8.1,8,4,Beauty,Shampoo,911,Yes,734,No,0,No,Yes,1223,UPI,Standard,3.1,5
SES501565,CUST11365,2025-12-11 00:00:00,20,MALE,Delhi,New,0,Tablet,Facebook,10.6,5,6,Electronics,Smart Watch,6783,No,0,No,0,No,No,0,Credit Card,Express,,
SES500220,CUST11920,2026-03-17 00:00:00,31,MALE,Kolkata,New,0,Mobile,Google,2.3,6,5,Fashion,Jacket,6907,No,0,Yes,15,Yes,No,0,Credit Card,Standard,,
SES504740,CUST11273,2026-04-30 00:00:00,35,MALE,Mumbai,Returning,4,Desktop,Instagram,18.5,5,5,Sports,Football,11669,Yes,26842,No,0,No,Yes,24436,Wallet,Standard,2.9,4.3
SES501289,CUST10886,2026-05-08 00:00:00,47,MALE,Mumbai,Returning,11,Desktop,Google,11.5,5,2,Fashion,Jeans,2342,Yes,5396,Yes,15,Yes,Yes,3794,Credit Card,Standard,5,3.5
SES501116,CUST11373,2025-03-01 00:00:00,39,MALE,Hyderabad,Returning,6,Mobile,Direct,7.3,5,4,Electronics,Power Bank,5634,Yes,12241,Yes,10,Yes,No,0,Credit Card,Standard,,
SES500583,CUST10250,2025-07-13 00:00:00,53,MALE,Delhi,Returning,10,Mobile,Google,8.7,5,3,Electronics,Headphones,29757,Yes,37406,No,0,No,No,0,UPI,Standard,,
SES503198,CUST10840,2025-11-07 00:00:00,38,MALE,Lucknow,Returning,10,Mobile,Instagram,12.9,9,5,Electronics,Bluetooth Speaker,31761,No,0,No,0,No,No,0,Debit Card,Standard,,
SES500044,CUST10035,2026-03-03 00:00:00,52,FEMALE,Mumbai,Returning,3,Mobile,Google,5.9,7,9,Sports,Football,11644,Yes,16723,No,0,No,Yes,18241,Cash on Delivery,Express,4.9,4.1
SES503915,CUST11257,2025-04-06 00:00:00,33,MALE,Delhi,Returning,2,Mobile,Google,12,4,2,Books,Biography,2064,No,0,No,0,No,Yes,3952,Debit Card,Same Day,3.4,3.7
SES501624,CUST11178,2025-11-30 00:00:00,31,MALE,Kolkata,New,0,Desktop,Direct,6.1,9,4,Books,Biography,2348,Yes,2203,No,0,No,No,0,UPI,Standard,,
SES504625,CUST11566,2026-02-07 00:00:00,39,MALE,Kolkata,New,1,Mobile,YouTube,5,5,1,Sports,Cricket Bat,7405,No,0,No,0,No,No,0,Credit Card,Standard,,
SES501663,CUST11287,2025-03-05 00:00:00,37,MALE,Kolkata,Returning,5,Desktop,Google,5.5,5,3,Fashion,Jacket,1080,No,0,No,0,No,No,0,Credit Card,Standard,,
SES503873,CUST12005,2026-03-30 00:00:00,42,MALE,Bangalore,Returning,10,Tablet,Google,3.5,3,4,Electronics,Power Bank,27102,No,0,No,0,No,No,0,Debit Card,Standard,,
SES502648,CUST10836,2025-11-20 00:00:00,32,MALE,Bangalore,New,0,Mobile,Google,2.6,8,2,Home & Kitchen,Table Lamp,1841,No,0,No,0,No,No,0,UPI,Express,,
SES505872,CUST11037,2026-02-26 00:00:00,30,MALE,Delhi,Returning,8,Desktop,Google,11,6,9,Fashion,Sneakers,478,Yes,730,No,0,No,No,0,Cash on Delivery,Same Day,,
SES505941,CUST10772,2025-03-25 00:00:00,35,MALE,Kolkata,Returning,14,Desktop,Instagram,15.1,10,6,Books,Self Help Book,1085,Yes,2531,Yes,10,Yes,No,0,Wallet,Express,,
SES501225,CUST10593,2026-06-15 00:00:00,41,FEMALE,Mumbai,New,0,Mobile,YouTube,7,7,4,Fashion,Sneakers,1837,No,0,Yes,15,Yes,No,0,UPI,Standard,,
SES504642,CUST11716,2026-04-25 00:00:00,40,FEMALE,Kolkata,Returning,15,Desktop,Instagram,1.6,8,7,Beauty,Lipstick,991,Yes,1142,Yes,20,Yes,No,0,Cash on Delivery,Standard,,
SES504377,CUST10588,2025-04-12 00:00:00,28,FEMALE,Lucknow,New,0,Mobile,Instagram,9.2,5,3,Books,Self Help Book,882,No,0,No,0,No,No,0,Wallet,Standard,,
SES501072,CUST11041,2025-04-10 00:00:00,39,FEMALE,Kolkata,New,0,Mobile,Google,7.3,9,4,Electronics,Headphones,17917,Yes,18082,Yes,25,Yes,Yes,16197,Net Banking,Standard,3.9,4.9
SES500719,CUST11631,2025-07-02 00:00:00,48,FEMALE,Hyderabad,New,0,Desktop,Google,11.8,6,5,Books,Business Book,1235,No,0,Yes,20,Yes,No,0,Debit Card,Standard,,
SES504380,CUST10522,2025-09-07 00:00:00,39,MALE,Mumbai,Returning,9,Mobile,YouTube,9.1,2,4,Fashion,Jeans,6832,Yes,7389,No,0,No,No,0,UPI,Standard,,
SES502003,CUST10770,2026-03-19 00:00:00,49,MALE,Hyderabad,New,0,Desktop,Instagram,15.5,6,5,Electronics,Power Bank,19920,Yes,36074,No,0,No,No,0,Debit Card,Standard,,
SES500671,CUST10028,2025-08-07 00:00:00,39,MALE,Mumbai,New,0,Mobile,Referral,4.9,8,5,Sports,Running Shoes,6766,No,0,No,0,No,No,0,Cash on Delivery,Standard,,
SES503937,CUST11252,2025-10-23 00:00:00,34,MALE,Ahmedabad,Returning,8,Mobile,Direct,17.9,7,5,Beauty,Shampoo,648,Yes,1280,No,0,No,Yes,636,UPI,Standard,4.7,3.8
SES504152,CUST11658,2025-04-25 00:00:00,21,MALE,Delhi,Returning,4,Mobile,Google,5.6,7,3,Beauty,Lipstick,808,Yes,953,No,0,No,Yes,1663,Debit Card,Express,3.2,4.6
SES504323,CUST10187,2025-04-08 00:00:00,18,MALE,Jaipur,Returning,4,Tablet,Direct,19.2,6,3,Books,Business Book,2092,No,0,No,0,No,No,0,UPI,Same Day,,
SES504823,CUST12157,2025-07-19 00:00:00,19,MALE,Pune,Returning,14,Mobile,Direct,15.2,7,8,Fashion,Kurta,6826,No,0,No,0,No,No,0,Credit Card,Express,,
SES502922,CUST11480,2025-06-06 00:00:00,54,MALE,Bangalore,New,0,Mobile,YouTube,11.8,6,4,Books,Business Book,554,No,0,No,0,No,No,0,Debit Card,Standard,,
SES500898,CUST10710,2025-10-14 00:00:00,42,FEMALE,Delhi,New,0,Mobile,Google,10.4,7,2,Home & Kitchen,Table Lamp,3345,Yes,7150,No,0,No,No,0,UPI,Standard,,
SES501259,CUST11986,2026-03-23 00:00:00,40,MALE,Mumbai,New,0,Desktop,Referral,11.6,6,5,Fashion,Jacket,2689,Yes,3051,Yes,5,Yes,Yes,2773,UPI,Express,3.6,4.1
SES501617,CUST12150,2025-12-25 00:00:00,33,FEMALE,Jaipur,New,0,Mobile,Direct,6.1,5,4,Fashion,T-Shirt,4198,No,0,No,0,No,No,0,UPI,Standard,,
SES500096,CUST10398,2025-11-30 00:00:00,31,MALE,Chennai,New,0,Mobile,Google,8.9,3,4,Beauty,Face Wash,2194,No,0,No,0,No,No,0,Credit Card,Standard,,
SES503561,CUST11360,2026-03-20 00:00:00,40,MALE,Delhi,Returning,7,Mobile,Google,6.1,8,4,Fashion,Jeans,3186,No,0,No,0,No,No,0,credit card,Standard,,
SES502992,CUST11414,2026-05-08 00:00:00,32,MALE,Mumbai,Returning,3,Mobile,Instagram,0.9,12,4,Beauty,Perfume,999,Yes,2078,No,0,No,Yes,1498,Debit Card,Standard,4.4,4
SES500843,CUST10095,2026-01-28 00:00:00,44,FEMALE,Pune,New,0,Mobile,Instagram,4.1,7,1,Fashion,Jeans,6365,No,0,No,0,No,No,0,Credit Card,Standard,,
SES504877,CUST11515,2025-05-07 00:00:00,30,FEMALE,Bangalore,Returning,9,Mobile,Email,12,8,5,Sports,Yoga Mat,6019,Yes,5583,No,0,No,Yes,13057,Cash on Delivery,Standard,3.8,4.4
SES505523,CUST10760,2025-02-10 00:00:00,33,MALE,Bangalore,Returning,7,Desktop,Referral,8,8,3,Beauty,Shampoo,2794,Yes,3143,Yes,15,Yes,Yes,2432,Debit Card,Same Day,5,4.7
SES505001,CUST11909,2025-12-04 00:00:00,29,FEMALE,Delhi,Returning,7,Desktop,Instagram,9.6,6,4,Electronics,Power Bank,27849,No,0,Yes,25,Yes,No,0,UPI,Express,,
SES504183,CUST10225,2025-05-28 00:00:00,37,MALE,Bangalore,New,0,Mobile,Email,8.3,4,4,Fashion,Kurta,3389,No,0,Yes,25,Yes,No,0,Credit Card,Express,,
SES505368,CUST11173,2025-09-18 00:00:00,50,MALE,Mumbai,Returning,8,Mobile,Facebook,11.2,8,7,Beauty,Perfume,3994,Yes,5896,No,0,No,No,0,Debit Card,Same Day,,
SES501601,CUST11001,2025-10-31 00:00:00,40,FEMALE,Delhi,New,1,Mobile,Instagram,9.4,7,8,Electronics,Smart Watch,28833,No,0,Yes,5,No,No,0,Debit Card,Standard,,
SES504595,CUST11835,2025-10-22 00:00:00,30,MALE,Hyderabad,Returning,11,Mobile,Google,6.7,9,4,Beauty,Lipstick,2693,No,0,Yes,20,Yes,Yes,3607,Net Banking,Standard,2.9,4.9
SES500323,CUST11130,2026-01-01 00:00:00,21,MALE,Delhi,Returning,5,Desktop,Email,2.5,6,3,Fashion,T-Shirt,5585,No,0,Yes,10,No,No,0,Credit Card,Express,,
SES504379,CUST10201,2025-12-04 00:00:00,34,FEMALE,Jaipur,New,0,Mobile,Facebook,10.8,9,4,Fashion,Sneakers,5095,Yes,11780,No,0,No,Yes,8646,UPI,Standard,4,3.9
SES502158,CUST11975,2025-09-19 00:00:00,35,MALE,Delhi,Returning,3,Mobile,Google,11.4,5,5,Beauty,Lipstick,1765,Yes,3002,No,0,No,Yes,2486,UPI,Standard,4.1,3.8
SES503188,CUST10525,2026-01-12 00:00:00,34,MALE,Delhi,New,0,Desktop,Facebook,7.5,5,3,Fashion,T-Shirt,2287,Yes,3301,Yes,25,No,Yes,3842,cash on delivery,Express,3.9,4.1
SES500335,CUST11854,2025-11-24 00:00:00,25,FEMALE,Pune,New,0,Desktop,Instagram,7.4,11,5,Fashion,T-Shirt,4997,Yes,6977,No,0,No,Yes,5367,Debit Card,Same Day,4.4,4
SES502678,CUST10558,2025-01-01 00:00:00,41,MALE,Kolkata,New,0,Tablet,Facebook,5.2,3,5,Fashion,Sneakers,5972,Yes,8745,No,0,No,Yes,12652,UPI,Express,4.1,3.7
SES500333,CUST10741,2026-06-20 00:00:00,56,FEMALE,Hyderabad,New,0,Mobile,Direct,17.6,9,4,Electronics,Headphones,6627,Yes,9749,Yes,15,Yes,Yes,7009,Debit Card,Express,5,3.6
SES500834,CUST11659,2025-04-07 00:00:00,18,FEMALE,Hyderabad,New,0,Desktop,Facebook,11.5,8,4,Fashion,Kurta,1931,Yes,4136,No,0,No,No,0,Debit Card,Standard,,
SES503743,CUST10904,2025-01-24 00:00:00,30,FEMALE,Hyderabad,New,1,Mobile,Instagram,11.6,6,3,Books,Business Book,1638,No,0,Yes,25,Yes,No,0,UPI,Standard,,
SES505311,CUST10301,2025-05-08 00:00:00,28,MALE,Bangalore,Returning,6,Mobile,Google,9,10,3,Beauty,Moisturizer,821,Yes,1442,No,0,No,No,0,Cash on Delivery,Express,,
SES505766,CUST11756,2026-04-22 00:00:00,44,MALE,Chennai,Returning,3,Mobile,Facebook,11.8,8,3,Electronics,Headphones,5767,No,0,Yes,10,Yes,No,0,Cash on Delivery,Standard,,
SES503590,CUST11615,2026-05-19 00:00:00,36,MALE,Delhi,Returning,8,Mobile,Referral,7.1,5,3,Beauty,Face Wash,2174,Yes,2920,No,0,No,Yes,1973,Credit Card,Same Day,3.7,3.9
SES505332,CUST12178,2025-08-24 00:00:00,23,MALE,Pune,New,0,Mobile,Email,13.2,6,9,Fashion,Jeans,1464,Yes,1961,No,0,No,Yes,1406,UPI,Standard,2.7,4
SES500732,CUST11871,2025-05-07 00:00:00,28,MALE,Mumbai,Returning,14,Mobile,Facebook,10.9,6,6,Fashion,Sneakers,5885,No,0,No,0,No,Yes,8476,Debit Card,Standard,4.3,3.5
SES501731,CUST10708,2026-02-27 00:00:00,35,MALE,Bangalore,Returning,15,Desktop,YouTube,5.9,5,2,Fashion,Jeans,1137,Yes,1001,No,0,No,No,0,Credit Card,Standard,,
SES500292,CUST10036,2025-11-14 00:00:00,26,FEMALE,Pune,New,0,Desktop,Email,4.6,7,5,Beauty,Moisturizer,3983,No,0,Yes,20,Yes,No,0,Net Banking,Standard,,
SES500185,CUST11960,2026-03-21 00:00:00,34,MALE,Mumbai,New,0,Mobile,Email,12.2,4,3,Electronics,Smart Watch,16509,Yes,21598,No,0,No,Yes,19046,Credit Card,Express,3.5,4.1
SES504752,CUST11090,2026-03-28 00:00:00,31,FEMALE,Delhi,New,0,Desktop,Google,11.4,5,2,Beauty,Shampoo,527,No,0,No,0,No,No,0,Debit Card,Same Day,,
SES504216,CUST12169,2025-11-27 00:00:00,33,MALE,Ahmedabad,Returning,6,Mobile,Instagram,1,9,4,Fashion,Jacket,5166,Yes,6530,Yes,10,Yes,Yes,4805,Cash on Delivery,Standard,2.6,3.2
SES503701,CUST10976,2025-07-30 00:00:00,32,MALE,Chennai,Returning,13,Mobile,Direct,12.7,8,2,Home & Kitchen,Table Lamp,7312,No,0,No,0,No,No,0,UPI,Express,,
SES500534,CUST10390,2025-02-04 00:00:00,31,MALE,Chennai,New,0,Desktop,Google,7.1,5,4,Beauty,Shampoo,2922,Yes,5219,No,0,No,No,0,UPI,Standard,,
SES502869,CUST10162,2025-09-11 00:00:00,18,MALE,Hyderabad,Returning,2,Mobile,YouTube,16.8,12,3,Fashion,Jacket,3292,No,0,Yes,10,Yes,No,0,Wallet,Standard,,
SES501570,CUST10517,2025-02-18 00:00:00,25,MALE,Delhi,New,0,Mobile,Instagram,9.2,15,4,Electronics,Wireless Earbuds,25995,No,0,No,0,No,No,0,Cash on Delivery,Standard,,
SES502128,CUST11901,2025-06-20 00:00:00,32,MALE,Delhi,New,0,Mobile,Instagram,7.4,5,4,Fashion,Sneakers,4823,Yes,10726,No,0,No,Yes,7933,UPI,Standard,5,3.9
SES503205,CUST10113,2025-08-06 00:00:00,28,MALE,Mumbai,New,0,Desktop,Instagram,4.6,13,4,Fashion,Kurta,3215,No,0,No,0,No,No,0,Debit Card,Express,,
SES500658,CUST11050,2025-12-09 00:00:00,51,FEMALE,Hyderabad,New,0,Mobile,Instagram,17,6,6,Home & Kitchen,Table Lamp,4254,Yes,9874,No,0,No,Yes,5379,Debit Card,Express,2.8,2.8
SES501256,CUST12013,2026-02-21 00:00:00,36,MALE,Bangalore,New,0,Tablet,Facebook,3.2,9,5,Electronics,Wireless Earbuds,3190,No,0,Yes,15,No,No,0,UPI,Standard,,
SES502532,CUST10959,2026-05-06 00:00:00,42,FEMALE,Kolkata,New,0,Mobile,Direct,3.4,7,3,Home & Kitchen,Coffee Maker,11060,Yes,11331,Yes,15,No,No,0,UPI,Standard,,
SES503540,CUST10044,2025-09-22 00:00:00,22,MALE,Pune,Returning,15,Mobile,Instagram,6.3,5,4,Home & Kitchen,Coffee Maker,515,Yes,802,No,0,No,Yes,809,Wallet,Standard,5,2.9
SES505799,CUST10178,2025-11-11 00:00:00,37,FEMALE,Jaipur,New,0,Mobile,Referral,8.7,8,3,Electronics,Bluetooth Speaker,14508,Yes,19200,No,0,No,Yes,14831,Credit Card,Standard,3,4
SES503650,CUST11924,2026-01-26 00:00:00,28,MALE,Pune,Returning,11,Tablet,Instagram,19.6,6,6,Beauty,Face Wash,4693,Yes,7503,Yes,25,Yes,Yes,6129,UPI,Same Day,4,4.6
SES500899,CUST11880,2025-08-05 00:00:00,20,MALE,Delhi,Returning,3,Desktop,Referral,16.8,6,2,Home & Kitchen,Bedsheet,882,Yes,1471,Yes,20,Yes,No,0,UPI,Standard,,
SES500429,CUST11820,2025-04-17 00:00:00,21,MALE,Pune,New,0,Desktop,Direct,16.3,8,5,Beauty,Lipstick,4953,Yes,6226,Yes,20,Yes,Yes,9510,Credit Card,Standard,3.2,4.5
SES504156,CUST11448,2025-04-08 00:00:00,26,MALE,Jaipur,New,0,Mobile,Email,7.7,6,2,Books,Academic Book,1353,No,0,No,0,No,No,0,Debit Card,Standard,,
SES502035,CUST10874,2026-05-19 00:00:00,20,FEMALE,Delhi,Returning,14,Mobile,YouTube,6.8,5,6,Electronics,Headphones,15524,No,0,No,0,No,No,0,Wallet,Standard,,
SES501437,CUST10750,2026-06-15 00:00:00,28,MALE,Delhi,New,0,Mobile,Facebook,14.3,1,4,Beauty,Moisturizer,3855,Yes,5111,Yes,5,No,No,0,UPI,Standard,,
SES505460,CUST10455,2025-01-25 00:00:00,35,MALE,Bangalore,New,0,Mobile,Instagram,6,5,2,Books,Self Help Book,2133,No,0,No,0,No,No,0,Net Banking,Standard,,
SES501223,CUST10796,2026-04-02 00:00:00,42,FEMALE,Chennai,New,0,Mobile,Direct,4.7,8,7,Books,Fiction Book,1462,No,0,No,0,No,Yes,1633,Cash on Delivery,Standard,3.6,4.3
SES502684,CUST11772,2025-04-10 00:00:00,35,MALE,Mumbai,New,0,Mobile,YouTube,14.6,7,6,Books,Academic Book,2175,Yes,4958,No,0,No,Yes,3417,UPI,Express,4,2.4
SES502764,CUST11314,2025-10-25 00:00:00,21,MALE,Delhi,Returning,13,Desktop,Referral,13,3,4,Home & Kitchen,Table Lamp,2466,No,0,No,0,No,Yes,5168,Cash on Delivery,Same Day,3.9,3.7
SES503067,CUST10405,2026-06-11 00:00:00,40,FEMALE,Chennai,New,1,Mobile,Google,15.7,4,3,Books,Fiction Book,2059,No,0,No,0,No,No,0,Net Banking,Standard,,
SES502577,CUST11142,2025-09-29 00:00:00,22,MALE,Delhi,Returning,4,Desktop,Direct,11.6,9,1,Books,Business Book,569,No,0,No,0,No,No,0,Wallet,Express,,
SES505789,CUST10893,2026-04-28 00:00:00,36,FEMALE,Ahmedabad,New,0,Mobile,Email,19.5,9,3,Beauty,Perfume,4477,Yes,4303,No,0,No,Yes,9466,UPI,Standard,3.6,4.5
SES503411,CUST12145,2025-01-22 00:00:00,38,MALE,Mumbai,New,0,Mobile,YouTube,5.8,6,5,Fashion,Sneakers,4258,No,0,No,0,No,No,0,Credit Card,Same Day,,
SES503839,CUST11961,2025-09-24 00:00:00,18,MALE,Hyderabad,New,1,Desktop,Instagram,19,7,2,Fashion,Kurta,3303,Yes,5306,No,0,No,Yes,2921,Debit Card,Express,4.4,3.3
SES503071,CUST10084,2025-11-17 00:00:00,26,MALE,Delhi,Returning,6,Mobile,Direct,7.7,9,4,Books,Academic Book,427,Yes,1061,Yes,10,Yes,Yes,820,Credit Card,Express,4.1,4.7
SES505448,CUST11962,2026-04-21 00:00:00,27,FEMALE,Hyderabad,New,0,Mobile,Direct,5.4,10,4,Electronics,Power Bank,12371,No,0,No,0,No,No,0,UPI,Standard,,
SES505879,CUST12088,2026-01-30 00:00:00,51,MALE,Mumbai,New,0,Mobile,Google,15.3,4,5,Electronics,Bluetooth Speaker,27334,No,0,Yes,15,Yes,No,0,UPI,Standard,,
SES502433,CUST12074,2026-05-05 00:00:00,37,MALE,Ahmedabad,New,0,Desktop,Facebook,22.9,11,2,Sports,Cricket Bat,9857,Yes,20540,No,0,No,Yes,17314,Debit Card,Express,5,2.4
SES501898,CUST10183,2025-05-22 00:00:00,33,MALE,Lucknow,New,0,Mobile,YouTube,10.8,6,6,Beauty,Perfume,4666,Yes,11641,Yes,10,No,Yes,6121,UPI,Same Day,4.5,3.2
SES505449,CUST11770,2025-05-27 00:00:00,43,MALE,Mumbai,New,0,Mobile,Instagram,7.3,3,3,Sports,Yoga Mat,11792,No,0,No,0,No,No,0,Credit Card,Standard,,
SES505129,CUST10083,2025-06-19 00:00:00,31,MALE,Kolkata,New,0,Mobile,YouTube,10.1,5,6,Books,Fiction Book,1470,Yes,1336,Yes,15,Yes,Yes,2116,UPI,Standard,4.4,5
SES505455,CUST10232,2026-06-08 00:00:00,33,MALE,Jaipur,Returning,2,Mobile,Facebook,1.8,7,5,Beauty,Face Wash,2140,No,0,No,0,No,Yes,2522,Credit Card,Standard,4.5,4.3
SES501613,CUST11441,2025-03-18 00:00:00,26,FEMALE,Delhi,New,1,Desktop,Email,5.3,9,6,Books,Business Book,444,No,0,No,0,No,No,0,UPI,Standard,,
SES502339,CUST10968,2026-02-08 00:00:00,18,FEMALE,Chennai,New,1,Mobile,YouTube,2.2,8,6,Fashion,Jacket,3555,No,0,Yes,20,No,No,0,Debit Card,Standard,,
SES505716,CUST11041,2025-08-24 00:00:00,18,MALE,Mumbai,New,0,Mobile,Referral,12,4,4,Electronics,Smart Watch,3168,Yes,2853,Yes,5,Yes,No,0,Cash on Delivery,Express,,
SES501411,CUST10716,2026-06-19 00:00:00,18,MALE,Chennai,New,0,Mobile,Google,18.6,6,2,Electronics,Smart Watch,20538,Yes,29928,No,0,No,No,0,Wallet,Standard,,
SES504366,CUST10421,2025-01-14 00:00:00,41,FEMALE,Jaipur,New,0,Desktop,Facebook,7.1,10,3,Fashion,Kurta,4914,No,0,Yes,10,Yes,No,0,UPI,Standard,,
SES502338,CUST12049,2025-05-29 00:00:00,37,MALE,Ahmedabad,New,0,Mobile,YouTube,3.9,8,5,Home & Kitchen,Storage Box,6846,Yes,14361,No,0,No,Yes,6434,Debit Card,Express,3.5,2.2
SES503221,CUST11108,2025-07-13 00:00:00,47,FEMALE,Jaipur,Returning,15,Mobile,Facebook,8.6,7,6,Home & Kitchen,Bedsheet,4058,Yes,9860,No,0,No,Yes,8474,UPI,Standard,4.4,4.1
SES502046,CUST11779,2025-03-01 00:00:00,20,MALE,Delhi,Returning,4,Desktop,Facebook,1.4,11,5,Fashion,Sneakers,3542,Yes,4378,Yes,15,Yes,No,0,Debit Card,Standard,,
SES501871,CUST10768,2025-09-24 00:00:00,39,FEMALE,Bangalore,Returning,11,Mobile,Direct,7.7,8,5,Beauty,Lipstick,4190,Yes,6780,Yes,15,Yes,Yes,6580,Wallet,Standard,4,2.5
SES501127,CUST11805,2026-01-20 00:00:00,38,MALE,Chennai,New,0,Desktop,Direct,24.5,4,4,Beauty,Face Wash,1682,Yes,3805,Yes,15,Yes,Yes,2148,Wallet,Same Day,3.5,3.3
SES502670,CUST11846,2026-05-17 00:00:00,22,FEMALE,Pune,New,0,Desktop,YouTube,8.1,7,4,Sports,Cricket Bat,9705,Yes,17606,Yes,10,No,No,0,Net Banking,Standard,,
SES505602,CUST12107,2025-03-31 00:00:00,28,MALE,Lucknow,New,0,Mobile,Direct,8.2,7,5,Home & Kitchen,Table Lamp,7755,No,0,No,0,No,No,0,Debit Card,Standard,,
SES503307,CUST10073,2025-05-01 00:00:00,29,MALE,Mumbai,New,1,Mobile,Google,8,4,5,Home & Kitchen,Coffee Maker,2313,Yes,5274,Yes,15,Yes,Yes,2536,Net Banking,Standard,4,3.1
SES503802,CUST11414,2026-03-08 00:00:00,31,FEMALE,Delhi,Returning,10,Mobile,Email,28.3,7,6,Electronics,Power Bank,964,Yes,1090,No,0,No,Yes,1347,UPI,Express,3.8,4.6
SES500305,CUST10575,2025-12-31 00:00:00,52,MALE,Bangalore,New,0,Tablet,Referral,10.7,9,5,Electronics,Power Bank,21788,Yes,40019,No,0,No,Yes,43755,UPI,Standard,4.1,4.2
SES503247,CUST11827,2026-06-10 00:00:00,21,MALE,Kolkata,Returning,2,Mobile,Direct,4.4,6,5,Beauty,Lipstick,4530,Yes,8764,Yes,15,Yes,Yes,8813,Credit Card,Express,4.7,3.1
SES501293,CUST10687,2026-05-29 00:00:00,26,FEMALE,Hyderabad,New,0,Mobile,Email,2,4,4,Fashion,Kurta,2080,Yes,5093,Yes,30,Unknown,No,0,Cash on Delivery,Standard,,
SES500071,CUST11153,2025-07-03 00:00:00,36,MALE,Lucknow,Returning,11,Mobile,Google,15.3,5,8,Electronics,Smart Watch,24147,Yes,25609,Yes,5,Yes,No,0,Credit Card,Standard,,
SES501943,CUST10563,2025-04-19 00:00:00,29,MALE,Pune,New,0,Desktop,Direct,13.1,10,5,Fashion,Jacket,4750,Yes,9206,Yes,30,Yes,Yes,4161,UPI,Express,4.4,4.1
SES501306,CUST10738,2025-08-05 00:00:00,33,FEMALE,Delhi,New,0,Mobile,Google,12.9,4,5,Fashion,Jacket,3512,Yes,5399,Yes,10,Yes,No,0,cash on delivery,Express,,
SES503406,CUST11572,2025-03-03 00:00:00,35,FEMALE,Kolkata,New,0,Desktop,Google,7.2,5,5,Electronics,Wireless Earbuds,2509,Yes,5691,Yes,10,Yes,No,0,Cash on Delivery,Standard,,
SES503108,CUST10844,2026-05-16 00:00:00,31,FEMALE,Jaipur,Returning,6,Desktop,Facebook,12,6,2,Electronics,Smart Watch,27508,Yes,48323,No,0,No,No,0,Credit Card,Standard,,
SES504222,CUST10241,2025-04-25 00:00:00,22,MALE,Ahmedabad,New,0,Desktop,Google,11.7,4,2,Home & Kitchen,Storage Box,14814,No,0,No,0,No,Yes,29667,UPI,Express,4.3,3.9
SES501700,CUST10673,2025-09-17 00:00:00,23,MALE,Chennai,New,0,Mobile,Facebook,9.1,9,5,Sports,Running Shoes,7064,No,0,No,0,No,No,0,UPI,Standard,,
SES501341,CUST10349,2026-04-01 00:00:00,22,FEMALE,Delhi,New,0,Desktop,Direct,3.9,6,4,Fashion,Jeans,4107,No,0,Yes,15,Yes,No,0,UPI,Standard,,
SES500832,CUST11858,2025-06-25 00:00:00,40,MALE,Delhi,New,0,Desktop,Google,12.9,7,5,Home & Kitchen,Storage Box,6461,Yes,15564,Yes,15,No,No,0,Debit Card,Standard,,
SES502229,CUST12080,2025-02-06 00:00:00,18,MALE,Lucknow,New,0,Mobile,Google,2.8,6,4,Electronics,Headphones,33734,Yes,77292,No,0,No,No,0,UPI,Express,,
SES501457,CUST11749,2025-07-10 00:00:00,20,FEMALE,Delhi,Returning,6,Mobile,Facebook,5.4,8,3,Fashion,Kurta,3381,No,0,No,0,No,No,0,UPI,Same Day,,
SES504995,CUST10464,2026-01-16 00:00:00,58,FEMALE,Bangalore,New,0,Tablet,Facebook,14.7,7,1,Sports,Dumbbells,2096,No,0,No,0,No,No,0,UPI,Express,,
SES505152,CUST10820,2025-03-09 00:00:00,22,MALE,Ahmedabad,New,0,Mobile,Instagram,2.9,9,8,Home & Kitchen,Cookware Set,3863,Yes,9486,Yes,20,Yes,Yes,6772,UPI,Standard,4.1,1.8
SES500239,CUST10470,2025-01-20 00:00:00,29,FEMALE,Mumbai,New,0,Mobile,Facebook,3.1,9,4,Home & Kitchen,Cookware Set,6673,No,0,Yes,30,Yes,No,0,Credit Card,Same Day,,
SES500093,CUST11486,2025-08-24 00:00:00,28,MALE,Mumbai,Returning,5,Mobile,Referral,6.3,3,3,Electronics,Bluetooth Speaker,7136,Yes,14123,No,0,No,Yes,13333,Credit Card,Standard,4.3,3.5
SES502228,CUST10960,2025-03-05 00:00:00,33,MALE,Delhi,New,0,Mobile,Email,5.7,6,3,Fashion,Jeans,2078,No,0,Yes,20,Yes,No,0,UPI,Standard,,
SES501946,CUST12038,2025-08-01 00:00:00,30,MALE,Kolkata,Returning,7,Desktop,Google,2.8,6,2,Electronics,Bluetooth Speaker,7812,No,0,No,0,No,No,0,Cash on Delivery,Standard,,
SES503472,CUST10305,2025-01-08 00:00:00,18,FEMALE,Jaipur,Returning,13,Mobile,Instagram,5.8,9,5,Electronics,Bluetooth Speaker,10531,Yes,18810,Yes,15,Yes,Yes,15940,UPI,Standard,4.4,4
SES503013,CUST10086,2025-07-10 00:00:00,41,FEMALE,Delhi,Returning,12,Mobile,Facebook,10.5,7,7,Sports,Yoga Mat,7001,Yes,9089,No,0,No,Yes,12553,UPI,Standard,4,3.7
SES504544,CUST10791,2026-02-20 00:00:00,34,FEMALE,Mumbai,Returning,15,Desktop,Direct,5.4,3,2,Fashion,T-Shirt,2152,No,0,Yes,10,Yes,Yes,3650,Wallet,Standard,4.7,3.8
SES503893,CUST10953,2025-09-07 00:00:00,32,MALE,Lucknow,New,0,Mobile,Referral,5.5,4,5,Sports,Cricket Bat,5727,No,0,No,0,No,No,0,UPI,Standard,,
SES501002,CUST10442,2025-04-17 00:00:00,22,FEMALE,Pune,New,0,Mobile,Facebook,9.6,9,2,Beauty,Shampoo,3927,Yes,4639,No,0,No,No,0,credit card,Standard,,
SES503253,CUST11963,2026-02-12 00:00:00,37,FEMALE,Ahmedabad,New,0,Mobile,YouTube,18.4,8,5,Electronics,Bluetooth Speaker,22877,Yes,39395,No,0,No,Yes,,UPI,Standard,2.8,3.7
SES504725,CUST12031,2025-03-08 00:00:00,39,MALE,Chennai,Returning,11,Mobile,Google,14.3,8,3,Home & Kitchen,Coffee Maker,10523,No,0,No,0,No,No,0,Cash on Delivery,Standard,,
SES502307,CUST10982,2026-04-21 00:00:00,35,FEMALE,Kolkata,Returning,2,Mobile,Referral,3.5,5,1,Fashion,Jacket,2479,No,0,Yes,15,Yes,No,0,UPI,Standard,,
SES505114,CUST10470,2026-03-11 00:00:00,28,MALE,Hyderabad,New,1,Mobile,Referral,14.9,6,6,Sports,Dumbbells,1186,No,0,No,0,No,No,0,Credit Card,Same Day,,
SES501505,CUST12047,2025-01-02 00:00:00,38,FEMALE,Chennai,New,0,Mobile,Direct,14.4,9,3,Electronics,Bluetooth Speaker,29211,Yes,47453,No,0,No,No,0,CREDIT CARD,Standard,,
SES500958,CUST10165,2025-06-11 00:00:00,37,UNKNOWN,Jaipur,New,0,Mobile,Google,6.2,11,2,Books,Fiction Book,1000,No,0,Yes,15,Yes,Yes,1564,UPI,Standard,2.5,5
SES503843,CUST10383,2025-08-07 00:00:00,19,MALE,Chennai,Returning,15,Desktop,Instagram,12.4,3,2,Fashion,Sneakers,5751,No,0,No,0,No,No,0,upi,Standard,,
SES505094,CUST12061,2025-08-05 00:00:00,43,MALE,Jaipur,Returning,3,Mobile,Email,7.1,9,2,Sports,Running Shoes,3745,Yes,8782,Yes,20,Yes,Yes,3837,Cash on Delivery,Standard,4.6,5
SES505353,CUST12132,2025-08-22 00:00:00,28,MALE,Bangalore,Returning,14,Desktop,Direct,16.6,6,3,Home & Kitchen,Storage Box,974,Yes,1083,Yes,15,No,Yes,2052,Credit Card,Same Day,3.8,4.1
SES501533,CUST10957,2025-09-23 00:00:00,18,MALE,Pune,Returning,7,Mobile,Google,2.9,6,2,Electronics,Wireless Earbuds,24245,No,0,No,0,No,Yes,31568,Debit Card,Standard,3.4,3.9
SES501741,CUST11154,2026-04-19 00:00:00,26,MALE,Kolkata,Returning,9,Mobile,Email,19.4,7,3,Home & Kitchen,Cookware Set,9240,Yes,8008,No,0,No,Yes,11743,Net Banking,Same Day,2.8,4.6
SES500412,CUST11688,2026-05-08 00:00:00,44,FEMALE,Mumbai,Returning,5,Mobile,YouTube,12,4,5,Fashion,Jacket,4478,Yes,6097,No,0,No,Yes,9027,UPI,Standard,3.7,4.1
SES501406,CUST10635,2025-01-21 00:00:00,35,MALE,Pune,New,0,Desktop,Google,2.8,6,1,Books,Self Help Book,1099,No,0,Yes,20,Yes,No,0,Cash on Delivery,Standard,,
SES503847,CUST11974,2026-06-16 00:00:00,33,MALE,Mumbai,Returning,2,Desktop,YouTube,6.6,6,2,Beauty,Lipstick,3477,Yes,7691,Yes,15,No,Yes,3313,UPI,Standard,4.3,3.8
SES505820,CUST10326,2025-03-07 00:00:00,33,MALE,Hyderabad,Returning,2,Desktop,Google,12.1,9,5,Sports,Football,10694,Yes,17915,Yes,20,No,Yes,14953,UPI,Standard,3.8,3.6
SES501826,CUST11604,2025-12-03 00:00:00,29,FEMALE,Delhi,New,0,Mobile,Google,10.2,11,4,Fashion,Kurta,5989,No,0,No,0,No,No,0,Cash on Delivery,Standard,,
SES503560,CUST10395,2025-06-25 00:00:00,29,FEMALE,Mumbai,Returning,8,Desktop,Google,8.6,7,5,Sports,Yoga Mat,8863,Yes,19302,Yes,15,Yes,Yes,15564,UPI,Standard,4.1,3.9
SES503354,CUST11718,2026-04-27 00:00:00,45,MALE,Mumbai,New,0,Desktop,Google,15.1,5,1,Beauty,Shampoo,3125,Yes,3669,No,0,No,No,0,UPI,Standard,,
SES503086,CUST12013,2025-02-19 00:00:00,32,FEMALE,Bangalore,New,0,Mobile,Instagram,3.6,4,7,Beauty,Shampoo,4012,Yes,4491,No,0,No,Yes,3953,UPI,Standard,5,3.4
SES503719,CUST10945,2025-08-22 00:00:00,39,FEMALE,Delhi,Returning,9,Mobile,Email,4.3,6,5,Sports,Cricket Bat,2043,No,0,No,0,No,No,0,Credit Card,Standard,,
SES501035,CUST11320,2025-07-18 00:00:00,40,MALE,Unknown,Returning,13,Mobile,Instagram,14.1,10,2,Sports,Yoga Mat,2729,Yes,5289,No,0,No,Yes,4008,Credit Card,Standard,4.7,3.9
SES503967,CUST10271,2025-07-20 00:00:00,30,MALE,Delhi,New,0,Desktop,Referral,8.2,4,5,Home & Kitchen,Bedsheet,7798,Yes,15717,Yes,25,No,No,0,Wallet,Standard,,
SES505133,CUST10574,2025-05-22 00:00:00,33,FEMALE,Mumbai,New,0,Desktop,YouTube,4.3,9,7,Electronics,Wireless Earbuds,13888,No,0,No,0,No,No,0,UPI,Standard,,
SES505271,CUST10559,2026-04-16 00:00:00,33,MALE,Unknown,Returning,4,Mobile,Google,16.5,4,5,Home & Kitchen,Bedsheet,11410,No,0,Yes,20,Yes,No,0,UPI,Standard,,
SES500932,CUST11702,2025-02-09 00:00:00,35,MALE,Chennai,New,0,Mobile,Instagram,9.3,5,3,Electronics,Bluetooth Speaker,25307,Yes,58753,Yes,10,Yes,Yes,44475,Credit Card,Express,3.4,3
SES505502,CUST12138,2025-03-03 00:00:00,18,MALE,Chennai,New,0,Desktop,Direct,7.1,5,7,Books,Fiction Book,2280,No,0,Yes,20,Yes,Yes,3571,UPI,Standard,4.5,4.5
SES503367,CUST11359,2025-08-18 00:00:00,33,MALE,Ahmedabad,New,1,Mobile,Instagram,10,7,5,Books,Self Help Book,950,Yes,1339,Yes,20,Yes,No,0,Credit Card,Express,,
SES500634,CUST11720,2025-05-01 00:00:00,39,FEMALE,Pune,New,0,Mobile,Direct,19.7,8,4,Home & Kitchen,Coffee Maker,11175,No,0,Yes,10,No,No,0,Credit Card,Standard,,
SES505822,CUST11987,2025-05-03 00:00:00,32,FEMALE,Chennai,Returning,9,Desktop,Direct,10.2,7,1,Fashion,Jeans,2839,Yes,5664,Yes,5,No,Yes,5482,Cash on Delivery,Express,4.1,4.4
SES500499,CUST10815,2025-11-07 00:00:00,23,MALE,Kolkata,New,0,Mobile,Facebook,5.6,10,3,Books,Self Help Book,612,No,0,No,0,No,No,0,Credit Card,Same Day,,
SES500938,CUST10778,2026-06-19 00:00:00,38,FEMALE,Pune,New,0,Mobile,Direct,5.3,7,8,Beauty,Shampoo,4163,No,0,No,0,No,No,0,UPI,Standard,,
SES500416,CUST11822,2025-08-07 00:00:00,43,FEMALE,Mumbai,New,0,Desktop,Instagram,3.4,5,4,Beauty,Shampoo,4246,No,0,No,0,No,No,0,Credit Card,Standard,,
SES504341,CUST10321,2026-05-13 00:00:00,29,FEMALE,Kolkata,New,0,Mobile,Referral,34.2,10,4,Beauty,Perfume,1585,Yes,3367,No,0,No,No,0, UPI ,Standard,,
SES503318,CUST11460,2025-01-16 00:00:00,30,FEMALE,Delhi,New,0,Tablet,Referral,14.2,11,2,Books,Fiction Book,2316,No,0,Yes,15,No,No,0,Credit Card,Standard,,
SES503099,CUST11639,2026-04-29 00:00:00,40,FEMALE,Delhi,New,0,Mobile,YouTube,7.5,5,3,Fashion,Kurta,4698,Yes,10255,Yes,5,Yes,No,0,Debit Card,Same Day,,
SES502891,CUST10398,2026-01-31 00:00:00,25,FEMALE,Chennai,New,0,Tablet,Facebook,2.3,5,3,Electronics,Bluetooth Speaker,16497,No,0,Yes,25,Yes,No,0,Debit Card,Standard,,
SES505813,CUST12023,2026-03-12 00:00:00,33,FEMALE,Delhi,New,0,Desktop,Google,1,13,3,Electronics,Headphones,25517,Yes,58913,No,0,No,Yes,39751,upi,Standard,4.9,4.6
SES500758,CUST11829,2026-04-03 00:00:00,26,MALE,Bangalore,New,0,Desktop,Direct,4.7,9,3,Electronics,Bluetooth Speaker,9318,Yes,18079,No,0,No,Yes,16982,Debit Card,Standard,4.1,4.6
SES501651,CUST11917,2025-07-19 00:00:00,30,MALE,Ahmedabad,Returning,10,Mobile,Direct,12.7,6,3,Beauty,Perfume,1956,Yes,4039,No,0,No,Yes,3664,Net Banking,Same Day,3.7,4.8
SES501042,CUST10055,2025-05-27 00:00:00,25,MALE,Kolkata,New,0,Desktop,Email,6.4,11,5,Sports,Running Shoes,1615,Yes,2544,No,0,No,Yes,1513,UPI,Express,4.1,5
SES502518,CUST11711,2025-06-28 00:00:00,20,FEMALE,Delhi,New,0,Mobile,Direct,2.8,8,2,Sports,Football,9820,Yes,15806,Yes,20,No,No,0,UPI,Express,,
SES503656,CUST10288,2025-10-14 00:00:00,28,MALE,Pune,Returning,10,Mobile,Google,4.9,4,3,Fashion,T-Shirt,978,No,0,Yes,20,Yes,No,0,CREDIT CARD,Express,,
SES505454,CUST10180,2025-06-08 00:00:00,33,FEMALE,Hyderabad,New,0,Desktop,Referral,17.6,5,4,Home & Kitchen,Storage Box,11409,No,0,No,0,No,Yes,21664,Wallet,Standard,4.5,3.8
SES505166,CUST12156,2026-06-24 00:00:00,41,FEMALE,Unknown,Returning,13,Mobile,Referral,6.6,8,2,Home & Kitchen,Coffee Maker,7568,No,0,Yes,30,Yes,Yes,12868,Debit Card,Standard,4,4
SES500597,CUST10578,2025-01-30 00:00:00,36,FEMALE,Bangalore,New,0,Mobile,Google,5,8,4,Sports,Football,2194,Yes,5117,No,0,No,No,0,UPI,Standard,,
SES502227,CUST11855,2026-02-12 00:00:00,26,MALE,Bangalore,New,1,Mobile,Instagram,14.9,5,6,Fashion,Jacket,867,No,0,Yes,10,No,No,0,UPI,Standard,,
SES504579,CUST11212,2026-06-14 00:00:00,21,MALE,Chennai,New,0,Mobile,Email,16.9,3,4,Fashion,Jeans,5336,Yes,5572,No,0,No,Yes,10421,Wallet,Express,4.7,3.2
SES501069,CUST11459,2025-10-25 00:00:00,30,MALE,Ahmedabad,New,0,Mobile,Google,17,5,4,Electronics,Bluetooth Speaker,24890,No,0,Yes,20,Yes,No,0,UPI,Standard,,
SES502329,CUST11954,2025-07-15 00:00:00,43,FEMALE,Delhi,New,0,Mobile,Direct,15.8,8,3,Electronics,Headphones,28635,Yes,45675,No,0,No,No,0,Credit Card,Standard,,
SES505968,CUST10189,2026-06-11 00:00:00,41,FEMALE,Chennai,New,0,Tablet,YouTube,6.8,10,6,Home & Kitchen,Cookware Set,12464,Yes,15278,Yes,10,Yes,No,0,UPI,Express,,
SES502154,CUST11366,2025-10-17 00:00:00,21,MALE,Mumbai,New,0,Mobile,Email,11.3,5,4,Electronics,Smart Watch,23883,Yes,42240,Yes,20,Yes,Yes,21804,Net Banking,Express,3.6,3.7
SES503265,CUST11307,2025-04-01 00:00:00,28,FEMALE,Chennai,New,0,Tablet,YouTube,7.3,6,4,Books,Self Help Book,549,No,0,No,0,No,No,0,Credit Card,Standard,,
SES500653,CUST11145,2025-09-22 00:00:00,21,MALE,Ahmedabad,New,1,Mobile,Email,11.6,4,4,Fashion,Jacket,760,Yes,684,No,0,No,Yes,827,Cash on Delivery,Standard,4.1,3.4
SES504787,CUST11020,2025-08-31 00:00:00,18,FEMALE,Kolkata,New,0,Mobile,Google,7.2,5,5,Fashion,Sneakers,6148,Yes,6479,No,0,No,No,0,UPI,Standard,,
SES504650,CUST11445,2026-01-31 00:00:00,37,MALE,New Delhi,New,0,Mobile,Google,22.1,10,9,Electronics,Headphones,12799,No,0,Yes,10,Yes,No,0,Credit Card,Same Day,,
SES504835,CUST12182,2025-02-28 00:00:00,27,FEMALE,Delhi,Returning,2,Desktop,Referral,7.8,10,5,Fashion,Kurta,4212,No,0,Yes,10,Yes,No,0,UPI,Same Day,,
SES502315,CUST11441,2025-03-31 00:00:00,39,FEMALE,Pune,New,0,Mobile,Referral,10.7,4,4,Beauty,Shampoo,4735,No,0,Yes,25,Yes,No,0,UPI,Express,,
SES505157,CUST11552,2025-11-24 00:00:00,27,MALE,Kolkata,New,0,Mobile,Email,28,6,4,Books,Business Book,1082,Yes,1622,Yes,5,Yes,No,0,UPI,Standard,,
SES504791,CUST11463,2025-08-26 00:00:00,53,FEMALE,New Delhi,New,0,Desktop,Google,4.6,4,4,Fashion,Jeans,3786,No,0,Yes,20,Yes,No,0,Cash on Delivery,Standard,,
SES504160,CUST11765,2025-03-30 00:00:00,44,FEMALE,Hyderabad,Returning,11,Desktop,Referral,16.2,7,5,Beauty,Shampoo,1561,No,0,Yes,20,Yes,Yes,2977,Credit Card,Standard,3.9,4.6
SES501893,CUST10497,2025-10-15 00:00:00,21,MALE,Bangalore,Returning,4,Desktop,Instagram,9.9,4,7,Home & Kitchen,Table Lamp,4960,No,0,No,0,No,No,0,Net Banking,Standard,,
SES502419,CUST11987,2025-03-23 00:00:00,18,FEMALE,Lucknow,New,1,Mobile,Direct,15,8,7,Fashion,Jeans,2690,No,0,No,0,No,No,0,UPI,Standard,,
SES500076,CUST10392,2026-01-20 00:00:00,37,FEMALE,Kolkata,Returning,11,Mobile,Google,7,14,6,Electronics,Headphones,14253,No,0,No,0,No,No,0,UPI,Standard,,
SES503707,CUST12136,2026-02-09 00:00:00,44,MALE,Ahmedabad,New,0,Mobile,Direct,13.8,4,6,Electronics,Headphones,24441,No,0,No,0,No,No,0,UPI,Same Day,,
SES503640,CUST10573,2026-02-24 00:00:00,50,MALE,Pune,New,0,Desktop,Google,8.7,5,5,Electronics,Wireless Earbuds,10886,Yes,12979,No,0,No,No,0,Cash on Delivery,Express,,
SES505800,CUST11382,2025-12-21 00:00:00,26,MALE,Pune,New,0,Tablet,Google,8.4,7,3,Electronics,Headphones,34762,Yes,57351,No,0,No,No,0,Net Banking,Express,,
SES505079,CUST10513,2025-03-14 00:00:00,27,FEMALE,Mumbai,Returning,13,Desktop,Direct,9.8,8,7,Electronics,Smart Watch,26091,Yes,40047,No,0,No,No,0,Debit Card,Standard,,
SES503934,CUST11293,2025-03-05 00:00:00,18,MALE,Hyderabad,New,0,Mobile,YouTube,16.3,6,6,Fashion,Jeans,2178,Yes,2665,Yes,10,Yes,Yes,1747,Wallet,Standard,4,3.2
SES504666,CUST11887,2025-06-28 00:00:00,33,MALE,Bangalore,New,0,Mobile,Google,4.8,5,5,Fashion,Sneakers,3434,Yes,4310,Yes,25,No,Yes,5683,UPI,Standard,3.4,3.8
SES501868,CUST10422,2025-11-28 00:00:00,38,FEMALE,Lucknow,New,0,Tablet,Direct,6.2,7,4,Fashion,Jacket,5449,Yes,6451,Yes,20,No,No,0,Wallet,Express,,
SES504302,CUST10278,2025-06-14 00:00:00,30,MALE,Hyderabad,New,0,Mobile,Google,7.9,9,4,Fashion,Sneakers,626,No,0,No,0,No,No,0,Credit Card,Same Day,,
SES503651,CUST11782,2025-06-05 00:00:00,31,FEMALE,Jaipur,Returning,14,Mobile,Google,0.8,3,2,Sports,Running Shoes,8091,No,0,Yes,10,No,No,0,Credit Card,Express,,
SES500109,CUST11679,2025-09-27 00:00:00,18,MALE,Mumbai,New,0,Mobile,Google,18.1,6,5,Beauty,Shampoo,1110,Yes,1184,No,0,No,No,0,Debit Card,Standard,,
SES501011,CUST11701,2025-03-06 00:00:00,29,MALE,Pune,Returning,3,Mobile,Google,5.2,6,2,Fashion,Kurta,3822,No,0,Yes,20,Yes,No,0,Net Banking,Express,,
SES501030,CUST10693,2025-12-02 00:00:00,35,FEMALE,Mumbai,New,0,Desktop,Instagram,31.6,7,2,Home & Kitchen,Cookware Set,6677,Yes,10539,Yes,10,Yes,Yes,6620,Credit Card,Standard,4.5,3.2
SES502216,CUST10098,2025-09-09 00:00:00,26,FEMALE,Ahmedabad,New,1,Mobile,Referral,9.1,8,3,Fashion,Sneakers,1311,No,0,Yes,10,Yes,No,0,UPI,Standard,,
SES500829,CUST11121,2026-01-20 00:00:00,23,MALE,Ahmedabad,New,0,Desktop,Google,3.8,6,8,Fashion,T-Shirt,3923,No,0,No,0,No,No,0,Cash on Delivery,Express,,
SES505139,CUST11567,2025-03-25 00:00:00,33,MALE,Delhi,New,0,Mobile,Facebook,3.5,5,8,Books,Self Help Book,1006,Yes,2501,Yes,10,No,Yes,1496,Credit Card,Express,4.8,4
SES500097,CUST10871,2026-05-05 00:00:00,18,MALE,Pune,New,0,Tablet,Google,5.6,11,2,Beauty,Lipstick,4085,No,0,Yes,5,Yes,No,0,Credit Card,Standard,,
SES503128,CUST10443,2026-01-21 00:00:00,18,FEMALE,Mumbai,New,0,Desktop,Google,3.3,3,5,Electronics,Smart Watch,33949,Yes,42848,No,0,No,Yes,52646,Debit Card,Standard,4,3.7
SES504623,CUST11125,2025-02-16 00:00:00,41,FEMALE,Chennai,New,0,Desktop,Google,19.7,5,3,Electronics,Bluetooth Speaker,26977,Yes,53836,Yes,5,Yes,Yes,45796,UPI,Same Day,4.7,3.5
SES503455,CUST10946,2025-02-11 00:00:00,40,FEMALE,Pune,New,1,Desktop,YouTube,26,6,3,Books,Academic Book,1722,Yes,2817,No,0,No,Yes,3690,Credit Card,Express,3.9,2.7
SES501386,CUST11952,2026-04-19 00:00:00,26,FEMALE,Chennai,New,0,Desktop,Instagram,5.3,6,6,Books,Academic Book,423,Yes,696,No,0,No,Yes,810,UPI,Standard,2.9,5
SES501201,CUST10952,2025-02-19 00:00:00,32,MALE,Ahmedabad,New,0,Tablet,YouTube,5.8,9,1,Home & Kitchen,Coffee Maker,12182,Yes,23165,Yes,15,No,Yes,13021,UPI,Standard,2.8,5
SES500622,CUST11474,2025-02-07 00:00:00,27,FEMALE,Mumbai,New,0,Mobile,Google,12.6,5,4,Books,Academic Book,1991,No,0,No,0,No,No,0,Credit Card,Same Day,,
SES505484,CUST10954,2026-03-15 00:00:00,34,MALE,Mumbai,Returning,4,Mobile,YouTube,14.8,6,3,Fashion,Jeans,2627,Yes,2802,No,0,No,No,0,UPI,Standard,,
SES501413,CUST11714,2026-02-01 00:00:00,18,MALE,Hyderabad,New,0,Mobile,Instagram,3.1,8,4,Beauty,Shampoo,922,No,0,No,0,No,No,0,Credit Card,Standard,,
SES500567,CUST10714,2025-05-03 00:00:00,34,FEMALE,Kolkata,New,0,Mobile,Instagram,11.4,6,6,Electronics,Smart Watch,23594,No,0,No,0,No,No,0,Credit Card,Express,,
SES500544,CUST11016,2025-05-02 00:00:00,42,FEMALE,Ahmedabad,New,0,Desktop,Google,7.4,5,6,Electronics,Headphones,27514,Yes,53428,No,0,No,No,0,Credit Card,Express,,
SES501335,CUST11681,2025-03-20 00:00:00,29,FEMALE,Jaipur,Returning,2,Desktop,Facebook,3.6,8,2,Electronics,Power Bank,20677,No,0,Yes,20,No,Yes,31756,UPI,Standard,4.6,5
SES502096,CUST10476,2025-08-06 00:00:00,23,MALE,Delhi,New,0,Mobile,Email,12.1,9,6,Home & Kitchen,Coffee Maker,13474,Yes,14470,Yes,10,Yes,No,0,Credit Card,Standard,,
SES500052,CUST10162,2025-07-06 00:00:00,38,MALE,Bangalore,New,0,Tablet,Email,11.3,3,3,Fashion,Sneakers,588,No,0,Yes,10,Yes,No,0,Credit Card,Express,,
SES505072,CUST10265,2025-01-28 00:00:00,47,MALE,Mumbai,New,1,Mobile,YouTube,6.3,7,2,Books,Fiction Book,1655,Yes,1346,Yes,5,Yes,No,0,Debit Card,Standard,,
SES501789,CUST10406,2025-06-24 00:00:00,34,MALE,Delhi,New,0,Mobile,Referral,9.8,10,4,Books,Business Book,1308,No,0,Yes,10,Yes,No,0,Cash on Delivery,Express,,
SES503236,CUST11349,2025-04-24 00:00:00,33,MALE,Mumbai,New,0,Mobile,YouTube,6.2,8,4,Books,Self Help Book,339,No,0,Yes,15,Yes,Yes,502,UPI,Same Day,4.7,5
SES501559,CUST10308,2025-06-15 00:00:00,43,MALE,Pune,New,0,Desktop,Google,12.8,8,3,Books,Academic Book,959,No,0,No,0,No,No,0,UPI,Express,,
SES500746,CUST11811,2025-06-24 00:00:00,39,FEMALE,Bangalore,New,0,Mobile,YouTube,10.4,4,5,Home & Kitchen,Bedsheet,10620,Yes,17013,No,0,No,No,0,cash on delivery,Express,,
SES504335,CUST10341,2025-02-20 00:00:00,34,MALE,Ahmedabad,Returning,3,Desktop,Instagram,13.4,3,7,Home & Kitchen,Coffee Maker,3887,No,0,No,0,No,No,0,UPI,Standard,,
SES502657,CUST12152,2025-11-29 00:00:00,18,MALE,Chennai,New,0,Mobile,Email,9.5,6,4,Beauty,Lipstick,481,Yes,761,Yes,10,Yes,No,0,Credit Card,Standard,,
SES501468,CUST10608,2026-03-01 00:00:00,30,FEMALE,Bangalore,New,0,Mobile,Direct,10.9,9,2,Home & Kitchen,Table Lamp,2233,No,0,No,0,No,No,0,UPI,Standard,,
SES505357,CUST10192,2026-06-19 00:00:00,35,FEMALE,Delhi,New,1,Mobile,Referral,4.9,6,4,Fashion,T-Shirt,5525,Yes,8992,Yes,10,No,No,0,upi,Standard,,
SES500196,CUST10624,2026-05-25 00:00:00,18,MALE,Delhi,Returning,7,Mobile,Instagram,19.5,7,2,Books,Academic Book,284,Yes,410,No,0,No,No,0,Credit Card,Standard,,
SES503011,CUST11878,2026-03-26 00:00:00,33,FEMALE,Chennai,New,0,Mobile,Instagram,6.8,8,2,Beauty,Moisturizer,2472,No,0,No,0,No,No,0,UPI,Same Day,,
SES503342,CUST11994,2026-06-28 00:00:00,26,MALE,Jaipur,New,0,Mobile,Email,6.3,5,3,Fashion,Kurta,5287,No,0,No,0,No,No,0,UPI,Standard,,
SES503821,CUST11261,2025-05-11 00:00:00,37,FEMALE,Lucknow,Returning,7,Tablet,Instagram,12.6,4,3,Electronics,Power Bank,33568,Yes,50545,No,0,No,Yes,49220,Credit Card,Express,3.4,3.9
SES500803,CUST11319,2026-02-20 00:00:00,18,FEMALE,Mumbai,Returning,4,Tablet,Google,12.1,8,9,Electronics,Smart Watch,21196,No,0,Yes,20,No,No,0,cash on delivery,Standard,,
SES501619,CUST10962,2025-02-24 00:00:00,38,MALE,Mumbai,New,0,Mobile,Facebook,5.2,6,4,Electronics,Smart Watch,13068,No,0,No,0,No,No,0,UPI,Express,,
SES505845,CUST10310,2025-11-27 00:00:00,23,MALE,Mumbai,New,0,Mobile,Referral,5.2,3,4,Electronics,Bluetooth Speaker,8082,No,0,Yes,10,No,No,0,Wallet,Same Day,,
SES504895,CUST11913,2025-06-09 00:00:00,37,FEMALE,Mumbai,Returning,6,Desktop,Google,14.4,7,4,Sports,Yoga Mat,11159,Yes,19382,Yes,5,No,Yes,22589,UPI,Standard,3.1,3.7
SES500621,CUST12101,2025-04-22 00:00:00,30,MALE,Mumbai,New,0,Mobile,YouTube,7.3,11,5,Fashion,Kurta,6294,Yes,9039,Yes,10,Yes,Yes,6674,UPI,Standard,4,5
SES501787,CUST10262,2025-04-29 00:00:00,19,MALE,Ahmedabad,Returning,14,Desktop,Instagram,13.4,7,5,Books,Biography,2489,Yes,3163,Yes,5,Yes,Yes,2553,Credit Card,Standard,2.6,2.7
SES505936,CUST11929,2025-07-21 00:00:00,27,MALE,Delhi,New,0,Mobile,YouTube,9.9,5,3,Electronics,Wireless Earbuds,1654,Yes,1510,Yes,15,No,Yes,3429,Wallet,Standard,4.2,4.3
SES504397,CUST10280,2026-03-15 00:00:00,36,FEMALE,Bangalore,New,0,Mobile,Email,7.9,3,1,Fashion,Sneakers,4215,Yes,8332,No,0,Unknown,No,0,credit card,Same Day,,
SES504578,CUST11772,2025-06-10 00:00:00,41,FEMALE,Hyderabad,New,0,Mobile,Google,14.1,6,6,Electronics,Smart Watch,19248,No,0,No,0,No,No,0,Debit Card,Express,,
SES505087,CUST10228,2026-04-06 00:00:00,23,FEMALE,Delhi,New,1,Mobile,Google,9.7,5,7,Fashion,Kurta,6540,No,0,Yes,5,Yes,No,0,Debit Card,Standard,,
SES503426,CUST10597,2026-02-23 00:00:00,37,FEMALE,Chennai,Returning,4,Desktop,Facebook,8.2,6,3,Beauty,Moisturizer,3079,Yes,6364,Yes,10,Yes,Yes,4103,Credit Card,Standard,4.3,2.5
SES500645,CUST10682,2025-07-09 00:00:00,23,MALE,Delhi,Returning,10,Desktop,YouTube,9.9,9,7,Home & Kitchen,Cookware Set,3277,Yes,4922,Yes,15,No,No,0,UPI,Standard,,
SES505329,CUST12135,2025-10-31 00:00:00,40,MALE,Mumbai,Returning,12,Desktop,Google,10.2,3,4,Fashion,Jeans,5033,No,0,Yes,5,Yes,No,0,UPI,Standard,,
SES504516,CUST11467,2026-06-08 00:00:00,20,FEMALE,Pune,New,0,Mobile,Instagram,10.6,9,2,Fashion,Sneakers,1242,No,0,Yes,10,Yes,No,0,Credit Card,Same Day,,
SES501922,CUST10776,2025-06-06 00:00:00,25,MALE,Delhi,New,0,Mobile,Instagram,9,11,6,Sports,Running Shoes,5499,Yes,12190,Yes,20,Yes,Yes,8923,UPI,Express,4.9,3.7
SES501062,CUST12090,2025-09-03 00:00:00,54,FEMALE,Chennai,New,0,Desktop,Google,12.2,6,3,Home & Kitchen,Coffee Maker,9451,No,0,No,0,No,Yes,20126,Cash on Delivery,Express,4.5,4
SES504181,CUST12124,2025-09-28 00:00:00,26,FEMALE,Chennai,New,0,Mobile,Google,15.7,5,7,Fashion,Kurta,4661,Yes,7147,No,0,No,Yes,4609,UPI,Standard,4.1,3.9
SES504104,CUST11939,2026-05-04 00:00:00,18,MALE,Kolkata,New,0,Desktop,Email,14.9,2,4,Electronics,Wireless Earbuds,4265,Yes,7740,No,0,No,No,0,UPI,Standard,,
SES500121,CUST11355,2025-05-09 00:00:00,41,FEMALE,Bangalore,New,0,Mobile,Email,4.8,6,3,Electronics,Wireless Earbuds,31030,No,0,No,0,No,No,0,UPI,Standard,,
SES504188,CUST10714,2025-12-08 00:00:00,39,MALE,Delhi,Returning,4,Mobile,Email,9.7,10,6,Electronics,Bluetooth Speaker,13718,Yes,17221,Yes,10,Yes,Yes,18289,cash on delivery,Standard,3.9,4.4
SES504465,CUST11582,2026-02-12 00:00:00,33,MALE,Bangalore,Returning,10,Desktop,YouTube,9.5,6,3,Books,Fiction Book,1688,No,0,Yes,25,Yes,No,0,UPI,Standard,,
SES504153,CUST12054,2026-04-15 00:00:00,32,FEMALE,Pune,New,0,Mobile,Google,3.1,6,3,Books,Fiction Book,471,Yes,458,No,0,No,Yes,894,UPI,Standard,2.6,3.8
SES504845,CUST11555,2026-06-20 00:00:00,34,MALE,Bangalore,Returning,2,Mobile,YouTube,5.1,5,3,Books,Self Help Book,834,Yes,1050,Yes,5,Yes,Yes,1647,Net Banking,Standard,5,4.9
SES503169,CUST11152,2026-06-27 00:00:00,42,FEMALE,Jaipur,New,0,Tablet,Instagram,11,6,6,Fashion,Jacket,2871,Yes,2600,Yes,25,Yes,Yes,2352,Net Banking,Standard,3.6,4.5
SES501231,CUST11592,2025-09-27 00:00:00,35,MALE,Jaipur,New,0,Desktop,Google,14.2,5,7,Fashion,T-Shirt,5895,No,0,Yes,10,No,No,0,UPI,Express,,
SES504218,CUST10978,2025-06-26 00:00:00,27,MALE,Chennai,Returning,14,Mobile,Google,3,8,2,Fashion,T-Shirt,2440,No,0,Yes,20,Yes,No,0,Net Banking,Standard,,
SES503833,CUST10827,2025-05-02 00:00:00,23,FEMALE,Jaipur,Returning,2,Mobile,Google,16.4,7,4,Beauty,Face Wash,646,Yes,1013,No,0,No,Yes,772,UPI,Standard,4.2,4.4
SES505245,CUST11376,2025-10-24 00:00:00,20,MALE,Pune,New,0,Tablet,Instagram,8.1,7,2,Beauty,Lipstick,4803,No,0,No,0,No,No,0,Cash on Delivery,Same Day,,
SES504077,CUST10072,2025-03-31 00:00:00,32,MALE,Jaipur,Returning,4,Desktop,Facebook,8.6,3,8,Fashion,Kurta,5124,No,0,No,0,No,No,0,Credit Card,Standard,,
SES504432,CUST10610,2025-02-06 00:00:00,41,MALE,Hyderabad,Returning,6,Desktop,YouTube,13.9,3,3,Fashion,Sneakers,2014,No,0,Yes,15,Yes,Yes,1658,Credit Card,Standard,4.4,3.4
SES500135,CUST10649,2025-08-13 00:00:00,32,MALE,Mumbai,Returning,5,Mobile,Email,6.4,9,3,Electronics,Bluetooth Speaker,13370,Yes,20851,No,0,No,No,0,Wallet,Express,,
SES505401,CUST11675,2025-05-08 00:00:00,28,FEMALE,Kolkata,Returning,11,Mobile,Facebook,11.2,8,6,Sports,Running Shoes,8804,No,0,Yes,5,Yes,No,0,Debit Card,Same Day,,
SES505980,CUST11790,2026-06-15 00:00:00,33,MALE,Mumbai,Returning,4,Mobile,Email,4.8,11,2,Sports,Dumbbells,10474,Yes,16967,No,0,No,Yes,10903,UPI,Express,2.6,4
SES502874,CUST10940,2025-07-12 00:00:00,18,MALE,Ahmedabad,New,1,Mobile,Google,9.7,4,3,Electronics,Headphones,26714,Yes,64122,Yes,15,Yes,Yes,43645,UPI,Standard,3.6,3.8
SES502457,CUST10730,2025-06-11 00:00:00,18,MALE,Unknown,Returning,9,Mobile,Facebook,7.3,6,7,Books,Business Book,2259,No,0,No,0,No,Yes,4445,Cash on Delivery,Standard,3.4,4.2
SES504223,CUST11779,2026-02-13 00:00:00,38,FEMALE,Lucknow,New,0,Mobile,Google,6.9,6,7,Home & Kitchen,Storage Box,14044,No,0,Yes,25,Yes,Yes,25059,UPI,Express,4.9,3.8
SES501722,CUST10036,2025-11-23 00:00:00,18,MALE,Lucknow,Returning,6,Mobile,Facebook,8,6,5,Fashion,Sneakers,4023,Yes,6464,No,0,No,Yes,4773,Debit Card,Standard,4,5
SES502246,CUST11068,2026-06-03 00:00:00,39,FEMALE,Mumbai,Returning,10,Desktop,Facebook,11.9,13,4,Electronics,Smart Watch,6093,No,0,Yes,20,Yes,Yes,10841,Debit Card,Standard,4.1,2.2
SES500512,CUST11397,2026-05-16 00:00:00,43,MALE,Delhi,New,0,Mobile,Direct,3.9,5,4,Fashion,Jacket,2013,Yes,2493,Yes,25,Yes,No,0,Cash on Delivery,Standard,,
SES500063,CUST10792,2025-05-12 00:00:00,41,FEMALE,Bangalore,New,1,Mobile,Email,4.1,5,4,Beauty,Moisturizer,3262,No,0,No,0,No,No,0,Net Banking,Standard,,
SES501554,CUST11247,2025-03-27 00:00:00,39,FEMALE,Hyderabad,Returning,3,Mobile,Google,3.9,10,1,Books,Business Book,2397,No,0,Yes,15,Yes,No,0,UPI,Standard,,
SES504315,CUST10163,2025-05-26 00:00:00,47,MALE,Hyderabad,New,0,Mobile,Google,8.9,12,2,Fashion,Sneakers,4137,Yes,5584,No,0,No,Yes,8786,Debit Card,Express,3.8,5
SES505244,CUST10825,2026-04-05 00:00:00,32,MALE,Kolkata,Returning,6,Desktop,Instagram,5.3,5,7,Electronics,Smart Watch,21717,Yes,27215,Yes,20,Yes,Yes,35238,Cash on Delivery,Express,4.6,4.7
SES502522,CUST10990,2026-01-01 00:00:00,18,FEMALE,Delhi,Returning,9,Mobile,Direct,12.9,5,5,Beauty,Moisturizer,3869,Yes,4904,No,0,No,No,0,UPI,Standard,,
SES503101,CUST10212,2026-06-18 00:00:00,24,MALE,Ahmedabad,New,0,Tablet,Instagram,3,5,3,Sports,Dumbbells,10337,Yes,24444,Yes,25,Yes,Yes,14685,Debit Card,Express,4.4,3.5
SES502656,CUST10996,2026-05-30 00:00:00,47,MALE,Delhi,New,0,Desktop,Facebook,9.9,8,5,Beauty,Face Wash,3808,No,0,No,0,No,Yes,4027,UPI,Express,3.4,3.4
SES502699,CUST11971,2025-09-12 00:00:00,41,FEMALE,Jaipur,Returning,13,Tablet,Direct,6.3,9,3,Electronics,Power Bank,20319,Yes,28659,Yes,5,Yes,Yes,20318,cash on delivery,Standard,4.6,3.9
SES505292,CUST11332,2026-06-13 00:00:00,43,FEMALE,Jaipur,New,0,Mobile,Instagram,12.1,7,5,Electronics,Headphones,28382,Yes,37422,Yes,20,Yes,Yes,29561,UPI,Standard,4.7,2.7
SES500680,CUST10919,2025-07-07 00:00:00,38,MALE,Mumbai,Returning,5,Desktop,Google,12.4,7,3,Home & Kitchen,Coffee Maker,11997,No,0,No,0,No,No,0,UPI,Express,,
SES504055,CUST10761,2026-04-09 00:00:00,42,MALE,Delhi,New,0,Tablet,Instagram,20.8,7,3,Electronics,Bluetooth Speaker,26431,Yes,25218,No,0,No,Yes,58135,Credit Card,Standard,4.5,4.1
SES501212,CUST10955,2025-12-02 00:00:00,45,MALE,Pune,New,0,Mobile,Email,8.6,8,4,Home & Kitchen,Bedsheet,14869,Yes,24795,Yes,10,Yes,No,0,Net Banking,Standard,,
SES500123,CUST11530,2025-11-17 00:00:00,19,MALE,Kolkata,Returning,11,Mobile,Google,4.8,4,6,Electronics,Smart Watch,18994,No,0,Yes,5,No,No,0,Wallet,Standard,,
SES503936,CUST10977,2025-11-30 00:00:00,55,MALE,Delhi,Returning,9,Desktop,YouTube,5.6,6,4,Electronics,Wireless Earbuds,14841,Yes,29697,No,0,No,Yes,16589,UPI,Standard,4.1,4
SES503081,CUST11921,2026-03-22 00:00:00,46,FEMALE,Jaipur,New,0,Mobile,Direct,8.1,8,4,Home & Kitchen,Table Lamp,12094,No,0,No,0,No,No,0,UPI,Standard,,
SES504354,CUST11620,2026-01-09 00:00:00,30,MALE,Lucknow,Returning,2,Mobile,YouTube,8,2,7,Electronics,Headphones,22590,No,0,Yes,15,No,Yes,22296,UPI,Express,4,5
SES503516,CUST10003,2025-07-28 00:00:00,18,FEMALE,Pune,New,0,Mobile,YouTube,5,4,3,Electronics,Wireless Earbuds,24644,No,0,No,0,No,No,0,Cash on Delivery,Express,,
SES503214,CUST11342,2025-08-27 00:00:00,38,FEMALE,Ahmedabad,New,0,Desktop,Email,3.1,3,4,Home & Kitchen,Cookware Set,8189,Yes,15062,Yes,20,Yes,Yes,7606,Credit Card,Express,3.9,5
SES501211,CUST11419,2025-10-31 00:00:00,46,MALE,Hyderabad,Returning,5,Mobile,Email,13.1,6,2,Fashion,Kurta,4761,Yes,11368,No,0,No,No,0,Net Banking,Standard,,
SES500568,CUST10083,2025-04-19 00:00:00,38,MALE,Delhi,New,0,Mobile,Facebook,6.9,5,3,Home & Kitchen,Cookware Set,14681,Yes,26400,No,0,No,Yes,32080,Credit Card,Standard,4.6,4
SES502378,CUST11450,2025-08-04 00:00:00,31,FEMALE,Pune,Returning,12,Mobile,Instagram,3.9,9,2,Electronics,Headphones,2262,Yes,1898,Yes,25,Yes,No,0,Wallet,Standard,,
SES500549,CUST11263,2025-11-01 00:00:00,33,MALE,Hyderabad,Returning,3,Mobile,Google,18.5,9,2,Fashion,T-Shirt,3503,No,0,No,0,No,No,0,UPI,Standard,,
SES501967,CUST11512,2026-04-28 00:00:00,24,MALE,Lucknow,Returning,4,Mobile,Email,8.4,3,7,Home & Kitchen,Cookware Set,14057,No,0,No,0,No,No,0,UPI,Standard,,
SES500865,CUST11929,2025-07-23 00:00:00,37,FEMALE,Mumbai,Returning,5,Desktop,Instagram,6.8,11,3,Electronics,Smart Watch,11265,No,0,No,0,No,No,0,UPI,Express,,
SES504564,CUST10506,2025-04-15 00:00:00,24,FEMALE,Mumbai,Returning,15,Mobile,Google,3.1,3,11,Books,Fiction Book,2362,Yes,5130,No,0,No,No,0,Debit Card,Standard,,
SES501393,CUST10918,2025-12-14 00:00:00,34,MALE,Chennai,Returning,12,Mobile,Google,13.8,7,4,Home & Kitchen,Storage Box,4728,Yes,5592,No,0,No,Yes,7864,Credit Card,Express,3.9,4.2
SES504523,CUST11894,2025-01-21 00:00:00,21,FEMALE,Hyderabad,New,0,Desktop,Facebook,5.9,7,5,Fashion,Jacket,734,Yes,1309,Yes,20,Yes,Yes,1240,UPI,Standard,4,4.6
SES503186,CUST10390,2025-06-21 00:00:00,38,MALE,Ahmedabad,Returning,11,Mobile,Referral,6.6,4,2,Sports,Running Shoes,2344,Yes,5200,No,0,No,Yes,3715,UPI,Standard,3.6,4.6
SES505026,CUST10562,2025-01-05 00:00:00,49,MALE,Ahmedabad,New,0,Mobile,Email,1.8,3,5,Sports,Yoga Mat,2328,No,0,No,0,No,No,0,Wallet,Standard,,
SES504789,CUST10444,2026-04-20 00:00:00,28,FEMALE,Bangalore,New,0,Desktop,Google,7.4,12,4,Beauty,Face Wash,1954,Yes,2941,Yes,10,Yes,No,0,Credit Card,Same Day,,
SES501845,CUST11080,2026-05-08 00:00:00,34,FEMALE,Pune,New,0,Desktop,Instagram,5.3,7,4,Sports,Football,7064,Yes,10254,Yes,15,Yes,Yes,12088,UPI,Standard,3.3,4.5
SES500721,CUST10759,2025-02-22 00:00:00,26,FEMALE,Mumbai,Returning,13,Desktop,Email,9.9,5,4,Books,Academic Book,2468,Yes,2860,No,0,No,Yes,2336,Net Banking,Express,3.7,3.8
SES503880,CUST11716,2025-12-22 00:00:00,18,MALE,Mumbai,Returning,2,Desktop,Google,3,6,4,Electronics,Headphones,31378,No,0,No,0,No,No,0,Cash on Delivery,Standard,,
SES502916,CUST10484,2025-09-13 00:00:00,40,MALE,Lucknow,Returning,2,Mobile,Direct,6.6,2,6,Fashion,Kurta,6811,No,0,No,0,No,No,0,UPI,Express,,
SES500691,CUST11297,2025-04-30 00:00:00,44,MALE,Delhi,Returning,5,Mobile,Google,18.4,5,6,Electronics,Headphones,9754,Yes,9146,Yes,10,No,No,0,credit card,Standard,,
SES500603,CUST12146,2025-03-28 00:00:00,28,MALE,Hyderabad,New,0,Mobile,Direct,8,6,1,Electronics,Smart Watch,4460,Yes,7378,Yes,20,Yes,Yes,5917,UPI,Express,3.5,2.3
SES503716,CUST10885,2025-11-15 00:00:00,44,FEMALE,Delhi,Returning,13,Mobile,Direct,10.2,3,1,Fashion,Kurta,4647,Yes,5445,Yes,20,Yes,No,0,Credit Card,Standard,,
SES502686,CUST10582,2025-05-28 00:00:00,56,FEMALE,Hyderabad,Returning,4,Mobile,Instagram,9.2,7,4,Electronics,Bluetooth Speaker,33859,No,0,Yes,30,No,Yes,55743,Credit Card,Standard,2.8,3.9
SES502514,CUST10859,2025-04-03 00:00:00,25,MALE,Mumbai,Returning,15,Mobile,Facebook,1.9,4,7,Beauty,Face Wash,3277,No,0,No,0,No,Yes,6950,Cash on Delivery,Express,5,3.3
SES504248,CUST10017,2026-05-08 00:00:00,41,MALE,Kolkata,Returning,3,Desktop,Facebook,4.3,7,5,Fashion,Sneakers,5750,No,0,Yes,15,Yes,No,0,Credit Card,Standard,,
SES504388,CUST12038,2025-09-15 00:00:00,18,MALE,Lucknow,New,0,Mobile,Google,4.1,11,6,Books,Business Book,1620,No,0,No,0,No,No,0,Debit Card,Express,,
SES500504,CUST11700,2025-01-15 00:00:00,37,MALE,Pune,New,0,Desktop,Direct,13.3,6,3,Sports,Football,4560,Yes,6211,Yes,25,No,Yes,9870,Credit Card,Standard,4.1,5
SES504526,CUST11445,2026-01-12 00:00:00,30,MALE,Kolkata,Returning,2,Tablet,Facebook,5.8,6,4,Fashion,Sneakers,5371,Yes,8459,No,0,No,No,0,Debit Card,Standard,,
SES500319,CUST10047,2025-05-07 00:00:00,38,FEMALE,Lucknow,New,0,Desktop,Instagram,6.8,13,3,Electronics,Bluetooth Speaker,26214,No,0,No,0,No,No,0,UPI,Same Day,,
SES501882,CUST11912,2026-04-21 00:00:00,35,MALE,Delhi,New,0,Mobile,Referral,14.4,9,5,Electronics,Headphones,30979,Yes,49585,No,0,No,Yes,29079,Net Banking,Express,4,4.5
SES505264,CUST11106,2026-03-27 00:00:00,27,MALE,Mumbai,New,0,Desktop,Referral,14.9,8,2,Fashion,Jeans,2199,No,0,No,0,No,No,0,Credit Card,Express,,
SES500275,CUST10570,2025-03-24 00:00:00,18,FEMALE,Mumbai,Returning,3,Mobile,Direct,7.1,10,2,Electronics,Headphones,16726,Yes,29808,Yes,20,No,Yes,30377,UPI,Express,4.8,2.9
SES505181,CUST10751,2025-11-19 00:00:00,48,MALE,Delhi,New,0,Mobile,Direct,9.4,8,4,Sports,Running Shoes,1576,No,0,Yes,30,Yes,No,0,Credit Card,Express,,
SES502883,CUST10118,2025-01-21 00:00:00,18,MALE,Bangalore,New,0,Tablet,Instagram,13.1,10,6,Home & Kitchen,Storage Box,11280,Yes,18161,No,0,No,Yes,10052,Credit Card,Express,4,3.5
SES501362,CUST12014,2026-03-03 00:00:00,41,MALE,Chennai,New,0,Mobile,Email,9,10,4,Electronics,Smart Watch,14715,No,0,No,0,No,No,0,Debit Card,Standard,,
SES502878,CUST11089,2026-02-27 00:00:00,28,FEMALE,Lucknow,New,0,Tablet,Google,10.4,4,2,Sports,Yoga Mat,7009,No,0,No,0,No,No,0,Credit Card,Standard,,
SES501527,CUST11848,2026-05-09 00:00:00,31,MALE,Kolkata,New,0,Mobile,YouTube,11.4,9,4,Books,Business Book,754,Yes,1275,No,0,No,No,0,UPI,Standard,,
SES502866,CUST11879,2026-06-22 00:00:00,28,MALE,Ahmedabad,New,0,Mobile,Google,5,9,5,Home & Kitchen,Cookware Set,12428,No,0,No,0,No,No,0,Cash on Delivery,Express,,
SES502196,CUST10425,2026-05-16 00:00:00,22,MALE,Lucknow,Returning,6,Mobile,Instagram,5.4,4,5,Beauty,Lipstick,1552,Yes,3769,No,0,Unknown,No,0,UPI,Standard,,
SES502844,CUST11328,2025-08-04 00:00:00,18,FEMALE,Lucknow,Returning,4,Mobile,Google,5.5,12,5,Sports,Cricket Bat,10394,No,0,No,0,No,No,0,UPI,Standard,,
SES503740,CUST11931,2026-02-10 00:00:00,28,FEMALE,Delhi,Returning,6,Mobile,Referral,6.4,7,7,Beauty,Lipstick,2380,Yes,5371,No,0,No,Yes,2029,Net Banking,Standard,4.2,4.3
SES502389,CUST11461,2025-10-04 00:00:00,18,FEMALE,Kolkata,New,0,Mobile,Unknown,4.3,5,3,Sports,Football,8338,No,0,No,0,No,No,0,Debit Card,Standard,,
SES503919,CUST12187,2025-06-05 00:00:00,42,FEMALE,Delhi,New,0,Mobile,YouTube,16,5,2,Books,Business Book,1513,Yes,1761,No,0,No,Yes,3082,Wallet,Standard,4.5,3.8
SES503044,CUST10154,2026-05-22 00:00:00,36,MALE,Bangalore,New,0,Mobile,Google,4.7,9,5,Electronics,Smart Watch,17847,No,0,Yes,15,Yes,No,0,Credit Card,Standard,,
SES504831,CUST11561,2026-05-12 00:00:00,23,FEMALE,Delhi,New,0,Mobile,Referral,10.8,7,1,Fashion,Jacket,1847,Yes,2913,Yes,10,Yes,Yes,1751,Credit Card,Standard,3.9,3.5
SES500946,CUST10313,2025-11-15 00:00:00,24,MALE,Lucknow,Returning,9,Desktop,YouTube,9.4,4,7,Electronics,Power Bank,13634,No,0,No,0,No,No,0,Debit Card,Standard,,
SES504742,CUST12032,2025-07-05 00:00:00,32,MALE,Lucknow,Returning,10,Desktop,Facebook,13,7,3,Beauty,Shampoo,2783,Yes,4727,Yes,10,Yes,No,0,Cash on Delivery,Standard,,
SES505815,CUST10710,2026-06-28 00:00:00,23,FEMALE,Ahmedabad,Returning,7,Mobile,Facebook,14.9,10,4,Fashion,Kurta,2197,No,0,No,0,No,No,0,Credit Card,Standard,,
SES500296,CUST10972,2026-02-09 00:00:00,18,FEMALE,Chennai,Returning,7,Mobile,Google,20.1,7,4,Beauty,Face Wash,2183,Yes,3433,No,0,No,No,0,Credit Card,Standard,,
SES501895,CUST10703,2025-05-24 00:00:00,25,MALE,Mumbai,Returning,10,Mobile,Referral,5,5,6,Books,Academic Book,1064,Yes,2150,No,0,No,Yes,1844,Net Banking,Standard,4.4,3.8
SES502210,CUST11518,2026-03-25 00:00:00,39,FEMALE,Mumbai,Returning,5,Desktop,Google,8.7,9,6,Electronics,Wireless Earbuds,7902,Yes,17983,No,0,No,Yes,6886,UPI,Standard,3.8,3.5
SES500299,CUST11116,2026-05-04 00:00:00,36,FEMALE,Pune,New,0,Desktop,Direct,10.6,3,4,Sports,Cricket Bat,5743,Yes,12682,No,0,No,No,0,Debit Card,Standard,,
SES500069,CUST10065,2025-11-19 00:00:00,37,FEMALE,Jaipur,Returning,6,Mobile,Email,21.2,6,2,Home & Kitchen,Bedsheet,11585,Yes,25295,No,0,No,Yes,18479,UPI,Standard,4.2,2.5
SES505090,CUST11623,2025-10-09 00:00:00,29,MALE,Mumbai,New,0,Desktop,Email,6.7,8,4,Home & Kitchen,Table Lamp,2004,Yes,4253,No,0,No,Yes,3989,UPI,Standard,4.8,5
SES500737,CUST10947,2025-07-11 00:00:00,39,MALE,Delhi,Returning,4,Mobile,Direct,12.2,6,3,Home & Kitchen,Cookware Set,3413,No,0,No,0,No,Yes,7171,Cash on Delivery,Standard,3,3.2
SES501599,CUST11638,2025-06-14 00:00:00,31,FEMALE,Bangalore,New,0,Mobile,Instagram,6.6,8,1,Fashion,Kurta,1055,No,0,No,0,No,No,0,UPI,Standard,,
SES505202,CUST11879,2025-09-05 00:00:00,30,MALE,Pune,Returning,14,Mobile,Direct,15.8,6,5,Sports,Football,1424,Yes,1481,Yes,20,Yes,Yes,2313,Credit Card,Standard,4.5,4.6
SES504145,CUST11482,2026-06-14 00:00:00,32,FEMALE,Chennai,Returning,4,Desktop,Direct,4.7,8,4,Electronics,Wireless Earbuds,19780,Yes,41414,No,0,No,No,0,Net Banking,Same Day,,
SES503687,CUST10805,2025-04-11 00:00:00,31,FEMALE,Delhi,New,0,Desktop,Instagram,7.3,13,1,Electronics,Bluetooth Speaker,12764,No,0,No,0,No,No,0,UPI,Express,,
SES501504,CUST10261,2025-01-28 00:00:00,40,FEMALE,Hyderabad,New,0,Mobile,Google,17.8,6,5,Home & Kitchen,Cookware Set,5129,Yes,6282,No,0,No,Yes,5998,Debit Card,Standard,3.3,2.6
SES505722,CUST11553,2026-05-28 00:00:00,36,MALE,Mumbai,New,0,Desktop,Facebook,12.3,9,4,Fashion,Jacket,5593,No,0,Yes,5,Yes,No,0,UPI,Standard,,
SES500151,CUST10002,2025-11-08 00:00:00,23,MALE,Pune,Returning,11,Desktop,Facebook,13.7,8,4,Home & Kitchen,Table Lamp,2408,No,0,Yes,5,No,No,0,Credit Card,Express,,
SES500757,CUST11574,2025-10-25 00:00:00,36,MALE,Pune,New,1,Mobile,Instagram,3.3,5,5,Beauty,Shampoo,2320,Yes,3410,No,0,No,No,0,Debit Card,Standard,,
SES505984,CUST11445,2026-02-09 00:00:00,20,MALE,Delhi,New,0,Desktop,Google,6.9,6,2,Beauty,Perfume,1006,No,0,Yes,30,Yes,No,0,Credit Card,Express,,
SES503541,CUST10583,2025-06-10 00:00:00,36,FEMALE,Pune,Returning,6,Mobile,YouTube,3.6,4,3,Home & Kitchen,Storage Box,1356,No,0,No,0,No,No,0,Credit Card,Standard,,
SES501704,CUST11547,2025-10-27 00:00:00,35,MALE,Mumbai,Returning,11,Mobile,Direct,18,7,4,Electronics,Wireless Earbuds,29638,No,0,Yes,10,Yes,No,0,Credit Card,Standard,,
SES505865,CUST11131,2026-03-29 00:00:00,36,MALE,Kolkata,New,1,Mobile,Google,14.4,5,6,Home & Kitchen,Storage Box,3952,Yes,8899,Yes,15,No,Yes,5539,Debit Card,Same Day,3.1,4.5
SES504529,CUST10720,2025-08-12 00:00:00,36,FEMALE,Pune,Returning,9,Mobile,Google,8.2,7,2,Beauty,Perfume,4929,No,0,Yes,25,Yes,No,0,UPI,Standard,,
SES500170,CUST11931,2025-03-18 00:00:00,40,MALE,Mumbai,Returning,13,Tablet,Google,7.8,7,3,Electronics,Wireless Earbuds,23343,Yes,55342,No,0,No,Yes,23428,Credit Card,Express,4.8,3
SES505584,CUST11534,2025-02-15 00:00:00,42,FEMALE,Mumbai,New,0,Tablet,Email,5.9,7,2,Home & Kitchen,Table Lamp,5377,No,0,Yes,10,No,No,0,Credit Card,Standard,,
SES500377,CUST10497,2026-01-21 00:00:00,21,MALE,Bangalore,New,0,Desktop,Instagram,22.2,5,5,Sports,Cricket Bat,4372,Yes,5049,Yes,15,Yes,Yes,8466,Wallet,Standard,4.7,3.2
SES503140,CUST11105,2025-09-16 00:00:00,43,MALE,Delhi,Returning,5,Mobile,Instagram,3.9,8,5,Books,Fiction Book,1400,No,0,Yes,10,Yes,No,0,UPI,Express,,
SES502407,CUST11086,2026-02-23 00:00:00,26,MALE,Chennai,New,0,Mobile,Google,11.9,7,3,Beauty,Lipstick,1981,Yes,4096,Yes,5,Yes,Yes,3633,UPI,Express,3.6,3.1
SES500860,CUST10356,2026-06-26 00:00:00,27,MALE,Bangalore,New,0,Desktop,Google,10.1,5,5,Books,Biography,2195,Yes,4395,Yes,10,Yes,No,0,UPI,Standard,,
SES501863,CUST11404,2025-09-11 00:00:00,40,MALE,Bangalore,New,0,Mobile,Direct,3.7,11,1,Sports,Football,7913,No,0,No,0,No,No,0,Credit Card,Standard,,
SES504074,CUST10429,2025-01-09 00:00:00,48,FEMALE,Pune,New,1,Mobile,Direct,4.8,9,9,Electronics,Bluetooth Speaker,20861,Yes,47052,Yes,15,Yes,No,0,Credit Card,Standard,,
SES504505,CUST10411,2026-05-31 00:00:00,34,FEMALE,Bangalore,Returning,5,Desktop,Email,1.7,8,5,Beauty,Lipstick,4983,No,0,No,0,No,No,0,Debit Card,Standard,,
SES500379,CUST10852,2026-04-24 00:00:00,28,FEMALE,Delhi,New,1,Tablet,Facebook,9.8,9,3,Fashion,Jeans,6045,Yes,5240,No,0,No,Yes,8902,UPI,Express,4.1,5
SES505825,CUST10509,2026-04-01 00:00:00,21,MALE,Bangalore,New,0,Mobile,Referral,3.3,10,3,Beauty,Lipstick,887,No,0,Yes,25,Yes,No,0,Credit Card,Standard,,
SES503321,CUST11599,2025-05-22 00:00:00,28,MALE,Lucknow,New,0,Mobile,Google,1.9,6,1,Fashion,Sneakers,6520,Yes,13447,No,0,No,Yes,8373,UPI,Standard,4.7,4.6
SES501295,CUST10716,2025-06-12 00:00:00,43,MALE,Jaipur,New,1,Desktop,Google,23.8,4,2,Books,Business Book,516,No,0,Yes,20,Yes,No,0,Debit Card,Express,,
SES503122,CUST10213,2025-01-17 00:00:00,22,MALE,Ahmedabad,New,0,Mobile,YouTube,5.8,6,1,Electronics,Wireless Earbuds,25393,No,0,No,0,No,No,0,Debit Card,Standard,,
SES501433,CUST11561,2026-06-06 00:00:00,44,MALE,Jaipur,New,0,Mobile,Referral,4,4,3,Books,Self Help Book,1390,Yes,2433,Yes,10,Yes,No,0,Credit Card,Standard,,
SES504604,CUST10421,2025-01-25 00:00:00,32,MALE,Delhi,New,0,Mobile,Facebook,23.4,8,3,Beauty,Lipstick,700,Yes,1005,No,0,No,Yes,776,UPI,Express,2.7,3.3
SES504215,CUST11600,2025-02-04 00:00:00,37,FEMALE,Bangalore,New,0,Desktop,Google,4.9,5,4,Fashion,Kurta,4994,No,0,Yes,10,Yes,No,0,Net Banking,Standard,,
SES505562,CUST11205,2026-05-13 00:00:00,51,MALE,Hyderabad,New,0,Desktop,Email,8.4,10,5,Electronics,Wireless Earbuds,34853,Yes,43948,No,0,No,Yes,52096,CREDIT CARD,Express,3.3,5
SES501780,CUST12011,2026-04-15 00:00:00,20,FEMALE,Hyderabad,New,0,Mobile,Facebook,6,8,6,Sports,Yoga Mat,3816,Yes,9025,No,0,No,Yes,5766,Credit Card,Standard,3.6,3.9
SES505768,CUST11969,2025-03-09 00:00:00,39,MALE,Chennai,New,1,Mobile,Direct,7.4,9,5,Electronics,Headphones,7449,Yes,13658,Yes,25,No,Yes,7866,UPI,Standard,4.7,3.7
SES503271,CUST10100,2025-08-13 00:00:00,24,MALE,Mumbai,Returning,5,Desktop,Google,4.8,8,1,Sports,Cricket Bat,9946,No,0,No,0,No,No,0,Credit Card,Standard,,
SES504606,CUST10304,2025-06-17 00:00:00,41,MALE,Mumbai,New,0,Tablet,Referral,3,5,2,Fashion,Jacket,4963,No,0,No,0,No,No,0,Debit Card,Express,,
SES501819,CUST10822,2026-06-03 00:00:00,18,MALE,Mumbai,New,0,Desktop,Facebook,12.7,8,2,Fashion,Jeans,3049,Yes,4536,Yes,5,Yes,Yes,5856,UPI,Express,2.4,2.3
SES505805,CUST12170,2026-02-16 00:00:00,44,MALE,Delhi,Returning,10,Desktop,Direct,16.1,8,3,Home & Kitchen,Table Lamp,7785,Yes,7203,No,0,No,Yes,9417,UPI,Express,3.9,3.6
SES500842,CUST10130,2026-02-19 00:00:00,26,MALE,Kolkata,Returning,7,Mobile,Direct,10.4,8,2,Books,Self Help Book,2337,Yes,3633,No,0,No,Yes,3124,Debit Card,Standard,4.4,5
SES502987,CUST11625,2026-05-13 00:00:00,23,MALE,Chennai,New,0,Mobile,Email,18.8,8,3,Fashion,Jacket,3206,No,0,Yes,10,No,No,0,Net Banking,Standard,,
SES501190,CUST12110,2026-03-24 00:00:00,34,MALE,Mumbai,Returning,10,Tablet,YouTube,8.2,7,7,Books,Self Help Book,945,Yes,1973,Yes,5,Yes,Yes,1226,Debit Card,Standard,3.6,5
SES500176,CUST10660,2025-08-29 00:00:00,29,MALE,Pune,New,0,Mobile,YouTube,5.8,6,2,Sports,Football,5028,Yes,5733,No,0,No,Yes,6534,Credit Card,Standard,4,5
SES503227,CUST11816,2026-01-25 00:00:00,22,MALE,Kolkata,Returning,3,Mobile,Google,5.2,7,2,Sports,Football,2893,Yes,2758,Yes,30,Yes,Yes,3118,Credit Card,Standard,2.6,5
SES502942,CUST11553,2025-06-22 00:00:00,24,MALE,Ahmedabad,New,0,Mobile,Direct,2.9,6,1,Beauty,Moisturizer,593,Yes,840,No,0,No,No,0,Credit Card,Standard,,
SES500928,CUST10194,2025-08-28 00:00:00,32,MALE,Jaipur,New,0,Mobile,YouTube,8.3,7,6,Home & Kitchen,Coffee Maker,5391,No,0,No,0,No,No,0,UPI,Standard,,
SES503297,CUST10842,2025-10-07 00:00:00,18,FEMALE,Delhi,New,0,Tablet,Google,6.5,7,3,Fashion,Sneakers,3920,No,0,No,0,No,No,0,UPI,Express,,
SES500046,CUST11586,2025-02-09 00:00:00,33,MALE,Chennai,Returning,5,Mobile,Email,15.4,14,4,Fashion,Jeans,5400,No,0,No,0,No,No,0,Debit Card,Same Day,,
SES501261,CUST11549,2025-03-24 00:00:00,40,MALE,Pune,New,0,Desktop,Direct,17.7,3,3,Beauty,Moisturizer,4746,No,0,No,0,No,No,0,Cash on Delivery,Standard,,
SES501097,CUST10629,2025-09-02 00:00:00,41,MALE,Chennai,Returning,12,Desktop,Email,12.7,6,2,Fashion,Kurta,2119,No,0,No,0,No,No,0,Cash on Delivery,Express,,
SES501444,CUST10549,2025-06-21 00:00:00,36,FEMALE,Bangalore,New,0,Mobile,Google,16.5,7,5,Sports,Football,2157,Yes,2748,Yes,15,Yes,Yes,2666,Credit Card,Express,4,4.7
SES502133,CUST11373,2025-09-29 00:00:00,46,MALE,Kolkata,New,0,Mobile,Email,10.1,9,7,Fashion,Kurta,3331,Yes,3256,No,0,No,Yes,4098,UPI,Express,4.2,3.6
SES503324,CUST10069,2025-11-11 00:00:00,46,MALE,Mumbai,Returning,6,Desktop,Referral,9.5,7,3,Electronics,Wireless Earbuds,10827,No,0,Yes,10,No,Yes,18445,Credit Card,Standard,4.2,3
SES501188,CUST11915,2026-01-23 00:00:00,41,FEMALE,Delhi,New,0,Mobile,Facebook,14.1,7,5,Books,Academic Book,1609,Yes,2253,Yes,25,No,No,0,Credit Card,Express,,
SES505119,CUST11870,2026-04-24 00:00:00,18,MALE,Delhi,New,0,Mobile,Email,6.3,10,5,Fashion,T-Shirt,3339,No,0,No,0,No,No,0,UPI,Express,,
SES503078,CUST10475,2026-04-28 00:00:00,42,MALE,Bangalore,New,0,Tablet,Email,4.7,3,2,Books,Self Help Book,1471,No,0,Yes,10,No,No,0,UPI,Standard,,
SES501031,CUST11395,2025-01-24 00:00:00,44,MALE,Bangalore,New,0,Desktop,Instagram,11,7,7,Electronics,Wireless Earbuds,4624,No,0,No,0,No,No,0,Cash on Delivery,Standard,,
SES503526,CUST10898,2026-02-17 00:00:00,42,FEMALE,Hyderabad,New,1,Desktop,Google,7.6,1,4,Electronics,Headphones,22554,Yes,53549,Yes,10,Yes,Yes,29877,UPI,Express,3.2,4.3
SES500301,CUST11824,2025-05-12 00:00:00,34,MALE,Ahmedabad,New,0,Mobile,Instagram,18.5,4,3,Sports,Football,6469,Yes,8181,Yes,25,No,No,0,UPI,Express,,
SES502555,CUST10574,2026-03-25 00:00:00,33,FEMALE,Jaipur,New,0,Desktop,Instagram,2.7,8,3,Books,Academic Book,1650,No,0,No,0,No,No,0,UPI,Standard,,
SES501473,CUST10295,2025-11-07 00:00:00,35,FEMALE,Mumbai,Returning,3,Desktop,Direct,19.7,8,3,Electronics,Smart Watch,26088,No,0,No,0,No,No,0,Cash on Delivery,Express,,
SES500284,CUST11501,2025-04-29 00:00:00,42,MALE,Jaipur,New,0,Mobile,Referral,0.5,7,4,Home & Kitchen,Cookware Set,12740,Yes,11860,Yes,5,Yes,No,0,Credit Card,Standard,,
SES502923,CUST11083,2025-08-31 00:00:00,43,MALE,Ahmedabad,New,0,Desktop,Instagram,2.2,12,2,Sports,Running Shoes,9786,Yes,9946,No,0,No,No,0,UPI,Standard,,
SES505153,CUST11957,2025-02-14 00:00:00,44,FEMALE,Chennai,Returning,13,Mobile,Google,10.6,6,3,Fashion,T-Shirt,3368,No,0,Yes,25,No,Yes,5755,UPI,Express,4.2,3.4
SES505286,CUST12028,2025-02-17 00:00:00,26,MALE,Bangalore,Returning,7,Mobile,YouTube,8.6,6,4,Home & Kitchen,Cookware Set,7799,Yes,10079,Yes,20,Yes,Yes,8102,Cash on Delivery,Standard,3.3,4
SES503385,CUST10645,2025-07-07 00:00:00,38,MALE,Bangalore,Returning,13,Mobile,Google,12,9,5,Sports,Dumbbells,4961,Yes,6134,Yes,5,Yes,Yes,8805,Net Banking,Express,4.5,3.1
SES501814,CUST11313,2025-09-14 00:00:00,27,MALE,Bangalore,New,0,Mobile,Referral,7.7,6,5,Fashion,Jacket,1002,Yes,1362,No,0,No,Yes,1163,Debit Card,Standard,4,3.8
SES504554,CUST10720,2025-07-19 00:00:00,31,FEMALE,Mumbai,New,1,Mobile,Instagram,7.8,5,2,Home & Kitchen,Coffee Maker,5693,No,0,Yes,5,Yes,No,0,credit card,Standard,,
SES502032,CUST11507,2026-03-06 00:00:00,32,FEMALE,Delhi,Returning,10,Desktop,Referral,6.4,6,3,Books,Business Book,1937,No,0,No,0,No,No,0,Cash on Delivery,Express,,
SES505231,CUST12162,2025-03-25 00:00:00,42,MALE,Mumbai,Returning,9,Desktop,Instagram,3.8,6,3,Home & Kitchen,Cookware Set,8712,No,0,Yes,25,Yes,No,0,UPI,Standard,,
SES503681,CUST11142,2025-08-21 00:00:00,44,MALE,Hyderabad,New,0,Desktop,Referral,5.4,6,4,Fashion,T-Shirt,1175,No,0,Yes,15,No,No,0,UPI,Standard,,
SES502664,CUST11910,2026-03-20 00:00:00,24,FEMALE,Mumbai,Returning,8,Mobile,Instagram,3.8,8,2,Fashion,Sneakers,4225,No,0,No,0,No,No,0,Credit Card,Express,,
SES502967,CUST11933,2025-01-22 00:00:00,21,FEMALE,Delhi,Returning,2,Desktop,YouTube,16.2,5,3,Fashion,Sneakers,3526,Yes,7526,No,0,No,Yes,6426,Debit Card,Express,4.4,4.9
SES501339,CUST11710,2025-09-20 00:00:00,46,MALE,Delhi,Returning,2,Mobile,Instagram,9.9,6,4,Sports,Football,10968,Yes,14729,No,0,No,Yes,24035,UPI,Standard,4.2,4.5
SES502303,CUST11474,2026-05-13 00:00:00,34,MALE,Ahmedabad,Returning,9,Desktop,Google,13.6,6,9,Electronics,Smart Watch,2928,Yes,4185,No,0,No,Yes,3349,Net Banking,Express,4,2.8
SES502642,CUST10383,2026-01-20 00:00:00,34,FEMALE,Ahmedabad,Returning,13,Mobile,Referral,4.9,8,6,Electronics,Smart Watch,5845,No,0,No,0,No,No,0,UPI,Same Day,,
SES504154,CUST10288,2025-05-19 00:00:00,53,MALE,Delhi,New,0,Mobile,Google,9.1,9,3,Electronics,Bluetooth Speaker,20072,Yes,31579,No,0,No,Yes,30656,UPI,Express,4.6,4.8
SES504812,CUST11490,2026-03-03 00:00:00,18,MALE,Delhi,Returning,4,Mobile,Referral,19.1,5,6,Books,Self Help Book,2396,Yes,3340,No,0,No,Yes,3242,Cash on Delivery,Standard,3.5,5
SES502009,CUST10088,2026-03-25 00:00:00,46,FEMALE,Bangalore,New,0,Desktop,Instagram,16.1,9,5,Sports,Dumbbells,5335,Yes,6139,No,0,No,Yes,9096,cash on delivery,Same Day,4.4,1.7
SES502359,CUST11467,2026-01-08 00:00:00,40,MALE,Kolkata,Returning,10,Mobile,YouTube,9.6,10,3,Electronics,Headphones,12832,No,0,No,0,No,No,0,Cash on Delivery,Standard,,
SES504095,CUST11412,2025-07-30 00:00:00,22,MALE,Delhi,Returning,11,Mobile,Direct,7.6,8,2,Home & Kitchen,Table Lamp,9334,No,0,No,0,No,No,0,UPI,Standard,,
SES505495,CUST10057,2026-03-21 00:00:00,44,MALE,Chennai,Returning,14,Mobile,YouTube,8.1,10,1,Fashion,T-Shirt,5696,No,0,Yes,25,Yes,No,0,Cash on Delivery,Express,,
SES500258,CUST12147,2025-12-23 00:00:00,42,FEMALE,Delhi,Returning,4,Mobile,Instagram,29.6,10,6,Fashion,Jeans,6921,Yes,10695,Yes,15,No,No,0,Net Banking,Express,,
SES500508,CUST12095,2025-01-06 00:00:00,18,FEMALE,Chennai,New,0,Mobile,Referral,31.8,6,4,Home & Kitchen,Bedsheet,637,Yes,1486,Yes,10,Yes,Yes,747,Cash on Delivery,Standard,3.6,4
SES501984,CUST10686,2026-01-03 00:00:00,28,MALE,Delhi,New,0,Mobile,Direct,6.2,9,3,Electronics,Smart Watch,32457,No,0,Yes,10,Yes,No,0,Credit Card,Standard,,
SES500100,CUST11039,2025-12-12 00:00:00,28,MALE,Chennai,New,0,Desktop,Google,4.6,8,2,Books,Biography,1987,No,0,Yes,15,Yes,No,0,Wallet,Standard,,
SES503423,CUST11943,2026-05-26 00:00:00,30,MALE,Chennai,New,0,Mobile,Facebook,16.1,9,3,Home & Kitchen,Storage Box,1141,Yes,2345,Yes,10,Yes,No,0,UPI,Standard,,
SES500745,CUST11142,2026-05-28 00:00:00,40,MALE,Mumbai,New,0,Desktop,Instagram,24.6,6,2,Electronics,Headphones,7411,No,0,Yes,30,No,No,0,Net Banking,Standard,,
SES505916,CUST10082,2025-03-31 00:00:00,28,FEMALE,Mumbai,New,0,Desktop,Email,14.9,9,4,Electronics,Bluetooth Speaker,20741,No,0,Yes,5,Yes,No,0,Credit Card,Express,,
SES505583,CUST10658,2026-03-02 00:00:00,34,MALE,Hyderabad,Returning,15,Mobile,YouTube,6,9,4,Home & Kitchen,Coffee Maker,9602,No,0,No,0,No,No,0,Debit Card,Express,,
SES501376,CUST10214,2025-05-23 00:00:00,36,FEMALE,Jaipur,Returning,14,Mobile,Referral,0.9,3,2,Electronics,Bluetooth Speaker,13444,No,0,Yes,25,Yes,No,0,Credit Card,Standard,,
SES503909,CUST10614,2026-02-06 00:00:00,41,FEMALE,New Delhi,Returning,2,Mobile,Referral,13.2,6,6,Fashion,Sneakers,4094,Yes,9203,Yes,5,Yes,No,0,credit card,Standard,,
SES503862,CUST11497,2025-07-28 00:00:00,20,MALE,Bangalore,New,0,Mobile,Google,11.5,9,4,Electronics,Power Bank,6023,Yes,13178,No,0,No,No,0,UPI,Standard,,
SES505838,CUST10152,2025-10-05 00:00:00,20,FEMALE,Pune,Returning,12,Mobile,Direct,4.8,1,4,Home & Kitchen,Table Lamp,13781,Yes,22453,Yes,10,Yes,Yes,11804,UPI,Standard,5,4.8
SES502961,CUST11590,2025-11-09 00:00:00,20,FEMALE,Pune,New,0,Desktop,Google,3.2,7,6,Beauty,Moisturizer,2705,Yes,3069,No,0,No,Yes,5798,Debit Card,Standard,4,3.4
SES504249,CUST11087,2026-06-03 00:00:00,46,MALE,Delhi,Returning,9,Mobile,Email,5.8,5,3,Electronics,Bluetooth Speaker,9270,No,0,No,0,No,Yes,9981,UPI,Standard,4.3,4.3
SES501158,CUST10964,2025-12-03 00:00:00,25,FEMALE,Hyderabad,Returning,6,Mobile,Google,9.5,7,1,Beauty,Shampoo,1493,No,0,No,0,No,No,0,UPI,Express,,
SES501859,CUST11639,2025-09-24 00:00:00,39,FEMALE,Delhi,Returning,15,Mobile,YouTube,2.1,5,5,Electronics,Power Bank,1145,No,0,No,0,No,No,0,UPI,Express,,
SES504392,CUST10569,2026-03-27 00:00:00,25,FEMALE,Mumbai,New,0,Mobile,YouTube,8,13,4,Electronics,Smart Watch,23031,Yes,39006,No,0,No,Yes,29066,UPI,Standard,2.5,2.9
SES502946,CUST11418,2025-02-23 00:00:00,32,FEMALE,Chennai,New,0,Desktop,Google,27.9,7,3,Fashion,Kurta,4533,Yes,4659,No,0,No,Yes,5014,Debit Card,Standard,3.7,4
SES504931,CUST10209,2025-09-18 00:00:00,26,FEMALE,Bangalore,Returning,9,Desktop,Facebook,11.1,4,3,Electronics,Wireless Earbuds,23121,Yes,29844,No,0,No,Yes,27105,Wallet,Standard,3.5,4.7
SES501438,CUST10685,2026-02-14 00:00:00,46,FEMALE,Pune,New,1,Mobile,Instagram,5.1,8,4,Fashion,Jeans,2757,Yes,4640,No,0,No,Yes,2866,UPI,Express,4,1.3
SES504997,CUST10172,2026-05-18 00:00:00,37,FEMALE,Kolkata,Returning,15,Desktop,Google,5.7,7,5,Home & Kitchen,Table Lamp,3092,No,0,Yes,10,Yes,No,0,Credit Card,Express,,
SES500367,CUST10357,2025-09-05 00:00:00,19,FEMALE,Delhi,Returning,12,Desktop,Direct,6.3,6,2,Fashion,T-Shirt,1938,Yes,4465,No,0,No,Yes,3051,Debit Card,Standard,3.7,5
SES505010,CUST10372,2026-03-18 00:00:00,40,FEMALE,Lucknow,New,0,Mobile,Facebook,5.3,9,3,Electronics,Smart Watch,14927,No,0,Yes,15,No,No,0,UPI,Standard,,
SES503114,CUST10306,2025-01-05 00:00:00,23,FEMALE,Hyderabad,New,0,Mobile,Direct,5.3,8,2,Home & Kitchen,Cookware Set,10356,No,0,No,0,No,No,0,Debit Card,Standard,,
SES500403,CUST10413,2026-05-19 00:00:00,25,MALE,Hyderabad,Returning,15,Mobile,Facebook,10.6,11,5,Sports,Dumbbells,10961,Yes,12614,No,0,No,Yes,17183,UPI,Standard,5,4.7
SES504670,CUST10220,2025-02-22 00:00:00,23,FEMALE,Chennai,Returning,8,Mobile,Instagram,8.5,4,4,Electronics,Bluetooth Speaker,34681,Yes,52798,Yes,25,Yes,Yes,32097,UPI,Standard,3.6,4
SES503631,CUST10709,2026-05-20 00:00:00,19,FEMALE,Mumbai,New,0,Mobile,Direct,1.7,6,5,Electronics,Headphones,17194,Yes,26283,Yes,10,No,Yes,19774,Cash on Delivery,Standard,4.9,3
SES500950,CUST11791,2025-10-10 00:00:00,43,FEMALE,Lucknow,New,0,Desktop,Google,6.4,9,3,Beauty,Lipstick,3505,No,0,No,0,No,No,0,UPI,Standard,,
SES503584,CUST10161,2026-01-23 00:00:00,29,FEMALE,Mumbai,New,0,Mobile,Google,3.1,8,4,Electronics,Wireless Earbuds,13530,No,0,No,0,No,No,0, UPI ,Standard,,
SES500020,CUST10022,2025-10-12 00:00:00,32,FEMALE,Pune,Returning,6,Mobile,Instagram,16.5,10,1,Sports,Cricket Bat,3704,No,0,No,0,No,No,0,UPI,Standard,,
SES500230,CUST11528,2025-05-16 00:00:00,25,FEMALE,Ahmedabad,New,0,Desktop,Instagram,5.9,4,3,Fashion,Kurta,5602,No,0,No,0,No,No,0,Debit Card,Standard,,
SES504211,CUST11547,2025-08-31 00:00:00,31,FEMALE,Hyderabad,New,0,Mobile,Instagram,12.3,9,2,Home & Kitchen,Cookware Set,11045,No,0,No,0,No,No,0,UPI,Standard,,
SES500669,CUST10526,2026-06-12 00:00:00,31,MALE,Delhi,New,0,Desktop,Instagram,3.9,9,2,Sports,Dumbbells,1480,Yes,1300,Yes,20,No,Yes,2003,UPI,Same Day,4.2,2.7
SES500219,CUST11885,2025-06-02 00:00:00,38,MALE,Delhi,Returning,8,Desktop,Email,2.7,2,4,Sports,Dumbbells,7001,Yes,7638,Yes,10,No,No,0,UPI,Same Day,,
SES505033,CUST10352,2026-03-26 00:00:00,40,MALE,Chennai,New,0,Mobile,Google,2.3,8,9,Home & Kitchen,Table Lamp,5432,No,0,Yes,15,Yes,No,0,UPI,Standard,,
SES505534,CUST11245,2025-06-26 00:00:00,29,MALE,Ahmedabad,New,0,Mobile,YouTube,15.8,10,3,Fashion,Jacket,4416,Yes,8554,No,0,No,Yes,4289,Credit Card,Standard,4.8,5
SES503608,CUST10299,2025-03-12 00:00:00,27,FEMALE,Delhi,New,1,Mobile,Google,14.8,9,2,Home & Kitchen,Coffee Maker,5526,No,0,Yes,5,No,No,0,UPI,Standard,,
SES502544,CUST10629,2025-12-07 00:00:00,26,MALE,Mumbai,Returning,14,Desktop,Google,10.4,9,5,Sports,Running Shoes,2839,Yes,5989,Yes,15,Yes,Yes,5102,UPI,Standard,3.7,4.2
SES505568,CUST10655,2025-08-29 00:00:00,27,FEMALE,Delhi,New,0,Desktop,Google,4.3,10,2,Sports,Dumbbells,2755,No,0,No,0,No,No,0,Cash on Delivery,Same Day,,
SES500586,CUST12166,2025-08-28 00:00:00,25,MALE,Lucknow,New,0,Mobile,Direct,6.9,11,7,Home & Kitchen,Bedsheet,5927,Yes,13071,No,0,No,No,0,Cash on Delivery,Standard,,
SES504775,CUST10699,2025-12-05 00:00:00,34,FEMALE,Bangalore,Returning,4,Mobile,Google,5.3,5,2,Home & Kitchen,Bedsheet,1341,No,0,No,0,No,Yes,2015,UPI,Standard,2.7,4.8
SES504351,CUST10656,2026-06-27 00:00:00,40,FEMALE,Kolkata,New,0,Mobile,Facebook,8.6,5,4,Beauty,Lipstick,1005,Yes,1527,No,0,No,No,0,Credit Card,Same Day,,
SES502023,CUST11135,2025-07-05 00:00:00,21,MALE,Bangalore,New,0,Mobile,Referral,12.9,8,5,Sports,Dumbbells,5887,Yes,13963,No,0,No,Yes,5818,Cash on Delivery,Standard,3.9,4.3
SES503955,CUST10184,2025-08-21 00:00:00,27,MALE,Hyderabad,New,0,Desktop,Direct,4.3,9,4,Books,Biography,1535,Yes,2813,Yes,10,Yes,Yes,1774,UPI,Standard,4.9,5
SES503872,CUST11195,2025-07-19 00:00:00,25,FEMALE,Bangalore,New,1,Desktop,YouTube,18.6,8,6,Books,Biography,909,Yes,909,Yes,15,No,Yes,1203,Credit Card,Standard,4.3,4.2
SES503519,CUST11856,2026-02-04 00:00:00,35,MALE,Ahmedabad,New,0,Mobile,Google,4.4,7,2,Beauty,Shampoo,4816,Yes,10672,Yes,25,Yes,Yes,8323,UPI,Express,4.9,3.6
SES503207,CUST11925,2025-09-03 00:00:00,34,MALE,Mumbai,New,0,Desktop,Referral,0.6,8,6,Fashion,T-Shirt,3146,Yes,7022,No,0,No,No,0,Debit Card,Standard,,
SES500778,CUST11119,2025-05-02 00:00:00,41,FEMALE,Lucknow,Returning,5,Desktop,Google,5.7,8,5,Sports,Running Shoes,1606,Yes,3014,Yes,10,Yes,Yes,2190,Wallet,Express,4.8,4.6
SES502895,CUST12065,2025-12-19 00:00:00,47,MALE,Delhi,New,0,Mobile,Google,12.5,7,2,Beauty,Moisturizer,2655,Yes,6299,Yes,20,Yes,Yes,4594,UPI,Standard,5,4.9
SES501019,CUST10168,2025-05-21 00:00:00,18,MALE,Jaipur,Returning,8,Desktop,Referral,2.1,9,7,Electronics,Bluetooth Speaker,3060,Yes,5097,Yes,30,Yes,Yes,2441,Credit Card,Express,3.7,3.8
SES501607,CUST10455,2025-11-07 00:00:00,31,MALE,Bangalore,Returning,5,Mobile,Email,8.1,10,4,Books,Academic Book,2455,No,0,Yes,30,Yes,No,0,UPI,Standard,,
SES502536,CUST11867,2025-02-13 00:00:00,40,MALE,Delhi,Returning,2,Desktop,Instagram,3.6,4,6,Fashion,Sneakers,4190,Yes,9539,No,0,No,No,0,CREDIT CARD,Standard,,
SES502841,CUST10913,2026-04-17 00:00:00,24,MALE,Jaipur,New,0,Mobile,Google,2.5,9,7,Beauty,Lipstick,1116,No,0,Yes,10,No,No,0,Debit Card,Standard,,
SES504272,CUST10064,2025-12-29 00:00:00,26,FEMALE,Pune,New,0,Desktop,Direct,16.8,7,5,Home & Kitchen,Coffee Maker,923,Yes,1539,No,0,No,Yes,913,Credit Card,Express,4.3,3.2
SES504848,CUST11265,2025-12-21 00:00:00,38,MALE,Kolkata,Returning,11,Mobile,Direct,19.4,6,3,Beauty,Moisturizer,1228,Yes,2901,No,0,No,Yes,1988,Debit Card,Standard,4.3,3.8
SES501492,CUST11852,2025-07-22 00:00:00,34,MALE,Delhi,New,1,Mobile,Direct,16,6,6,Books,Academic Book,1965,Yes,3447,Yes,15,No,Yes,2615,Cash on Delivery,Standard,3.8,3.9
SES504879,CUST11034,2025-02-28 00:00:00,36,FEMALE,Lucknow,Returning,4,Mobile,Email,8.6,11,4,Books,Fiction Book,1179,No,0,Yes,15,No,No,0,Net Banking,Standard,,
SES504064,CUST12056,2026-04-29 00:00:00,18,FEMALE,Bangalore,New,0,Tablet,YouTube,27.4,4,2,Fashion,Sneakers,5369,Yes,10044,Yes,15,Yes,No,0,UPI,Standard,,
SES502379,CUST11299,2025-02-14 00:00:00,33,MALE,Ahmedabad,New,0,Desktop,Facebook,9,9,4,Electronics,Wireless Earbuds,12210,No,0,No,0,No,No,0,Wallet,Standard,,
SES503942,CUST11379,2026-05-30 00:00:00,39,MALE,Ahmedabad,Returning,4,Desktop,YouTube,8.7,7,3,Sports,Running Shoes,506,No,0,No,0,No,No,0,Debit Card,Standard,,
SES504511,CUST11393,2026-06-22 00:00:00,30,MALE,Hyderabad,New,1,Mobile,YouTube,25.1,6,3,Sports,Dumbbells,7533,No,0,No,0,No,No,0,Credit Card,Standard,,
SES502911,CUST10033,2026-02-18 00:00:00,20,MALE,Delhi,Returning,2,Mobile,Referral,3.9,4,5,Books,Self Help Book,1281,No,0,No,0,No,No,0,Credit Card,Standard,,
SES501594,CUST10688,2026-02-18 00:00:00,46,FEMALE,Delhi,Returning,9,Mobile,Facebook,3.3,5,5,Electronics,Bluetooth Speaker,25492,No,0,No,0,No,No,0,Credit Card,Standard,,
SES500518,CUST10668,2026-04-14 00:00:00,43,MALE,Ahmedabad,New,0,Mobile,Google,6.8,4,4,Fashion,T-Shirt,4920,Yes,4246,No,0,No,No,0,UPI,Standard,,
SES500322,CUST10636,2026-02-06 00:00:00,18,MALE,Mumbai,New,0,Tablet,YouTube,21.4,4,6,Fashion,Jacket,6186,No,0,Yes,15,Yes,No,0,Credit Card,Standard,,
SES504445,CUST11134,2026-02-07 00:00:00,26,FEMALE,Delhi,New,0,Desktop,Google,27.3,7,3,Fashion,Jacket,4494,Yes,10695,Yes,25,No,Yes,8304,UPI,Express,4.7,3.5
SES505183,CUST10902,2025-07-29 00:00:00,37,MALE,Kolkata,New,0,Mobile,Direct,8.7,4,6,Beauty,Shampoo,2468,No,0,No,0,No,No,0,Cash on Delivery,Standard,,
SES504123,CUST10808,2025-04-13 00:00:00,18,MALE,Pune,Returning,5,Desktop,Google,5.3,6,5,Fashion,Sneakers,6263,No,0,Yes,5,No,No,0,Debit Card,Same Day,,
SES504036,CUST11983,2025-10-19 00:00:00,30,FEMALE,Delhi,New,0,Desktop,Instagram,26.7,6,2,Fashion,Sneakers,586,Yes,1049,No,0,No,No,0,Credit Card,Standard,,
SES500218,CUST10099,2025-07-08 00:00:00,44,FEMALE,Ahmedabad,New,0,Mobile,Direct,4.9,5,3,Beauty,Lipstick,4391,No,0,No,0,No,No,0,Cash on Delivery,Standard,,
SES502689,CUST11611,2025-01-12 00:00:00,34,MALE,Ahmedabad,Returning,11,Mobile,Facebook,17.8,3,6,Electronics,Bluetooth Speaker,21238,No,0,No,0,No,No,0,UPI,Standard,,
SES504337,CUST11434,2025-08-21 00:00:00,30,FEMALE,Hyderabad,New,1,Desktop,YouTube,6.4,8,9,Electronics,Smart Watch,9482,No,0,Yes,15,Yes,No,0,Credit Card,Same Day,,
SES500361,CUST10453,2025-08-03 00:00:00,23,FEMALE,Delhi,Returning,10,Desktop,Instagram,8.6,10,4,Sports,Running Shoes,11759,No,0,Yes,10,No,No,0,Wallet,Standard,,
SES504399,CUST11752,2025-02-11 00:00:00,18,FEMALE,Kolkata,New,0,Mobile,Instagram,7.7,7,6,Fashion,Jacket,4357,No,0,No,0,No,No,0,Credit Card,Standard,,
SES504978,CUST11895,2025-05-21 00:00:00,18,MALE,Hyderabad,New,0,Mobile,Facebook,13.3,3,6,Books,Academic Book,1118,Yes,1640,Yes,10,Yes,No,0,UPI,Express,,
SES503045,CUST11901,2026-02-16 00:00:00,30,MALE,Hyderabad,Returning,11,Mobile,YouTube,12.6,8,3,Electronics,Power Bank,31089,Yes,67374,Yes,25,Yes,Yes,56235,Credit Card,Express,4.4,4.6
SES502347,CUST12191,2026-01-12 00:00:00,48,MALE,Mumbai,Returning,11,Mobile,Direct,9.1,7,6,Home & Kitchen,Coffee Maker,4536,Yes,8360,No,0,No,Yes,4304,UPI,Same Day,4.3,3.8
SES501053,CUST10154,2025-08-20 00:00:00,33,FEMALE,Mumbai,New,0,Mobile,Google,4.6,4,5,Home & Kitchen,Cookware Set,14673,Yes,20661,No,0,No,Yes,16509,Cash on Delivery,Standard,3.7,3.7
SES505609,CUST10927,2026-03-01 00:00:00,28,FEMALE,Kolkata,New,0,Desktop,Google,9.3,3,4,Sports,Running Shoes,6530,Yes,8860,No,0,No,No,0,Cash on Delivery,Standard,,
SES500760,CUST10139,2025-02-02 00:00:00,23,FEMALE,Jaipur,Returning,12,Mobile,Google,6.9,6,4,Home & Kitchen,Table Lamp,5662,Yes,9099,Yes,25,Yes,Yes,6042,UPI,Express,5,4
SES504693,CUST10340,2025-08-02 00:00:00,19,MALE,Delhi,Returning,7,Tablet,Facebook,13.6,8,4,Books,Fiction Book,1301,Yes,1586,Yes,15,Yes,Yes,2341,Credit Card,Same Day,3.3,5
SES502986,CUST10357,2026-02-09 00:00:00,34,FEMALE,Pune,Returning,12,Mobile,Referral,14.5,9,3,Fashion,T-Shirt,6753,No,0,No,0,No,Yes,9268,UPI,Express,2.9,3.7
SES503814,CUST11446,2025-10-28 00:00:00,19,MALE,New Delhi,Returning,2,Mobile,YouTube,11.7,8,4,Home & Kitchen,Cookware Set,5548,No,0,No,0,No,Yes,10279,Wallet,Standard,3.2,3.3
SES501427,CUST10515,2025-05-18 00:00:00,44,FEMALE,Mumbai,New,0,Mobile,Instagram,2.1,8,3,Home & Kitchen,Bedsheet,3306,Yes,6721,No,0,No,Yes,6734,Credit Card,Standard,3.8,4.1
SES501964,CUST12197,2025-05-11 00:00:00,18,FEMALE,Mumbai,New,0,Mobile,Google,4.6,6,4,Beauty,Lipstick,2277,No,0,No,0,No,No,0,UPI,Express,,
SES504540,CUST10366,2026-02-28 00:00:00,20,FEMALE,Chennai,New,0,Tablet,Facebook,7.9,5,4,Books,Business Book,613,No,0,No,0,No,No,0,Wallet,Standard,,
SES500215,CUST10104,2026-06-24 00:00:00,24,FEMALE,Delhi,New,1,Mobile,Instagram,8.9,8,4,Fashion,Sneakers,4057,Yes,9338,No,0,No,No,0,UPI,Same Day,,
SES501615,CUST10736,2025-03-24 00:00:00,34,FEMALE,Pune,New,0,Tablet,Email,10.7,5,6,Electronics,Power Bank,3367,No,0,Yes,15,No,No,0,Cash on Delivery,Standard,,
SES504701,CUST11357,2025-12-02 00:00:00,32,FEMALE,Kolkata,New,0,Mobile,Direct,7.9,10,6,Books,Academic Book,1895,Yes,3345,No,0,No,Yes,,Credit Card,Express,4.8,3.6
SES501718,CUST11242,2026-04-25 00:00:00,40,MALE,Bangalore,New,0,Desktop,YouTube,17.5,10,6,Fashion,Kurta,2274,No,0,No,0,No,No,0,Debit Card,Standard,,
SES504099,CUST12061,2025-11-02 00:00:00,31,FEMALE,Hyderabad,Returning,10,Desktop,Google,5.3,8,3,Fashion,Kurta,2296,No,0,No,0,No,No,0,UPI,Standard,,
SES502078,CUST11133,2025-02-01 00:00:00,18,FEMALE,Kolkata,New,0,Desktop,Referral,10.5,4,4,Books,Business Book,1478,No,0,Yes,20,Yes,No,0,UPI,Standard,,
SES503635,CUST11597,2026-04-02 00:00:00,18,MALE,Delhi,New,0,Tablet,Email,6.7,9,5,Beauty,Perfume,329,No,0,No,0,No,No,0,Wallet,Express,,
SES502026,CUST12177,2025-01-01 00:00:00,50,MALE,Kolkata,New,1,Mobile,Google,8.2,11,5,Sports,Yoga Mat,752,No,0,No,0,No,No,0,UPI,Standard,,
SES501703,CUST10988,2025-03-14 00:00:00,36,FEMALE,Jaipur,New,0,Desktop,Referral,6.1,8,1,Home & Kitchen,Storage Box,13480,No,0,No,0,No,No,0,Net Banking,Same Day,,
SES503209,CUST11425,2025-07-02 00:00:00,37,FEMALE,Mumbai,New,0,Desktop,Instagram,10.5,8,5,Beauty,Lipstick,1574,Yes,2804,Yes,10,Yes,Yes,2749,Credit Card,Standard,4.9,4.3
SES505002,CUST10690,2025-01-28 00:00:00,23,FEMALE,Delhi,New,0,Mobile,Facebook,10.8,8,4,Sports,Running Shoes,8964,No,0,Yes,25,Yes,No,0,UPI,Standard,,
SES502087,CUST10740,2025-08-03 00:00:00,20,MALE,Bangalore,Returning,11,Desktop,YouTube,11.3,8,4,Beauty,Shampoo,4224,Yes,6536,No,0,No,Yes,6736,Credit Card,Express,4.5,3.7
SES500197,CUST11017,2025-11-11 00:00:00,32,MALE,Mumbai,New,0,Desktop,Google,13.3,6,7,Electronics,Bluetooth Speaker,18876,Yes,41308,Yes,10,Yes,Yes,31305,UPI,Standard,4.1,5
SES500726,CUST11247,2025-11-05 00:00:00,35,MALE,Delhi,New,0,Mobile,Facebook,5.5,7,3,Home & Kitchen,Bedsheet,7912,No,0,Yes,10,Yes,No,0,Cash on Delivery,Standard,,
SES505041,CUST11470,2026-05-28 00:00:00,34,MALE,Kolkata,Returning,5,Mobile,Google,8.4,7,1,Electronics,Bluetooth Speaker,19082,Yes,26748,Yes,15,Yes,Yes,21106,Wallet,Express,2.7,5
SES501513,CUST11629,2025-07-12 00:00:00,25,MALE,Mumbai,New,0,Mobile,Referral,9.4,14,1,Electronics,Power Bank,27844,Yes,26850,No,0,No,No,0,upi,Express,,
SES503212,CUST12166,2025-08-30 00:00:00,29,MALE,Chennai,New,0,Desktop,Referral,10.4,4,4,Home & Kitchen,Coffee Maker,9895,Yes,18157,No,0,No,Yes,17047,UPI,Standard,4.2,4.4
SES504083,CUST11084,2025-02-21 00:00:00,26,FEMALE,Mumbai,New,0,Mobile,Direct,8,4,4,Fashion,T-Shirt,6820,Yes,15982,No,0,No,Yes,14296,Credit Card,Express,3.8,5
SES505185,CUST11303,2025-11-28 00:00:00,18,FEMALE,Bangalore,New,1,Desktop,Direct,11.8,7,4,Books,Academic Book,1005,Yes,1968,Yes,15,No,No,0,Net Banking,Same Day,,
SES501057,CUST11665,2025-12-21 00:00:00,18,MALE,Delhi,Returning,6,Mobile,Direct,9.4,6,4,Fashion,Jacket,4836,No,0,Yes,5,No,No,0,Cash on Delivery,Standard,,
SES502671,CUST11709,2026-02-21 00:00:00,36,FEMALE,Pune,New,0,Mobile,Email,7,6,1,Fashion,Sneakers,1163,No,0,Yes,15,Yes,No,0,cash on delivery,Standard,,
SES500888,CUST10939,2025-12-04 00:00:00,28,MALE,Kolkata,New,0,Mobile,Email,26.8,5,1,Fashion,T-Shirt,601,Yes,675,No,0,No,No,0,Credit Card,Express,,
SES502645,CUST10300,2025-04-13 00:00:00,36,MALE,Ahmedabad,New,0,Mobile,Email,20.5,5,5,Electronics,Power Bank,25843,Yes,27518,No,0,No,Yes,51068,Debit Card,Standard,2.8,2.8
SES501093,CUST11818,2025-08-12 00:00:00,18,FEMALE,Ahmedabad,Returning,15,Mobile,YouTube,6.2,4,1,Electronics,Wireless Earbuds,30722,No,0,No,0,No,No,0,Credit Card,Express,,
SES505992,CUST10149,2025-07-25 00:00:00,22,MALE,Mumbai,New,0,Mobile,Google,7.4,5,2,Fashion,Jacket,6796,No,0,Yes,15,No,No,0,Debit Card,Standard,,
SES504149,CUST10171,2025-01-06 00:00:00,40,FEMALE,Mumbai,New,0,Tablet,Facebook,9.7,9,4,Fashion,T-Shirt,3909,Yes,6936,Yes,5,Yes,Yes,5227,UPI,Express,4.9,3.9
SES500569,CUST11169,2025-09-03 00:00:00,34,MALE,Mumbai,Returning,7,Mobile,Google,7.1,4,3,Electronics,Wireless Earbuds,11969,Yes,21623,No,0,No,Yes,25499,Debit Card,Standard,3.2,3.1
SES500517,CUST10358,2026-05-29 00:00:00,32,FEMALE,Delhi,New,0,Mobile,YouTube,19,6,5,Beauty,Face Wash,4361,Yes,4082,No,0,No,Yes,6341,UPI,Standard,3.6,4.5
SES503668,CUST11679,2025-03-18 00:00:00,40,FEMALE,Mumbai,Returning,5,Desktop,Direct,2.6,6,2,Fashion,Jacket,4710,No,0,No,0,No,No,0,Credit Card,Express,,
SES505922,CUST11851,2025-12-30 00:00:00,32,MALE,Pune,Returning,9,Desktop,Google,1.6,8,2,Books,Fiction Book,222,Yes,509,Yes,5,No,No,0,UPI,Standard,,
SES504793,CUST11768,2025-03-04 00:00:00,27,MALE,Pune,New,0,Desktop,Referral,8.8,3,4,Home & Kitchen,Table Lamp,11466,Yes,11785,Yes,30,Yes,No,0,UPI,Standard,,
SES500140,CUST11999,2026-01-24 00:00:00,37,MALE,Pune,New,0,Mobile,Google,8.7,7,4,Fashion,Sneakers,4409,No,0,Yes,15,No,No,0,UPI,Standard,,
SES505864,CUST11391,2025-09-07 00:00:00,36,MALE,Mumbai,New,0,Mobile,Email,7.8,9,2,Sports,Yoga Mat,11058,Yes,9581,Yes,15,Yes,No,0,Cash on Delivery,Standard,,
SES504837,CUST11965,2025-11-20 00:00:00,48,MALE,Chennai,New,0,Desktop,Instagram,12.2,3,6,Fashion,Sneakers,4226,Yes,4147,Yes,10,Yes,Yes,4733,UPI,Standard,3.6,3.3
SES502313,CUST11242,2025-12-15 00:00:00,18,MALE,Ahmedabad,New,0,Mobile,Google,3.6,8,4,Fashion,Jeans,3909,No,0,No,0,No,No,0,Debit Card,Standard,,
SES504334,CUST10887,2026-02-18 00:00:00,18,FEMALE,Mumbai,Returning,9,Mobile,Instagram,27.1,6,8,Fashion,Kurta,6791,Yes,15242,No,0,No,Yes,8327,UPI,Standard,3.6,3.9
SES501150,CUST12034,2026-06-25 00:00:00,18,FEMALE,Delhi,New,0,Mobile,Referral,17.1,13,5,Fashion,Kurta,6363,Yes,9773,No,0,No,Yes,11758,Wallet,Express,2.3,2.9
SES504220,CUST11355,2025-10-20 00:00:00,28,MALE,Chennai,Returning,3,Mobile,Google,5,5,5,Sports,Yoga Mat,3504,No,0,Yes,10,No,No,0,Net Banking,Standard,,
SES504884,CUST10381,2026-04-23 00:00:00,26,FEMALE,Lucknow,Returning,7,Desktop,Instagram,10.4,4,2,Sports,Yoga Mat,1955,Yes,4428,Yes,25,No,Yes,2772,Net Banking,Express,3.9,3.1
SES503338,CUST11362,2025-07-01 00:00:00,18,FEMALE,Mumbai,New,0,Mobile,Facebook,26.5,4,2,Beauty,Moisturizer,4689,Yes,6442,No,0,No,No,0,UPI,Express,,
SES504838,CUST11099,2025-07-09 00:00:00,27,MALE,Mumbai,Returning,9,Desktop,Google,13.5,7,2,Fashion,Jeans,6899,Yes,15685,No,0,No,No,0,Wallet,Express,,
SES500464,CUST10511,2025-04-14 00:00:00,33,MALE,Jaipur,Returning,12,Mobile,Instagram,4.7,9,3,Electronics,Headphones,24193,Yes,32680,No,0,No,Yes,25758,Net Banking,Express,5,2.9
SES505164,CUST11728,2025-12-11 00:00:00,21,MALE,Delhi,Returning,7,Mobile,Google,9.5,5,3,Fashion,Sneakers,3084,No,0,Yes,15,No,No,0,UPI,Standard,,
SES503134,CUST11135,2026-04-11 00:00:00,18,FEMALE,Bangalore,Returning,15,Tablet,Google,7.4,4,5,Electronics,Headphones,6096,No,0,No,0,No,No,0,UPI,Express,,
SES505011,CUST11711,2026-01-29 00:00:00,32,MALE,Mumbai,New,0,Desktop,Google,10.3,7,3,Electronics,Bluetooth Speaker,2178,Yes,2585,Yes,20,Yes,Yes,3748,Credit Card,Standard,5,4.1
SES500595,CUST10624,2025-05-06 00:00:00,37,MALE,Bangalore,Returning,13,Mobile,YouTube,6.8,3,4,Electronics,Power Bank,18399,Yes,21815,Yes,15,Yes,No,0,Credit Card,Express,,
SES503117,CUST11435,2025-07-04 00:00:00,,FEMALE,Chennai,New,0,Mobile,Google,21.8,10,3,Fashion,Kurta,4962,No,0,No,0,No,No,0,Debit Card,Standard,,
SES501808,CUST11812,2025-08-12 00:00:00,30,FEMALE,Delhi,New,0,Mobile,Google,5.3,7,3,Electronics,Bluetooth Speaker,2293,No,0,No,0,No,No,0,Debit Card,Express,,
SES505208,CUST11204,2026-01-21 00:00:00,43,FEMALE,Mumbai,New,0,Mobile,Direct,11.6,4,2,Fashion,Kurta,4493,No,0,No,0,No,No,0,Debit Card,Standard,,
SES500451,CUST11677,2026-06-01 00:00:00,28,MALE,Mumbai,New,0,Mobile,Instagram,16,6,4,Home & Kitchen,Storage Box,13240,No,0,No,0,No,No,0,Credit Card,Express,,
SES503972,CUST10434,2026-04-12 00:00:00,54,FEMALE,Mumbai,New,0,Mobile,Facebook,7.1,8,3,Home & Kitchen,Cookware Set,7224,Yes,11480,Yes,15,No,No,0,Net Banking,Express,,
SES505136,CUST12174,2025-12-19 00:00:00,24,MALE,Bangalore,New,0,Tablet,Referral,5.4,8,2,Electronics,Power Bank,4142,No,0,No,0,No,No,0,UPI,Express,,
SES504232,CUST10431,2025-11-03 00:00:00,23,MALE,Delhi,Returning,14,Mobile,Referral,5.4,9,7,Books,Fiction Book,2048,Yes,3327,No,0,No,No,0,Debit Card,Standard,,
SES500519,CUST10373,2026-03-02 00:00:00,31,MALE,Chennai,Returning,14,Desktop,Google,20,8,7,Fashion,Jeans,4687,No,0,No,0,No,No,0,Debit Card,Standard,,
SES504609,CUST11090,2025-04-25 00:00:00,49,FEMALE,Delhi,New,0,Desktop,Instagram,12,7,5,Fashion,Kurta,4029,Yes,7220,No,0,No,No,0,UPI,Standard,,
SES500313,CUST10005,2025-12-25 00:00:00,31,FEMALE,Chennai,New,0,Desktop,Direct,13.1,8,5,Fashion,T-Shirt,1560,Yes,2570,No,0,No,Yes,1625,Debit Card,Standard,3.5,2.7
SES504629,CUST10862,2026-06-13 00:00:00,27,FEMALE,Mumbai,New,0,Desktop,Facebook,7.2,7,5,Beauty,Face Wash,3111,Yes,4153,No,0,No,Yes,6641,UPI,Express,3.5,4.9
SES504596,CUST11307,2025-03-28 00:00:00,35,FEMALE,Pune,Returning,3,Desktop,Google,4.1,6,6,Sports,Dumbbells,5855,No,0,No,0,No,No,0,Credit Card,Express,,
SES502681,CUST10883,2026-04-29 00:00:00,25,MALE,Kolkata,Returning,12,Mobile,Referral,14.6,4,5,Electronics,Bluetooth Speaker,3203,Yes,5437,No,0,No,No,0,Wallet,Express,,
SES504661,CUST12182,2025-05-05 00:00:00,33,FEMALE,Pune,New,1,Mobile,Google,11.1,5,1,Home & Kitchen,Storage Box,6910,No,0,Yes,20,No,No,0,Credit Card,Standard,,
SES501175,CUST11390,2026-01-12 00:00:00,20,MALE,Pune,New,0,Mobile,Referral,10.4,7,5,Fashion,T-Shirt,2416,Yes,3277,Yes,10,Yes,Yes,2088,UPI,Standard,4,3.5
SES503154,CUST11165,2025-08-25 00:00:00,21,MALE,Mumbai,Returning,9,Mobile,Referral,8,8,9,Beauty,Moisturizer,2794,No,0,No,0,No,No,0,Cash on Delivery,Standard,,
SES500452,CUST11192,2026-02-13 00:00:00,22,FEMALE,Hyderabad,Returning,3,Mobile,Direct,4.9,8,3,Home & Kitchen,Bedsheet,7002,No,0,No,0,No,No,0,UPI,Standard,,
SES505063,CUST11506,2026-02-26 00:00:00,18,MALE,Jaipur,New,0,Mobile,YouTube,4.5,6,3,Electronics,Wireless Earbuds,1405,No,0,Yes,10,Yes,Yes,2024,Net Banking,Standard,3.2,3.3
SES503019,CUST10872,2025-11-06 00:00:00,35,FEMALE,Ahmedabad,Returning,5,Desktop,Instagram,8.8,5,4,Electronics,Wireless Earbuds,18438,No,0,Yes,10,No,No,0,Debit Card,Standard,,
SES501113,CUST10183,2026-01-05 00:00:00,18,MALE,Delhi,Returning,3,Mobile,Google,10.3,10,4,Fashion,Jacket,5225,Yes,6695,No,0,No,Yes,6742,Net Banking,Standard,4,4
SES501579,CUST10987,2025-07-01 00:00:00,35,FEMALE,Chennai,New,0,Desktop,Google,9.5,5,9,Fashion,T-Shirt,2054,No,0,Yes,5,Yes,No,0,UPI,Standard,,
SES500891,CUST10763,2025-02-06 00:00:00,55,MALE,Mumbai,Returning,7,Mobile,Google,4.9,7,6,Books,Business Book,2173,No,0,Yes,25,Yes,No,0,UPI,Express,,
SES501616,CUST11964,2025-04-06 00:00:00,25,FEMALE,Mumbai,Returning,9,Desktop,YouTube,5.4,4,4,Fashion,Sneakers,3804,Yes,9498,No,0,No,No,0,UPI,Standard,,
SES504372,CUST11577,2026-01-24 00:00:00,27,MALE,Mumbai,New,0,Mobile,Instagram,5.6,6,4,Electronics,Bluetooth Speaker,16108,No,0,No,0,No,No,0,Cash on Delivery,Express,,
SES503208,CUST10140,2025-04-06 00:00:00,18,MALE,Mumbai,New,0,Mobile,Google,10.5,5,4,Sports,Football,5169,Yes,7629,Yes,5,Yes,Yes,5992,Credit Card,Standard,4.1,4
SES503476,CUST11127,2026-06-28 00:00:00,40,FEMALE,Mumbai,Returning,7,Mobile,Direct,9.8,7,4,Books,Business Book,1211,Yes,1936,No,0,No,Yes,2263,cash on delivery,Express,4.7,3.7
SES505874,CUST11849,2025-11-10 00:00:00,23,MALE,Lucknow,New,0,Desktop,Referral,1.8,6,4,Fashion,T-Shirt,4064,Yes,6867,Yes,15,Yes,No,0,Debit Card,Express,,
SES503657,CUST11591,2026-06-10 00:00:00,39,MALE,Delhi,New,0,Desktop,Google,5,5,5,Beauty,Shampoo,394,Yes,982,Yes,25,Yes,Yes,351,UPI,Express,3.7,3.3
SES501264,CUST11257,2025-09-23 00:00:00,18,MALE,Ahmedabad,Returning,6,Desktop,Facebook,7.8,3,6,Home & Kitchen,Bedsheet,11928,Yes,21847,No,0,No,Yes,15266,UPI,Standard,3.3,3.7
SES505647,CUST10231,2025-03-17 00:00:00,42,MALE,Mumbai,New,0,Mobile,Google,15.7,8,6,Home & Kitchen,Bedsheet,7629,No,0,Yes,25,Yes,No,0,Wallet,Express,,
SES501000,CUST11302,2026-04-28 00:00:00,38,FEMALE,Bangalore,Returning,13,Mobile,Google,6.8,10,2,Electronics,Bluetooth Speaker,16449,Yes,37652,No,0,No,Yes,25155,Credit Card,Same Day,4.8,3.8
SES503803,CUST10979,2026-01-02 00:00:00,37,MALE,Mumbai,Returning,4,Desktop,Google,6.9,11,2,Books,Self Help Book,1248,No,0,No,0,No,No,0,Debit Card,Standard,,
SES501360,CUST10072,2025-02-04 00:00:00,18,MALE,Ahmedabad,New,0,Desktop,Google,8.6,7,3,Home & Kitchen,Cookware Set,1978,Yes,2546,No,0,No,Yes,2676,UPI,Standard,4.4,4
SES502856,CUST11037,2026-06-03 00:00:00,28,FEMALE,Lucknow,Returning,3,Desktop,Direct,11.3,6,2,Beauty,Moisturizer,1975,Yes,3206,Yes,5,No,Yes,3653,UPI,Standard,2.9,3.3
SES501477,CUST11270,2025-05-09 00:00:00,36,MALE,Delhi,Returning,7,Desktop,Google,16.5,7,2,Beauty,Perfume,2305,No,0,No,0,No,No,0,UPI,Express,,
SES500193,CUST10263,2026-06-19 00:00:00,19,MALE,Jaipur,Returning,2,Desktop,Google,3,7,3,Electronics,Power Bank,14974,No,0,Yes,20,Unknown,No,0,UPI,Standard,,
SES502800,CUST11885,2026-04-03 00:00:00,29,MALE,Kolkata,New,0,Mobile,Referral,12.3,9,2,Fashion,Jeans,6537,Yes,12954,No,0,No,Yes,5698,UPI,Standard,4.2,4.7
SES504718,CUST12060,2025-10-21 00:00:00,30,FEMALE,Mumbai,Returning,8,Mobile,Instagram,7.4,6,3,Books,Self Help Book,1908,No,0,No,0,No,No,0,UPI,Standard,,
SES505429,CUST10242,2026-06-09 00:00:00,18,FEMALE,Bangalore,New,0,Mobile,Facebook,3.5,3,5,Fashion,Sneakers,6222,No,0,No,0,No,Yes,5805,Cash on Delivery,Standard,2.3,5
SES505027,CUST10387,2025-07-06 00:00:00,44,MALE,Delhi,Returning,4,Mobile,Referral,9.3,5,5,Beauty,Lipstick,2457,No,0,Yes,15,Yes,No,0,UPI,Standard,,
SES505083,CUST12107,2025-04-14 00:00:00,28,MALE,Bangalore,Returning,8,Mobile,Google,6.8,4,4,Sports,Running Shoes,1381,Yes,1982,Yes,5,Yes,Yes,1100,Credit Card,Standard,3.2,4.3
SES503478,CUST10193,2026-03-20 00:00:00,30,MALE,Mumbai,New,0,Desktop,Email,2.1,11,5,Beauty,Shampoo,1591,No,0,No,0,No,No,0,Cash on Delivery,Standard,,
SES503661,CUST11449,2025-10-17 00:00:00,29,MALE,Hyderabad,Returning,10,Desktop,Google,12.5,9,3,Home & Kitchen,Table Lamp,10003,No,0,Yes,15,Yes,No,0,UPI,Standard,,
SES505594,CUST10251,2025-04-24 00:00:00,18,MALE,Ahmedabad,New,0,Desktop,Facebook,12.9,4,2,Fashion,T-Shirt,3608,No,0,Yes,15,No,No,0,UPI,Express,,
SES505276,CUST11972,2025-07-09 00:00:00,43,MALE,Mumbai,Returning,14,Desktop,Google,20.9,12,3,Electronics,Bluetooth Speaker,24384,Yes,39953,Yes,15,Yes,Yes,28348,Debit Card,Standard,4.5,3.4
SES501294,CUST10285,2025-02-28 00:00:00,22,FEMALE,Bangalore,Returning,12,Mobile,YouTube,5.2,6,2,Books,Business Book,1744,No,0,No,0,No,No,0,UPI,Express,,
SES505314,CUST11460,2025-10-30 00:00:00,18,UNKNOWN,Chennai,New,1,Desktop,Direct,22.4,11,3,Electronics,Wireless Earbuds,4069,Yes,6907,No,0,No,No,0,Debit Card,Standard,,
SES505042,CUST10079,2025-06-28 00:00:00,26,FEMALE,Lucknow,New,0,Mobile,Google,4.8,6,5,Electronics,Smart Watch,11235,No,0,Yes,20,Yes,No,0,Cash on Delivery,Standard,,
SES501908,CUST11949,2025-07-15 00:00:00,38,FEMALE,Jaipur,Returning,15,Mobile,Instagram,11.3,9,4,Fashion,T-Shirt,3020,No,0,Yes,15,Yes,No,0,Wallet,Express,,
SES503800,CUST12033,2025-03-25 00:00:00,35,MALE,Mumbai,New,0,Mobile,Google,8.8,9,3,Books,Biography,2333,No,0,No,0,No,No,0,Credit Card,Standard,,
SES504177,CUST10779,2025-06-29 00:00:00,21,FEMALE,Bangalore,Returning,5,Mobile,Google,8,6,3,Home & Kitchen,Table Lamp,6596,No,0,Yes,20,Yes,No,0,upi,Standard,,
SES500369,CUST11786,2025-04-07 00:00:00,18,FEMALE,Lucknow,Returning,2,Mobile,Google,21.3,8,2,Fashion,Kurta,6504,Yes,10873,No,0,No,Yes,13459,UPI,Express,3.3,4.4
SES501938,CUST11675,2025-03-11 00:00:00,43,MALE,Jaipur,Returning,14,Desktop,Facebook,16,9,5,Electronics,Bluetooth Speaker,21391,Yes,27099,Yes,10,No,Yes,38305,UPI,Standard,4.9,4
SES501152,CUST11982,2026-03-12 00:00:00,18,FEMALE,Jaipur,New,0,Mobile,Direct,21.2,7,6,Beauty,Perfume,4451,Yes,6031,Yes,15,Yes,No,0,Credit Card,Express,,
SES503723,CUST11547,2025-03-15 00:00:00,39,FEMALE,Delhi,New,0,Desktop,Facebook,8,7,3,Sports,Yoga Mat,8696,Yes,8095,No,0,No,No,0,Debit Card,Standard,,
SES505930,CUST10565,2026-05-05 00:00:00,28,MALE,Jaipur,New,1,Mobile,Referral,3.2,7,5,Electronics,Smart Watch,21447,Yes,33418,No,0,No,No,0,credit card,Standard,,
SES505938,CUST10182,2026-01-11 00:00:00,38,MALE,Kolkata,New,0,Mobile,Google,3.8,8,2,Home & Kitchen,Cookware Set,3722,Yes,8783,No,0,No,No,0,Cash on Delivery,Standard,,
SES500192,CUST11635,2025-01-17 00:00:00,39,FEMALE,Mumbai,New,0,Desktop,Email,12.8,5,8,Books,Fiction Book,2135,Yes,2936,No,0,No,Yes,2374,Credit Card,Standard,4.5,5
SES500175,CUST11795,2025-05-30 00:00:00,32,MALE,Bangalore,Returning,5,Mobile,Email,25.6,8,2,Beauty,Lipstick,3783,Yes,6979,No,0,No,Yes,4343,UPI,Standard,3.6,4.8
SES505877,CUST11144,2025-09-22 00:00:00,37,FEMALE,Hyderabad,New,1,Mobile,Facebook,5.3,11,2,Books,Biography,686,No,0,Yes,5,Yes,No,0,UPI,Express,,
SES503397,CUST11689,2025-06-18 00:00:00,22,FEMALE,Jaipur,Returning,15,Mobile,Facebook,15.3,8,3,Home & Kitchen,Storage Box,14619,No,0,No,0,No,No,0,UPI,Standard,,
SES504956,CUST11715,2025-09-30 00:00:00,18,MALE,Mumbai,Returning,9,Desktop,Referral,6.2,7,6,Electronics,Power Bank,11102,No,0,Yes,5,No,No,0,Wallet,Express,,
SES505239,CUST10429,2026-06-10 00:00:00,38,MALE,Bangalore,Returning,4,Desktop,Email,7.5,5,2,Books,Biography,2214,Yes,4652,No,0,No,Yes,4343,Cash on Delivery,Standard,4.3,3.8
SES505247,CUST12044,2025-12-13 00:00:00,18,FEMALE,Delhi,New,0,Mobile,Instagram,14,7,2,Electronics,Smart Watch,1742,No,0,No,0,No,No,0,Net Banking,Express,,
SES505875,CUST10493,2025-07-22 00:00:00,35,MALE,Hyderabad,New,0,Mobile,Referral,5.3,6,8,Fashion,Jeans,2246,No,0,No,0,No,No,0,Debit Card,Express,,
SES502858,CUST11124,2025-11-08 00:00:00,33,MALE,Kolkata,Returning,4,Mobile,YouTube,4,6,4,Fashion,T-Shirt,3178,Yes,6350,Yes,20,Yes,Yes,3158,Credit Card,Express,4.4,4.2
SES502580,CUST11944,2025-10-23 00:00:00,33,FEMALE,Ahmedabad,Returning,5,Tablet,Email,17.5,5,4,Sports,Dumbbells,9180,No,0,Yes,15,Yes,No,0,Credit Card,Standard,,
SES501165,CUST11464,2026-02-06 00:00:00,18,FEMALE,Bangalore,New,0,Tablet,Facebook,10.8,5,5,Electronics,Wireless Earbuds,10246,Yes,17436,Yes,15,Yes,Yes,16205,Credit Card,Standard,2.3,3.1
SES504463,CUST12102,2025-05-21 00:00:00,41,FEMALE,Pune,Returning,14,Desktop,Email,4,7,4,Home & Kitchen,Storage Box,7650,No,0,No,0,No,No,0,Credit Card,Express,,
SES505467,CUST10882,2026-02-13 00:00:00,18,FEMALE,Mumbai,Returning,11,Mobile,YouTube,5.6,5,2,Beauty,Lipstick,1414,Yes,2607,No,0,No,Yes,2994,UPI,Standard,5,3.5
SES501662,CUST10350,2025-01-24 00:00:00,18,MALE,Jaipur,New,0,Mobile,Google,13.3,8,2,Home & Kitchen,Cookware Set,10920,Yes,13464,Yes,5,Yes,No,0,UPI,Standard,,
SES500509,CUST11257,2025-07-25 00:00:00,27,MALE,Delhi,Returning,6,Mobile,Instagram,23.3,8,6,Sports,Dumbbells,10248,Yes,18583,No,0,No,No,0,Cash on Delivery,Standard,,
SES500167,CUST10767,2025-06-30 00:00:00,40,FEMALE,Mumbai,New,0,Mobile,Instagram,8.8,4,5,Sports,Running Shoes,2171,Yes,1977,Yes,5,No,No,0,Net Banking,Standard,,
SES504018,CUST10311,2026-03-10 00:00:00,33,FEMALE,Hyderabad,New,1,Mobile,Google,5,7,4,Electronics,Headphones,2215,Yes,3982,Yes,15,Yes,Yes,4244,Credit Card,Standard,3.5,3.9
SES505402,CUST10740,2025-02-20 00:00:00,31,FEMALE,Delhi,New,0,Desktop,Direct,4.9,10,8,Home & Kitchen,Storage Box,13125,Yes,16172,Yes,10,Yes,Yes,16518,UPI,Standard,3.5,4.5
SES504640,CUST10271,2025-04-22 00:00:00,21,MALE,Hyderabad,Returning,7,Desktop,YouTube,9.2,10,3,Beauty,Perfume,414,Yes,483,Yes,10,Yes,Yes,710,Cash on Delivery,Standard,4,3.3
SES504005,CUST10872,2026-06-09 00:00:00,33,FEMALE,Chennai,New,0,Desktop,Google,9.6,8,4,Electronics,Wireless Earbuds,12462,No,0,Yes,15,Yes,No,0,Debit Card,Standard,,
SES500104,CUST10564,2025-02-10 00:00:00,37,MALE,Delhi,Returning,15,Mobile,Direct,4.5,7,3,Fashion,T-Shirt,1345,No,0,Yes,10,Yes,No,0,UPI,Express,,
SES502441,CUST11847,2025-05-18 00:00:00,32,MALE,Pune,New,0,Tablet,Direct,9.5,11,6,Beauty,Lipstick,3536,Yes,4656,No,0,No,No,0,UPI,Standard,,
SES505769,CUST10989,2025-09-18 00:00:00,20,MALE,Ahmedabad,New,0,Mobile,Google,9.3,8,4,Fashion,Jeans,5379,No,0,Yes,5,No,No,0,UPI,Express,,
SES502747,CUST10910,2025-11-28 00:00:00,25,MALE,Mumbai,New,0,Desktop,Instagram,11.9,6,4,Fashion,Jacket,2643,No,0,Yes,10,Yes,No,0,UPI,Standard,,
SES501753,CUST10633,2026-06-06 00:00:00,32,FEMALE,Bangalore,New,0,Desktop,Google,15.1,7,3,Beauty,Shampoo,3243,Yes,6155,Yes,20,No,No,0,Cash on Delivery,Standard,,
SES505385,CUST10871,2025-12-22 00:00:00,18,MALE,Bangalore,New,0,Desktop,Direct,5.8,5,6,Home & Kitchen,Table Lamp,5868,Yes,9844,No,0,No,No,0,Net Banking,Standard,,
SES502743,CUST10414,2026-04-10 00:00:00,34,FEMALE,Delhi,Returning,3,Desktop,Instagram,8.7,6,7,Home & Kitchen,Coffee Maker,8717,Yes,9821,Yes,15,Yes,No,0,UPI,Standard,,
SES501659,CUST11682,2025-08-19 00:00:00,31,FEMALE,Mumbai,New,0,Mobile,Instagram,7.9,6,2,Beauty,Perfume,3895,No,0,Yes,20,No,No,0,UPI,Standard,,
SES500153,CUST11590,2025-05-09 00:00:00,24,MALE,Ahmedabad,New,0,Mobile,Referral,18.9,5,5,Home & Kitchen,Cookware Set,11782,Yes,24578,No,0,No,Yes,11331,Debit Card,Standard,3.6,4
SES502620,CUST10124,2026-03-29 00:00:00,28,MALE,Delhi,New,0,Mobile,Instagram,11.7,7,7,Electronics,Power Bank,5004,Yes,4352,No,0,No,Yes,9374,Debit Card,Express,3.9,3.8
SES501584,CUST11311,2026-02-20 00:00:00,28,FEMALE,Delhi,Returning,9,Mobile,Google,13.9,5,4,Fashion,T-Shirt,6064,Yes,12710,Yes,20,Yes,Yes,9593,UPI,Standard,4.7,3.9
SES502305,CUST11900,2026-01-28 00:00:00,41,MALE,Kolkata,New,0,Desktop,Instagram,7.6,8,5,Home & Kitchen,Cookware Set,6676,No,0,No,0,No,No,0,Credit Card,Standard,,
SES503104,CUST11715,2025-08-27 00:00:00,40,MALE,Ahmedabad,Returning,5,Mobile,Instagram,6.9,7,5,Sports,Football,6935,No,0,Yes,5,Yes,Yes,7050,Credit Card,Standard,3.8,4.6
SES504428,CUST11580,2025-11-21 00:00:00,32,FEMALE,Delhi,Returning,6,Desktop,Facebook,4,8,2,Fashion,Jeans,2300,No,0,Yes,10,Yes,No,0,Credit Card,Same Day,,
SES503741,CUST10110,2025-07-19 00:00:00,27,MALE,Kolkata,Returning,15,Mobile,Google,11.6,4,2,Fashion,Jacket,3787,No,0,Yes,10,Yes,No,0,Wallet,Express,,
SES504817,CUST11159,2025-05-05 00:00:00,30,FEMALE,Jaipur,New,1,Desktop,Direct,9.1,6,7,Fashion,Sneakers,5834,Yes,4772,Yes,15,Yes,Yes,7331,Wallet,Standard,4.4,3.8
SES504621,CUST11736,2025-01-20 00:00:00,23,FEMALE,Ahmedabad,New,0,Mobile,Google,9.2,6,4,Electronics,Headphones,22028,Yes,21813,No,0,No,Yes,26292,Debit Card,Standard,3.7,3
SES501823,CUST11677,2025-11-24 00:00:00,30,MALE,Chennai,Returning,4,Mobile,YouTube,18.3,6,2,Beauty,Moisturizer,3608,Yes,7071,Yes,15,No,Yes,7809,Credit Card,Standard,1.8,5
SES504653,CUST10891,2025-08-02 00:00:00,33,MALE,Mumbai,New,1,Desktop,Instagram,7.6,3,6,Fashion,Kurta,5447,No,0,Yes,25,Yes,No,0,UPI,Same Day,,
SES503163,CUST10175,2026-03-05 00:00:00,40,MALE,Bangalore,New,0,Mobile,Direct,10.7,6,2,Beauty,Face Wash,2942,Yes,3357,No,0,No,Yes,6172,UPI,Express,5,3.6
SES500310,CUST10838,2025-08-30 00:00:00,32,MALE,Bangalore,Returning,12,Mobile,YouTube,17.2,4,2,Beauty,Lipstick,2177,Yes,3316,No,0,No,Yes,4322,Cash on Delivery,Same Day,4.1,4.7
SES503514,CUST11770,2025-12-06 00:00:00,31,FEMALE,Chennai,Returning,4,Mobile,Email,6,6,4,Home & Kitchen,Bedsheet,14689,Yes,13104,No,0,No,Yes,14838,Credit Card,Same Day,3.1,3.3
SES502464,CUST10867,2025-01-15 00:00:00,27,FEMALE,Delhi,New,0,Mobile,Google,3,3,6,Fashion,Sneakers,4734,No,0,No,0,No,Yes,7587,Credit Card,Standard,4,4.3
SES502604,CUST10443,2025-11-05 00:00:00,34,FEMALE,Mumbai,Returning,4,Desktop,Google,5.8,5,5,Electronics,Headphones,5218,Yes,9351,Yes,10,No,No,0,Credit Card,Standard,,
SES500496,CUST12106,2026-02-12 00:00:00,22,FEMALE,Ahmedabad,New,0,Mobile,Direct,4.4,5,2,Fashion,T-Shirt,4251,No,0,Yes,10,No,No,0,UPI,Standard,,
SES500206,CUST10404,2025-01-15 00:00:00,50,FEMALE,Mumbai,New,0,Desktop,Referral,6.6,6,2,Home & Kitchen,Coffee Maker,13445,Yes,31785,Yes,20,Yes,Yes,21569,UPI,Standard,4.5,5
SES501435,CUST11267,2026-06-18 00:00:00,32,MALE,Mumbai,New,0,Mobile,Direct,6.5,4,5,Electronics,Power Bank,32911,No,0,Yes,20,No,No,0,Wallet,Standard,,
SES501136,CUST10318,2025-03-20 00:00:00,57,MALE,Delhi,New,0,Tablet,Google,8.8,4,3,Beauty,Lipstick,2091,Yes,4626,Yes,15,No,Yes,4426,Debit Card,Standard,3.6,5
SES500869,CUST11793,2025-12-09 00:00:00,21,MALE,Pune,Returning,15,Mobile,Direct,1.8,12,3,Fashion,Jacket,1009,No,0,No,0,No,No,0,UPI,Standard,,
SES500306,CUST11149,2025-01-23 00:00:00,34,MALE,Pune,New,0,Desktop,Google,5.8,4,4,Fashion,Kurta,6378,No,0,No,0,No,No,0,Credit Card,Standard,,
SES501850,CUST11123,2025-01-04 00:00:00,30,MALE,Delhi,Returning,2,Mobile,Facebook,10.1,5,4,Electronics,Smart Watch,5779,No,0,Yes,5,No,Yes,8819,Credit Card,Standard,4.7,5
SES502264,CUST10468,2025-04-28 00:00:00,19,FEMALE,Ahmedabad,Returning,6,Mobile,Direct,8.6,5,5,Books,Self Help Book,1734,Yes,2484,No,0,No,Yes,2304,Cash on Delivery,Express,4.5,3.9
SES501989,CUST10039,2025-07-21 00:00:00,31,MALE,Delhi,New,0,Mobile,Direct,7.5,5,4,Beauty,Moisturizer,3111,Yes,4196,Yes,20,Yes,Yes,3115, UPI ,Standard,4.8,4.5
SES502781,CUST11588,2025-12-30 00:00:00,48,MALE,Bangalore,Returning,8,Mobile,Google,5.1,10,3,Beauty,Moisturizer,4158,Yes,4976,No,0,No,Yes,8747,UPI,Same Day,5,4.7
SES501535,CUST10969,2026-02-24 00:00:00,44,FEMALE,Mumbai,Returning,12,Mobile,Email,8.9,8,9,Beauty,Moisturizer,3185,Yes,5330,No,0,No,Yes,6327,Credit Card,Standard,4.6,3.8
SES500844,CUST11956,2026-04-07 00:00:00,26,FEMALE,Pune,Returning,8,Mobile,Direct,13.3,5,7,Fashion,T-Shirt,3512,No,0,No,0,No,No,0,UPI,Standard,,
SES501988,CUST11246,2026-04-22 00:00:00,27,FEMALE,Delhi,New,0,Mobile,Google,20.4,6,7,Sports,Dumbbells,5608,Yes,9899,Yes,10,No,No,0,Debit Card,Express,,
SES503008,CUST11630,2025-06-10 00:00:00,29,MALE,Delhi,New,0,Mobile,Direct,12.4,8,5,Fashion,Sneakers,3096,No,0,Yes,10,Yes,No,0,Cash on Delivery,Express,,
SES503965,CUST11219,2026-04-23 00:00:00,20,MALE,Mumbai,New,0,Mobile,Instagram,18.9,9,5,Fashion,Kurta,2004,Yes,3564,Yes,15,No,No,0,UPI,Express,,
SES505937,CUST10349,2025-11-10 00:00:00,18,UNKNOWN,Chennai,Returning,4,Mobile,Facebook,9.2,4,4,Home & Kitchen,Table Lamp,2609,Yes,2335,No,0,No,Yes,3274,Debit Card,Standard,3.6,4.5
SES505891,CUST11090,2026-04-13 00:00:00,40,MALE,Lucknow,Returning,15,Desktop,Direct,7.1,6,7,Beauty,Moisturizer,476,Yes,1127,Yes,10,No,Yes,1005,Cash on Delivery,Same Day,2.9,4.6
SES501539,CUST12167,2025-08-22 00:00:00,18,MALE,Delhi,New,0,Desktop,Instagram,5.2,8,4,Home & Kitchen,Cookware Set,7975,No,0,No,0,No,No,0,UPI,Express,,
SES500212,CUST11649,2026-01-05 00:00:00,,FEMALE,Bangalore,New,0,Mobile,Direct,8,2,5,Home & Kitchen,Storage Box,4936,Yes,8396,No,0,No,No,0,Credit Card,Standard,,
SES501958,CUST10217,2025-10-18 00:00:00,48,MALE,Chennai,New,0,Mobile,Instagram,3.4,7,2,Sports,Cricket Bat,1550,No,0,No,0,No,No,0,UPI,Express,,
SES504406,CUST10036,2025-10-12 00:00:00,28,FEMALE,Pune,Returning,5,Mobile,Instagram,7.8,4,3,Fashion,Jacket,6057,Yes,12559,Yes,10,No,No,0,Debit Card,Express,,
SES502351,CUST12020,2025-01-18 00:00:00,54,FEMALE,Jaipur,New,0,Desktop,Instagram,14.8,7,5,Fashion,Jacket,1472,No,0,Yes,20,No,No,0,UPI,Standard,,
SES504229,CUST10953,2025-05-18 00:00:00,22,MALE,Bangalore,Returning,8,Desktop,Direct,9.2,6,2,Fashion,Jeans,1039,No,0,Yes,25,Yes,No,0,UPI,Standard,,
SES501350,CUST11764,2025-05-25 00:00:00,39,MALE,Ahmedabad,Returning,14,Desktop,Email,8.5,7,9,Beauty,Lipstick,596,Yes,1131,No,0,No,Yes,1041,UPI,Same Day,4.5,4.4
SES505274,CUST10997,2025-08-01 00:00:00,37,MALE,Delhi,New,0,Mobile,Google,10.8,7,6,Beauty,Perfume,1084,Yes,1698,Yes,5,Yes,No,0,UPI,Standard,,
SES504996,CUST10967,2025-10-12 00:00:00,22,MALE,Pune,Returning,7,Desktop,Email,6.1,8,4,Sports,Running Shoes,1735,Yes,1711,No,0,No,Yes,3478,Cash on Delivery,Standard,4.9,4
SES500681,CUST11775,2025-07-29 00:00:00,38,FEMALE,Delhi,Returning,6,Desktop,Facebook,11.8,10,3,Fashion,Sneakers,671,No,0,No,0,No,No,0,Debit Card,Same Day,,
SES500181,CUST10147,2026-05-13 00:00:00,40,FEMALE,Bangalore,New,1,Tablet,Email,8,7,5,Fashion,Jeans,6587,No,0,No,0,No,No,0,Cash on Delivery,Express,,
SES504796,CUST12113,2025-12-05 00:00:00,23,MALE,Chennai,New,0,Desktop,Instagram,10.8,5,4,Sports,Running Shoes,5089,No,0,Yes,15,Yes,No,0,UPI,Standard,,
SES505188,CUST11068,2025-07-18 00:00:00,28,MALE,Bangalore,New,0,Mobile,Direct,7.5,3,4,Books,Biography,1295,No,0,No,0,No,No,0,Debit Card,Standard,,
SES503329,CUST11338,2025-07-11 00:00:00,29,MALE,Mumbai,New,0,Mobile,Google,3.9,9,2,Electronics,Smart Watch,27316,No,0,No,0,No,No,0,Credit Card,Standard,,
SES500279,CUST11687,2025-06-14 00:00:00,33,MALE,Chennai,Returning,2,Mobile,Facebook,5.1,10,5,Books,Business Book,2175,Yes,5108,No,0,No,Yes,2075,UPI,Standard,4.1,4.9
SES500290,CUST10525,2026-04-24 00:00:00,38,FEMALE,Bangalore,New,0,Tablet,Google,1.7,7,4,Home & Kitchen,Coffee Maker,7429,No,0,No,0,No,No,0,Net Banking,Standard,,
SES504883,CUST11780,2025-09-03 00:00:00,30,MALE,Pune,Returning,14,Mobile,Direct,7.6,3,4,Books,Biography,985,Yes,1264,No,0,No,No,0,Wallet,Standard,,
SES500994,CUST10128,2025-06-13 00:00:00,21,FEMALE,Chennai,Returning,3,Desktop,Google,13.8,2,5,Fashion,Jacket,6587,No,0,No,0,No,No,0,Credit Card,Standard,,
SES502624,CUST10797,2025-03-22 00:00:00,29,MALE,Ahmedabad,New,1,Desktop,Facebook,4.9,13,4,Books,Self Help Book,809,Yes,1688,No,0,No,Yes,1385,Debit Card,Standard,2.9,4.8
SES504905,CUST10067,2026-05-07 00:00:00,34,FEMALE,Delhi,New,0,Mobile,YouTube,5,2,3,Beauty,Face Wash,3465,No,0,No,0,No,No,0,UPI,Standard,,
SES505571,CUST10182,2026-05-10 00:00:00,26,MALE,Lucknow,New,0,Mobile,Instagram,8.1,10,1,Home & Kitchen,Bedsheet,5510,Yes,9867,No,0,No,Yes,6357,UPI,Express,3.4,4.9
SES504832,CUST10058,2025-06-02 00:00:00,41,FEMALE,Delhi,New,0,Mobile,Direct,1.8,7,5,Beauty,Moisturizer,2231,Yes,4804,Yes,20,No,No,0,UPI,Express,,
SES500271,CUST10128,2026-06-25 00:00:00,37,MALE,Mumbai,Returning,8,Desktop,YouTube,6.9,10,3,Fashion,Jacket,2114,Yes,5112,No,0,No,Yes,3946,Credit Card,Standard,4,3.4
SES502178,CUST10672,2025-03-26 00:00:00,28,MALE,Bangalore,New,0,Mobile,YouTube,10.2,7,3,Sports,Running Shoes,6599,Yes,6736,Yes,10,Yes,No,0,UPI,Express,,
SES504921,CUST11639,2025-05-16 00:00:00,38,MALE,Jaipur,Returning,5,Desktop,Facebook,10.6,9,7,Electronics,Headphones,22348,No,0,No,0,No,Yes,44890,Credit Card,Same Day,3.3,4
SES502418,CUST11300,2025-08-23 00:00:00,48,MALE,Lucknow,Returning,14,Mobile,Direct,11.5,9,5,Electronics,Wireless Earbuds,16223,Yes,28160,Yes,15,Yes,Yes,12885,UPI,Express,3.8,3.7
SES504685,CUST11363,2025-05-19 00:00:00,41,FEMALE,Pune,New,0,Mobile,YouTube,11.9,3,4,Electronics,Smart Watch,5892,No,0,Yes,20,No,No,0,Cash on Delivery,Standard,,
SES500112,CUST11184,2026-03-14 00:00:00,23,FEMALE,Bangalore,Returning,9,Tablet,Direct,10.9,7,5,Books,Business Book,849,No,0,No,0,No,No,0,Debit Card,Express,,
SES501392,CUST12164,2025-02-18 00:00:00,31,MALE,Mumbai,Returning,8,Mobile,Google,18.3,4,4,Home & Kitchen,Coffee Maker,2541,Yes,5509,No,0,No,Yes,2433,UPI,Express,4.4,3.2
SES500221,CUST10878,2026-03-01 00:00:00,39,MALE,Delhi,New,0,Mobile,Email,3.2,10,3,Books,Fiction Book,1900,No,0,No,0,No,No,0,Debit Card,Express,,
SES505214,CUST12174,2025-05-31 00:00:00,45,FEMALE,Jaipur,New,0,Mobile,Google,2.6,8,5,Electronics,Power Bank,8401,No,0,Yes,15,Yes,No,0,UPI,Same Day,,
SES500084,CUST11864,2025-12-02 00:00:00,22,MALE,Chennai,New,0,Mobile,Direct,5.3,4,2,Fashion,Jacket,2826,No,0,Yes,5,No,No,0,Net Banking,Standard,,
SES504777,CUST11564,2026-05-25 00:00:00,33,FEMALE,Delhi,New,0,Mobile,Email,10.3,4,3,Fashion,Kurta,795,Yes,1172,No,0,No,No,0,UPI,Express,,
SES500462,CUST10500,2026-06-23 00:00:00,36,FEMALE,Hyderabad,New,0,Desktop,YouTube,17,16,7,Electronics,Smart Watch,21821,Yes,37309,No,0,No,Yes,20351,Debit Card,Express,4.1,4.2
SES505300,CUST10144,2025-03-16 00:00:00,42,MALE,Mumbai,Returning,7,Mobile,Instagram,6,8,4,Books,Self Help Book,1685,Yes,2439,Yes,20,Yes,Yes,2752,UPI,Standard,4.2,3.6
SES500552,CUST10063,2025-04-07 00:00:00,45,MALE,Bangalore,Returning,6,Desktop,Email,5.3,6,4,Beauty,Face Wash,1288,Yes,1720,Yes,15,Yes,No,0,Debit Card,Standard,,
SES505066,CUST11552,2026-03-08 00:00:00,30,MALE,Hyderabad,Returning,9,Mobile,Email,3.7,4,6,Beauty,Perfume,984,No,0,Yes,10,No,Yes,1456,UPI,Express,4.6,4.1
SES503704,CUST10952,2026-05-15 00:00:00,33,MALE,Bangalore,New,0,Mobile,Direct,10.5,8,1,Sports,Yoga Mat,10547,No,0,Yes,25,No,No,0,UPI,Standard,,
SES502799,CUST11265,2026-05-01 00:00:00,36,MALE,Bangalore,Returning,7,Mobile,Facebook,2.9,3,4,Sports,Cricket Bat,5380,No,0,No,0,Unknown,No,0,UPI,Express,,
SES502147,CUST11620,2025-12-31 00:00:00,28,MALE,Kolkata,Returning,7,Mobile,Direct,16.6,10,5,Fashion,Kurta,6487,Yes,7635,Yes,20,Yes,Yes,10083,UPI,Standard,5,5
SES505790,CUST10068,2025-08-24 00:00:00,28,MALE,Bangalore,Returning,8,Mobile,Email,18.8,8,4,Electronics,Wireless Earbuds,15848,No,0,No,0,No,No,0,UPI,Standard,,
SES502639,CUST11440,2026-02-20 00:00:00,39,MALE,Kolkata,New,0,Mobile,Direct,13.4,4,5,Electronics,Bluetooth Speaker,29470,No,0,No,0,No,No,0,UPI,Standard,,
SES500651,CUST11837,2025-11-01 00:00:00,35,MALE,Chennai,Returning,5,Mobile,Google,5.8,2,3,Fashion,Jeans,5297,No,0,Yes,10,Yes,Yes,5098,Credit Card,Standard,4.4,4.3
SES500709,CUST11306,2025-07-31 00:00:00,18,FEMALE,Pune,Returning,8,Desktop,Google,12.3,3,4,Books,Biography,2434,Yes,6069,Yes,10,Yes,No,0,UPI,Express,,
SES503818,CUST11758,2025-09-04 00:00:00,32,MALE,Delhi,New,0,Mobile,YouTube,4.7,5,2,Electronics,Smart Watch,23294,No,0,No,0,No,No,0,Credit Card,Express,,
SES502438,CUST10505,2026-04-21 00:00:00,38,MALE,Chennai,New,0,Desktop,Google,5.7,9,1,Beauty,Moisturizer,4670,Yes,5199,No,0,No,Yes,8708,Credit Card,Same Day,4.4,4
SES504202,CUST10375,2025-12-21 00:00:00,22,MALE,Mumbai,Returning,5,Mobile,Facebook,10,6,5,Electronics,Smart Watch,29569,Yes,29046,Yes,10,Yes,Yes,49233,Net Banking,Standard,4.7,4.6
SES501425,CUST10410,2025-09-04 00:00:00,22,MALE,Hyderabad,Returning,9,Tablet,Direct,5.2,5,7,Home & Kitchen,Storage Box,12966,No,0,Yes,10,Yes,Yes,11612,UPI,Standard,3.8,4.8
SES501217,CUST11200,2025-02-07 00:00:00,19,FEMALE,Jaipur,Returning,9,Mobile,Google,6.8,6,6,Fashion,T-Shirt,825,No,0,Yes,5,Yes,No,0,Credit Card,Standard,,
SES504602,CUST11437,2025-03-13 00:00:00,39,MALE,Jaipur,New,0,Tablet,Email,3.2,6,5,Fashion,T-Shirt,1746,Yes,4165,Yes,15,Yes,No,0,UPI,Same Day,,
SES501925,CUST11440,2026-04-02 00:00:00,38,FEMALE,Pune,Returning,2,Mobile,Google,7.8,4,4,Home & Kitchen,Cookware Set,1291,No,0,Yes,15,Yes,No,0,Cash on Delivery,Standard,,
SES502768,CUST11591,2025-10-22 00:00:00,32,MALE,Bangalore,New,0,Mobile,Instagram,2.5,5,6,Fashion,Sneakers,5511,Yes,8418,No,0,No,No,0,Cash on Delivery,Standard,,
SES502717,CUST10683,2025-03-23 00:00:00,29,FEMALE,Kolkata,Returning,10,Mobile,Instagram,10.6,7,2,Electronics,Headphones,20358,Yes,49507,No,0,No,No,0,credit card,Standard,,
SES500315,CUST11220,2026-05-10 00:00:00,25,MALE,Kolkata,New,0,Mobile,Google,14.7,5,2,Books,Biography,904,Yes,1517,Yes,15,Yes,Yes,1007,Debit Card,Standard,2.5,3.6
SES504818,CUST11074,2025-03-14 00:00:00,29,FEMALE,Hyderabad,New,0,Mobile,Google,8.2,6,3,Fashion,Kurta,1010,Yes,1853,Yes,10,Yes,Yes,1489,CREDIT CARD,Standard,3.9,4.4
SES501428,CUST10809,2025-10-10 00:00:00,57,FEMALE,Kolkata,Returning,7,Mobile,YouTube,11.2,6,4,Electronics,Smart Watch,29667,Yes,63169,Yes,10,Yes,Yes,47499,UPI,Express,5,4.6
SES504583,CUST10644,2026-06-24 00:00:00,18,FEMALE,Bangalore,New,0,Mobile,Referral,16.1,10,6,Sports,Yoga Mat,884,Yes,1013,Yes,15,Yes,No,0,Wallet,Standard,,
SES504776,CUST11313,2025-12-16 00:00:00,39,FEMALE,Delhi,Returning,13,Mobile,Instagram,11.1,9,2,Books,Biography,1783,Yes,2359,Yes,10,Yes,Yes,2218,Debit Card,Same Day,4.1,5
SES504756,CUST10588,2025-05-25 00:00:00,32,MALE,Hyderabad,New,0,Desktop,Direct,3.6,5,8,Home & Kitchen,Cookware Set,1687,No,0,No,0,No,No,0,UPI,Standard,,
SES504035,CUST11992,2026-06-15 00:00:00,29,FEMALE,Delhi,New,0,Desktop,YouTube,5.8,4,4,Fashion,Sneakers,6114,Yes,10589,Yes,10,Yes,Yes,11423,UPI,Express,4.5,5
SES505545,CUST10068,2025-06-28 00:00:00,22,MALE,Kolkata,Returning,3,Desktop,Email,5.2,6,6,Fashion,Jacket,2029,Yes,1962,Yes,10,No,No,0,UPI,Same Day,,
SES504438,CUST10043,2025-04-16 00:00:00,38,FEMALE,Jaipur,New,0,Mobile,Email,13.6,7,5,Electronics,Smart Watch,18721,Yes,18429,Yes,20,Yes,Yes,30241,Net Banking,Standard,3.5,4.5
SES505225,CUST10284,2025-02-25 00:00:00,33,MALE,Bangalore,Returning,8,Mobile,Google,15.4,3,2,Home & Kitchen,Coffee Maker,1590,No,0,Yes,15,No,No,0,Credit Card,Standard,,
SES502616,CUST10542,2025-04-26 00:00:00,53,MALE,Hyderabad,New,0,Mobile,YouTube,4.4,8,2,Fashion,Kurta,4220,No,0,Yes,10,Yes,No,0,UPI,Standard,,
SES500685,CUST11655,2026-03-12 00:00:00,18,FEMALE,Bangalore,New,0,Desktop,Email,9.3,6,2,Electronics,Headphones,26818,No,0,Yes,25,Yes,No,0,UPI,Standard,,
SES504418,CUST11424,2026-05-21 00:00:00,22,FEMALE,Delhi,Returning,11,Mobile,Facebook,12.1,5,3,Fashion,Jacket,1373,Yes,3385,Yes,20,Yes,Yes,2397,UPI,Standard,3.4,2.9
SES502894,CUST12159,2025-09-14 00:00:00,32,FEMALE,Bangalore,Returning,5,Mobile,Instagram,22.6,7,2,Fashion,T-Shirt,2464,No,0,No,0,No,No,0,UPI,Standard,,
SES502754,CUST10358,2025-06-29 00:00:00,47,MALE,Ahmedabad,New,0,Desktop,Google,4.7,8,3,Electronics,Power Bank,10376,No,0,No,0,No,No,0,Cash on Delivery,Same Day,,
SES500327,CUST10120,2026-01-19 00:00:00,23,MALE,Bangalore,New,0,Mobile,Email,5.3,5,6,Electronics,Smart Watch,15528,Yes,33034,No,0,No,Yes,33627,Wallet,Standard,4.6,4.3
SES505039,CUST11025,2026-01-27 00:00:00,26,FEMALE,Ahmedabad,New,0,Desktop,Direct,22.2,7,4,Fashion,T-Shirt,6217,No,0,Yes,20,Yes,No,0,UPI,Same Day,,
SES503483,CUST12027,2025-07-01 00:00:00,25,MALE,New Delhi,Returning,10,Mobile,Instagram,5.8,3,2,Electronics,Smart Watch,26030,No,0,No,0,No,No,0,Cash on Delivery,Standard,,
SES503858,CUST11135,2025-01-13 00:00:00,39,FEMALE,Pune,Returning,8,Desktop,Google,4.2,5,4,Books,Biography,713,Yes,1706,Yes,20,Yes,Yes,583,UPI,Standard,4.3,2.9
SES505213,CUST10917,2025-10-28 00:00:00,18,MALE,Chennai,New,0,Mobile,Instagram,8.1,5,5,Sports,Yoga Mat,1430,Yes,3225,No,0,No,Yes,1864,UPI,Standard,2.9,2.5
SES504111,CUST11896,2026-04-29 00:00:00,28,MALE,Bangalore,New,0,Mobile,Referral,2.1,7,7,Sports,Football,7626,Yes,17208,No,0,No,Yes,10669,Credit Card,Express,3.9,3
SES504097,CUST10526,2025-09-20 00:00:00,21,FEMALE,Hyderabad,New,0,Mobile,Instagram,22.9,6,4,Sports,Football,10506,No,0,Yes,20,No,Yes,16313,Cash on Delivery,Standard,3.7,3.8
SES502371,CUST10424,2026-03-26 00:00:00,18,MALE,Chennai,New,0,Mobile,Direct,10.5,6,1,Home & Kitchen,Table Lamp,12366,No,0,Yes,15,Yes,No,0,Cash on Delivery,Standard,,
SES503827,CUST11230,2026-03-08 00:00:00,20,UNKNOWN,Jaipur,New,0,Mobile,Instagram,3.2,8,5,Beauty,Shampoo,359,No,0,No,0,No,No,0,Net Banking,Express,,
SES500349,CUST10704,2026-05-31 00:00:00,33,MALE,Mumbai,New,0,Mobile,Facebook,8.3,10,3,Books,Academic Book,557,No,0,No,0,No,No,0,UPI,Standard,,
SES501627,CUST11157,2025-12-18 00:00:00,46,MALE,Mumbai,Returning,8,Mobile,Email,10.9,4,2,Electronics,Wireless Earbuds,28835,No,0,Yes,10,Yes,Yes,40450,Debit Card,Express,2.9,3.5
SES505646,CUST11321,2025-02-17 00:00:00,24,MALE,Pune,New,0,Mobile,Direct,3.5,7,4,Electronics,Power Bank,34666,No,0,No,0,No,No,0,UPI,Express,,
SES500872,CUST11206,2025-08-06 00:00:00,30,FEMALE,Chennai,Returning,7,Desktop,Referral,6,4,3,Fashion,T-Shirt,1866,Yes,3135,Yes,5,Yes,Yes,3252,Net Banking,Standard,3,3.2
SES502997,CUST12173,2026-06-10 00:00:00,41,FEMALE,Pune,New,0,Mobile,Direct,21.6,9,1,Beauty,Moisturizer,2445,No,0,No,0,No,No,0,Cash on Delivery,Standard,,
SES503259,CUST12196,2025-07-17 00:00:00,37,MALE,Lucknow,New,0,Mobile,Referral,4.5,9,3,Beauty,Moisturizer,4929,No,0,No,0,No,No,0,Net Banking,Standard,,
SES504729,CUST11870,2026-02-12 00:00:00,18,UNKNOWN,Mumbai,New,0,Mobile,Instagram,11.8,7,3,Fashion,T-Shirt,5117,Yes,7985,No,0,No,No,0,Cash on Delivery,Standard,,
SES502122,CUST12098,2025-04-15 00:00:00,28,FEMALE,Kolkata,New,0,Mobile,Facebook,9.6,9,5,Electronics,Smart Watch,23788,Yes,19866,Yes,25,Yes,Yes,18584,Wallet,Same Day,3.6,4.6
SES502821,CUST11996,2025-05-31 00:00:00,18,FEMALE,Hyderabad,New,0,Mobile,Google,7.7,3,3,Electronics,Headphones,29174,No,0,No,0,No,No,0,Cash on Delivery,Standard,,
SES500086,CUST10503,2025-12-17 00:00:00,28,MALE,Pune,New,0,Mobile,Instagram,25.4,8,6,Sports,Dumbbells,10935,No,0,No,0,No,No,0,UPI,Standard,,
SES502852,CUST11260,2025-01-24 00:00:00,33,MALE,Delhi,New,0,Desktop,Direct,5,7,6,Beauty,Lipstick,2832,No,0,No,0,No,No,0,UPI,Same Day,,
SES501878,CUST11207,2026-02-21 00:00:00,29,UNKNOWN,Delhi,Returning,10,Mobile,Email,10.9,9,3,Beauty,Face Wash,2130,Yes,2121,No,0,No,Yes,3751,Debit Card,Same Day,4.6,3.4
SES504761,CUST10035,2026-03-04 00:00:00,30,MALE,Bangalore,Returning,12,Mobile,Google,13.3,5,8,Sports,Yoga Mat,829,Yes,1931,No,0,No,Yes,1357,UPI,Standard,2.2,2.7
SES505158,CUST10492,2025-11-04 00:00:00,40,MALE,Bangalore,New,0,Mobile,Google,9.8,7,7,Beauty,Face Wash,2865,No,0,Yes,20,No,No,0,Net Banking,Express,,
SES503320,CUST11024,2025-12-30 00:00:00,24,MALE,Chennai,Returning,3,Mobile,YouTube,10.5,9,5,Home & Kitchen,Coffee Maker,10012,No,0,No,0,No,No,0,UPI,Standard,,
SES500495,CUST10134,2025-09-06 00:00:00,32,MALE,Mumbai,New,0,Tablet,Google,11.4,7,10,Sports,Yoga Mat,4133,Yes,4076,Yes,30,No,Yes,3570,UPI,Standard,4,3.4
SES503822,CUST10720,2025-09-04 00:00:00,32,MALE,Delhi,New,1,Mobile,Google,3.4,10,2,Electronics,Bluetooth Speaker,33732,No,0,No,0,No,No,0,Credit Card,Express,,
SES503323,CUST11390,2026-04-23 00:00:00,36,MALE,Kolkata,New,0,Desktop,Instagram,3,11,6,Electronics,Smart Watch,10983,No,0,Yes,15,Yes,No,0,UPI,Standard,,
SES502793,CUST10850,2025-08-09 00:00:00,20,MALE,Pune,Returning,3,Desktop,Google,12.8,5,2,Fashion,Kurta,1127,Yes,1511,No,0,No,Yes,1171,UPI,Same Day,4.3,4.3
SES501271,CUST11350,2026-02-08 00:00:00,31,MALE,Pune,New,1,Mobile,Google,12.5,8,1,Beauty,Moisturizer,4785,No,0,Yes,10,No,No,0,Credit Card,Standard,,
SES502688,CUST11252,2026-04-22 00:00:00,28,MALE,Mumbai,Returning,4,Mobile,Google,11.4,4,5,Fashion,Kurta,1502,Yes,2421,Yes,5,Yes,No,0,Debit Card,Standard,,
SES502667,CUST11141,2026-05-11 00:00:00,53,FEMALE,Ahmedabad,New,0,Desktop,Facebook,6.1,14,5,Fashion,T-Shirt,2123,Yes,4636,No,0,No,No,0,Cash on Delivery,Standard,,
SES504980,CUST11352,2025-10-11 00:00:00,31,MALE,Delhi,New,0,Tablet,Email,11.8,7,3,Electronics,Wireless Earbuds,13810,No,0,No,0,No,No,0,Credit Card,Standard,,
SES500619,CUST11876,2026-03-24 00:00:00,34,MALE,Mumbai,New,0,Mobile,Google,17.1,8,2,Fashion,Sneakers,6836,Yes,15137,Yes,5,Yes,Yes,11782,Credit Card,Standard,4,3.1
SES505156,CUST11973,2026-04-02 00:00:00,23,FEMALE,Hyderabad,Returning,13,Mobile,Google,8.2,6,2,Fashion,Jeans,1949,No,0,No,0,No,No,0,UPI,Standard,,
SES502663,CUST10657,2025-02-01 00:00:00,18,FEMALE,Lucknow,Returning,6,Mobile,Instagram,11.8,5,5,Electronics,Headphones,33029,No,0,No,0,No,No,0,cash on delivery,Express,,
SES502654,CUST11135,2025-06-17 00:00:00,18,FEMALE,Hyderabad,Returning,9,Mobile,Facebook,7,4,4,Electronics,Bluetooth Speaker,30492,Yes,41347,No,0,No,No,0,UPI,Express,,
SES502585,CUST11811,2025-03-30 00:00:00,30,MALE,Mumbai,Returning,6,Desktop,Google,7.5,6,4,Beauty,Shampoo,1489,No,0,No,0,No,No,0,UPI,Same Day,,
SES502442,CUST11479,2025-02-26 00:00:00,32,FEMALE,Delhi,New,0,Mobile,Email,21.8,8,8,Fashion,Jeans,1734,No,0,No,0,No,No,0,UPI,Express,,
SES504942,CUST11851,2025-02-20 00:00:00,23,MALE,Pune,New,0,Mobile,YouTube,24,7,2,Home & Kitchen,Coffee Maker,8801,No,0,Yes,5,Yes,No,0,UPI,Express,,
SES501414,CUST11884,2025-08-29 00:00:00,22,MALE,Mumbai,New,0,Desktop,YouTube,9.8,8,2,Fashion,Sneakers,3765,Yes,6665,No,0,No,Yes,3515,UPI,Standard,4,3.7
SES502202,CUST10573,2025-06-20 00:00:00,41,MALE,Chennai,New,0,Desktop,YouTube,22.1,9,1,Electronics,Smart Watch,6630,Yes,5555,No,0,No,Yes,10558,UPI,Standard,4.2,3.1
SES503266,CUST10073,2026-04-18 00:00:00,33,MALE,Hyderabad,New,1,Desktop,Direct,12.6,4,4,Books,Self Help Book,824,Yes,1201,No,0,No,No,0,UPI,Express,,
SES504501,CUST10780,2025-11-13 00:00:00,29,FEMALE,Delhi,New,1,Desktop,Email,6.9,5,5,Sports,Running Shoes,1697,No,0,Yes,20,Yes,No,0,Debit Card,Standard,,
SES500870,CUST11637,2025-01-08 00:00:00,21,MALE,Delhi,New,0,Desktop,Google,7.8,4,5,Beauty,Shampoo,3223,Yes,5690,Yes,25,Yes,Yes,4454,Net Banking,Express,3.5,3.6
SES502007,CUST11487,2025-02-13 00:00:00,,FEMALE,Mumbai,New,0,Tablet,Google,8.1,7,7,Home & Kitchen,Table Lamp,12603,No,0,No,0,No,No,0,Net Banking,Standard,,
SES505109,CUST11859,2025-12-05 00:00:00,25,FEMALE,Delhi,New,0,Desktop,Referral,2.1,8,3,Home & Kitchen,Coffee Maker,2644,No,0,Yes,10,No,No,0,Debit Card,Express,,
SES500357,CUST11009,2025-08-23 00:00:00,29,UNKNOWN,Delhi,New,0,Desktop,Direct,10.5,4,3,Fashion,Kurta,2026,No,0,No,0,No,Yes,3594,Credit Card,Standard,4.1,5
SES501163,CUST10710,2025-03-20 00:00:00,25,FEMALE,Bangalore,New,0,Mobile,YouTube,21.4,6,3,Fashion,Sneakers,6109,Yes,5912,No,0,No,Yes,7344,Debit Card,Express,5,3.6
SES504580,CUST10930,2026-06-20 00:00:00,18,MALE,Ahmedabad,Returning,10,Desktop,YouTube,9.8,6,2,Books,Business Book,2136,Yes,3563,No,0,No,Yes,4202,Credit Card,Standard,4.8,5
SES503127,CUST12080,2025-10-28 00:00:00,18,FEMALE,Mumbai,Returning,7,Mobile,Google,13,8,4,Beauty,Perfume,4103,Yes,5321,No,0,No,No,0,UPI,Express,,
SES505951,CUST10066,2026-01-24 00:00:00,30,MALE,Bangalore,New,0,Mobile,Google,9.9,6,2,Beauty,Perfume,4242,No,0,Yes,15,Yes,No,0,UPI,Standard,,
SES501891,CUST10164,2025-04-25 00:00:00,41,MALE,Ahmedabad,New,0,Desktop,Google,3.8,8,2,Fashion,T-Shirt,6974,Yes,14614,Yes,10,No,Yes,7652,UPI,Same Day,3.9,4
SES500580,CUST12082,2025-09-21 00:00:00,18,FEMALE,Ahmedabad,Returning,9,Mobile,Google,13.3,4,2,Fashion,Jacket,2209,Yes,4209,Yes,10,Yes,No,0,Debit Card,Standard,,
SES502586,CUST10914,2026-01-05 00:00:00,24,MALE,Hyderabad,New,0,Mobile,Instagram,15.4,6,2,Sports,Yoga Mat,991,Yes,1526,Yes,15,Yes,No,0,Cash on Delivery,Standard,,
SES501692,CUST10050,2026-03-27 00:00:00,41,FEMALE,Bangalore,Returning,5,Desktop,Email,3.1,9,4,Electronics,Smart Watch,12738,Yes,12924,No,0,No,No,0,Credit Card,Express,,
SES500863,CUST10127,2025-01-02 00:00:00,41,MALE,Delhi,New,0,Mobile,Google,7.9,5,4,Electronics,Bluetooth Speaker,27110,No,0,No,0,Unknown,No,0,UPI,Standard,,
SES504205,CUST11358,2025-07-14 00:00:00,18,FEMALE,Hyderabad,New,0,Desktop,Google,8.6,5,5,Books,Fiction Book,1007,No,0,Yes,10,Yes,Yes,1581,Credit Card,Standard,3.9,2.8
SES504478,CUST11645,2025-10-06 00:00:00,34,MALE,Ahmedabad,New,0,Mobile,YouTube,19.4,7,3,Beauty,Shampoo,2655,Yes,5135,No,0,No,Yes,3968,Wallet,Standard,3.6,5
SES504247,CUST11790,2026-04-11 00:00:00,36,MALE,Lucknow,New,0,Desktop,YouTube,3.8,4,6,Books,Biography,2307,No,0,No,0,No,No,0,UPI,Standard,,
SES505029,CUST10973,2025-11-24 00:00:00,50,FEMALE,Kolkata,Returning,4,Mobile,Direct,12.4,7,4,Books,Self Help Book,2264,Yes,2697,No,0,No,No,0,Cash on Delivery,Same Day,,
SES501117,CUST10921,2026-04-04 00:00:00,46,FEMALE,Mumbai,New,0,Desktop,Google,6.7,8,1,Sports,Dumbbells,3849,Yes,3494,No,0,No,Yes,6910,Debit Card,Standard,3.6,3.9
SES501542,CUST11083,2025-06-11 00:00:00,20,MALE,Bangalore,Returning,10,Mobile,Google,6.3,10,6,Fashion,Sneakers,3987,Yes,4737,No,0,No,Yes,4179,Debit Card,Standard,4.2,4.2
SES505459,CUST11823,2025-09-23 00:00:00,42,MALE,Jaipur,Returning,8,Tablet,Google,5.4,3,5,Electronics,Power Bank,17853,No,0,Yes,10,No,No,0,Net Banking,Standard,,
SES504641,CUST10770,2026-06-03 00:00:00,18,FEMALE,Delhi,Returning,4,Mobile,YouTube,10,7,5,Books,Academic Book,1512,No,0,No,0,No,Yes,1552,Cash on Delivery,Standard,4,1.9
SES505549,CUST10357,2025-10-25 00:00:00,38,MALE,Mumbai,Returning,4,Mobile,Email,10.2,6,4,Home & Kitchen,Coffee Maker,1873,Yes,4320,Yes,15,No,Yes,1735,UPI,Same Day,4.2,2.9
SES503276,CUST12009,2026-06-08 00:00:00,46,MALE,Pune,New,1,Mobile,Facebook,8.9,6,2,Electronics,Headphones,1305,No,0,No,0,No,No,0,Net Banking,Same Day,,
SES502935,CUST10393,2025-07-16 00:00:00,26,FEMALE,Kolkata,New,0,Mobile,Facebook,5.8,6,3,Electronics,Wireless Earbuds,22777,No,0,No,0,No,No,0,Credit Card,Standard,,
SES505327,CUST11602,2026-05-17 00:00:00,27,FEMALE,Lucknow,Returning,6,Mobile,Google,17.4,5,4,Fashion,T-Shirt,693,Yes,670,No,0,No,No,0,Credit Card,Standard,,
SES505343,CUST11216,2025-03-20 00:00:00,46,FEMALE,Pune,Returning,8,Mobile,Email,7,5,2,Fashion,Kurta,2338,Yes,1887,No,0,No,Yes,2454,UPI,Express,4.4,3.8
SES505940,CUST11018,2025-08-31 00:00:00,34,MALE,Chennai,New,0,Mobile,Google,11.2,6,5,Fashion,Kurta,3796,Yes,8585,Yes,5,Yes,No,0,Credit Card,Standard,,
SES503834,CUST11823,2025-08-19 00:00:00,38,MALE,Kolkata,New,0,Tablet,YouTube,10.8,8,3,Sports,Cricket Bat,6005,No,0,No,0,No,No,0,UPI,Standard,,
SES505756,CUST11100,2026-03-28 00:00:00,35,MALE,Delhi,Returning,6,Mobile,Referral,11.1,9,9,Electronics,Smart Watch,4556,Yes,8108,No,0,No,No,0,Debit Card,Express,,
SES504603,CUST10559,2025-03-02 00:00:00,29,MALE,Mumbai,New,0,Desktop,Instagram,7,15,3,Home & Kitchen,Bedsheet,7943,No,0,Yes,5,No,No,0,UPI,Express,,
SES505788,CUST10404,2026-02-15 00:00:00,28,MALE,Jaipur,Returning,12,Tablet,Email,5.1,8,4,Sports,Yoga Mat,5138,No,0,No,0,No,Yes,8049,UPI,Express,4.8,3.6
SES502053,CUST11156,2025-08-04 00:00:00,48,MALE,Mumbai,New,0,Tablet,Direct,5.4,5,4,Fashion,Sneakers,6073,Yes,6755,Yes,15,No,No,0,UPI,Standard,,
SES501777,CUST12162,2025-07-13 00:00:00,31,MALE,Pune,New,0,Mobile,Google,21.6,9,4,Books,Business Book,2415,Yes,5724,No,0,No,Yes,3033,UPI,Express,4.4,2.8
SES503308,CUST11272,2025-03-26 00:00:00,18,MALE,Lucknow,New,0,Desktop,Google,8.7,5,3,Beauty,Moisturizer,253,Yes,504,Yes,10,Yes,No,0,Cash on Delivery,Standard,,
SES504326,CUST10130,2025-12-21 00:00:00,28,MALE,Kolkata,New,0,Mobile,Instagram,5.1,9,3,Fashion,Jacket,4879,No,0,Yes,25,Yes,Yes,5535,Wallet,Express,4.6,4
SES501593,CUST11113,2025-04-18 00:00:00,21,FEMALE,Bangalore,New,0,Desktop,Google,4.2,10,6,Electronics,Bluetooth Speaker,12764,Yes,29476,No,0,No,No,0,Net Banking,Standard,,
SES501724,CUST11765,2025-08-17 00:00:00,43,MALE,Delhi,New,1,Mobile,YouTube,30.7,8,3,Electronics,Wireless Earbuds,5847,Yes,5511,Yes,30,Yes,Yes,6353,UPI,Standard,4.1,3.2
SES505143,CUST11318,2025-04-02 00:00:00,30,FEMALE,Pune,New,0,Desktop,Direct,11.6,8,5,Electronics,Wireless Earbuds,23674,Yes,45082,Yes,10,No,Yes,20513,Credit Card,Express,3.6,3.1
SES504088,CUST12074,2025-03-12 00:00:00,32,MALE,Mumbai,Returning,8,Mobile,Google,8.4,7,1,Beauty,Lipstick,2841,No,0,No,0,No,No,0,Credit Card,Express,,
SES500491,CUST10824,2025-02-23 00:00:00,31,FEMALE,Bangalore,New,0,Mobile,YouTube,9.9,8,3,Electronics,Headphones,16038,No,0,No,0,No,No,0,Debit Card,Express,,
SES505068,CUST11512,2026-06-13 00:00:00,47,FEMALE,Delhi,New,0,Tablet,Referral,9.7,11,3,Home & Kitchen,Storage Box,6413,Yes,10668,No,0,No,No,0,UPI,Express,,
SES501007,CUST12090,2025-12-15 00:00:00,47,FEMALE,Kolkata,New,0,Tablet,Direct,7.3,9,5,Home & Kitchen,Cookware Set,10305,No,0,Yes,15,Yes,No,0,Credit Card,Express,,
SES503185,CUST11477,2025-09-27 00:00:00,29,MALE,Delhi,New,0,Mobile,Referral,3.1,2,5,Electronics,Bluetooth Speaker,17017,No,0,Yes,5,Yes,No,0,Net Banking,Standard,,
SES503506,CUST10732,2025-06-08 00:00:00,31,FEMALE,Delhi,Returning,13,Mobile,Facebook,10.1,2,2,Beauty,Moisturizer,1790,No,0,Yes,5,Yes,No,0,Debit Card,Standard,,
SES501418,CUST10251,2025-12-27 00:00:00,35,MALE,Bangalore,Returning,3,Desktop,Instagram,10.4,6,6,Electronics,Wireless Earbuds,11124,No,0,No,0,No,No,0,Credit Card,Standard,,
SES500026,CUST11807,2025-06-19 00:00:00,39,MALE,Hyderabad,New,0,Mobile,Google,7.9,7,6,Fashion,T-Shirt,5543,No,0,No,0,No,No,0,Debit Card,Express,,
SES501114,CUST10364,2025-07-06 00:00:00,19,FEMALE,Chennai,New,0,Mobile,Instagram,8.4,12,6,Electronics,Headphones,2181,Yes,4720,No,0,No,No,0,Credit Card,Express,,
SES505445,CUST11610,2025-04-16 00:00:00,31,FEMALE,Bangalore,Returning,6,Mobile,Facebook,3.6,8,3,Fashion,Jeans,1854,Yes,3331,Yes,20,No,Yes,3787,UPI,Same Day,3.8,4
SES501553,CUST11209,2025-12-03 00:00:00,31,MALE,Hyderabad,Returning,14,Desktop,Referral,6.6,7,7,Books,Academic Book,1543,No,0,No,0,No,No,0,Net Banking,Standard,,
SES505149,CUST11911,2025-07-08 00:00:00,30,MALE,Ahmedabad,New,1,Mobile,Facebook,26.2,10,1,Sports,Football,4706,No,0,Yes,15,Yes,No,0,UPI,Standard,,
SES504506,CUST10427,2025-09-07 00:00:00,39,FEMALE,Lucknow,Returning,10,Mobile,Facebook,17.5,7,8,Beauty,Perfume,4909,Yes,4619,Yes,20,Yes,No,0,UPI,Standard,,
SES500434,CUST10885,2026-01-25 00:00:00,34,MALE,Delhi,Returning,2,Desktop,Facebook,5.5,9,2,Books,Business Book,778,Yes,1523,No,0,No,Yes,761,UPI,Express,4,4.5
SES503949,CUST10210,2025-07-13 00:00:00,20,MALE,Chennai,Returning,5,Mobile,Direct,15.6,12,4,Sports,Yoga Mat,5144,No,0,Yes,10,No,Yes,4810,Cash on Delivery,Express,3,4.7
SES502842,CUST11125,2025-05-20 00:00:00,20,MALE,Hyderabad,New,0,Desktop,YouTube,11.2,4,3,Sports,Dumbbells,5344,Yes,8038,No,0,No,No,0,Credit Card,Standard,,
SES504061,CUST10678,2025-11-29 00:00:00,42,FEMALE,Pune,Returning,12,Desktop,Google,12.8,4,1,Fashion,Kurta,1650,Yes,1676,Yes,10,Yes,Yes,1844,UPI,Standard,3.4,4.3
SES502998,CUST11297,2025-08-25 00:00:00,34,MALE,Delhi,New,0,Mobile,Facebook,10.9,8,3,Fashion,Jacket,4068,Yes,5274,No,0,No,Yes,5850,Cash on Delivery,Express,4,4.3
SES503750,CUST11037,2025-05-21 00:00:00,39,MALE,Jaipur,New,1,Tablet,Facebook,8.8,6,6,Electronics,Wireless Earbuds,12497,No,0,Yes,15,Yes,No,0,Debit Card,Standard,,
SES503319,CUST11071,2026-04-02 00:00:00,34,MALE,Chennai,New,0,Desktop,Facebook,5.6,5,3,Electronics,Headphones,8706,No,0,No,0,No,No,0,Net Banking,Standard,,
SES504480,CUST11703,2025-01-06 00:00:00,18,MALE,Kolkata,New,0,Mobile,Email,13.3,4,3,Home & Kitchen,Coffee Maker,6980,Yes,16705,No,0,No,No,0,Cash on Delivery,Standard,,
SES504854,CUST10153,2025-05-21 00:00:00,25,MALE,Delhi,Returning,3,Mobile,Email,15.9,6,5,Sports,Cricket Bat,1068,No,0,No,0,No,No,0,Credit Card,Express,,
SES505802,CUST10586,2026-05-30 00:00:00,18,MALE,Hyderabad,Returning,12,Mobile,Instagram,8.2,11,3,Home & Kitchen,Storage Box,977,No,0,No,0,No,No,0,Credit Card,Standard,,
SES501103,CUST10990,2026-05-01 00:00:00,29,FEMALE,Bangalore,Returning,14,Mobile,Google,3.8,7,10,Electronics,Smart Watch,17126,No,0,No,0,No,No,0,Wallet,Express,,
SES504051,CUST10278,2026-05-25 00:00:00,37,MALE,Mumbai,Returning,14,Mobile,Instagram,11.4,7,4,Beauty,Moisturizer,330,Yes,586,Yes,25,No,Yes,366,Credit Card,Standard,3.6,3.4
SES505926,CUST10923,2025-02-26 00:00:00,20,MALE,Delhi,New,0,Mobile,Direct,13.1,10,2,Sports,Cricket Bat,3657,Yes,6926,No,0,No,Yes,4150,credit card,Standard,4.4,4.3
SES505342,CUST11997,2025-01-19 00:00:00,30,MALE,Hyderabad,New,0,Desktop,YouTube,4.9,7,4,Electronics,Power Bank,22428,Yes,43825,Yes,15,No,No,0,Net Banking,Standard,,
SES500195,CUST12192,2026-02-21 00:00:00,23,FEMALE,Delhi,New,0,Mobile,YouTube,2.6,9,6,Electronics,Power Bank,14221,Yes,34121,Yes,5,No,Yes,14392,Credit Card,Standard,3.4,3.5
SES500616,CUST10797,2025-07-11 00:00:00,33,FEMALE,Pune,New,1,Mobile,Facebook,23.1,11,4,Beauty,Moisturizer,1516,Yes,3543,Yes,15,No,Yes,2261,Debit Card,Standard,3.3,4.1
SES500644,CUST10604,2025-05-14 00:00:00,39,MALE,Hyderabad,Returning,14,Tablet,Facebook,11.8,10,4,Home & Kitchen,Cookware Set,2315,No,0,Yes,10,No,Yes,3366,Credit Card,Same Day,4,3.4
SES504333,CUST10907,2026-03-13 00:00:00,34,FEMALE,Lucknow,New,0,Mobile,YouTube,4.9,9,3,Sports,Cricket Bat,7740,Yes,9626,No,0,No,Yes,13714,UPI,Express,2.8,4.4
SES502705,CUST11864,2025-05-27 00:00:00,31,MALE,Bangalore,New,0,Mobile,Google,7,10,3,Fashion,Sneakers,2072,No,0,Yes,25,Yes,No,0,UPI,Standard,,
SES505096,CUST12161,2026-05-19 00:00:00,40,MALE,Hyderabad,Returning,8,Mobile,Google,10.1,5,2,Sports,Cricket Bat,4198,No,0,No,0,No,No,0,UPI,Standard,,
SES500331,CUST11975,2025-08-11 00:00:00,18,MALE,Mumbai,New,1,Mobile,Facebook,7.6,10,4,Books,Self Help Book,981,No,0,No,0,No,No,0,UPI,Standard,,
SES504992,CUST11543,2025-11-01 00:00:00,18,MALE,Mumbai,Returning,10,Mobile,Direct,9.2,7,1,Beauty,Perfume,4659,Yes,6839,Yes,25,Yes,Yes,4961,Credit Card,Standard,4.5,3.7
SES503780,CUST11423,2026-05-23 00:00:00,44,MALE,Bangalore,New,0,Mobile,Direct,12.2,12,7,Sports,Football,10842,No,0,Yes,25,Yes,No,0,Wallet,Standard,,
SES503150,CUST11662,2025-08-21 00:00:00,22,MALE,Pune,New,0,Tablet,Direct,10.2,10,6,Home & Kitchen,Cookware Set,714,No,0,No,0,No,No,0,Credit Card,Same Day,,
SES503341,CUST11188,2025-06-08 00:00:00,29,FEMALE,Mumbai,New,0,Desktop,Direct,13.9,11,5,Books,Academic Book,332,Yes,277,Yes,30,Yes,Yes,416,Cash on Delivery,Express,3.5,2.9
SES500484,CUST11385,2025-06-02 00:00:00,31,MALE,Kolkata,New,0,Desktop,Facebook,18.2,8,6,Home & Kitchen,Table Lamp,5030,No,0,Yes,15,No,No,0,Debit Card,Express,,
SES504089,CUST10986,2025-08-14 00:00:00,29,MALE,Pune,New,0,Desktop,Facebook,30.8,7,2,Beauty,Moisturizer,4008,No,0,Yes,10,Yes,No,0,UPI,Same Day,,
SES502499,CUST11728,2025-01-26 00:00:00,29,FEMALE,Pune,New,0,Mobile,Instagram,7,10,5,Fashion,T-Shirt,2103,Yes,3295,Yes,15,Yes,Yes,2781,Cash on Delivery,Standard,2.8,2
SES502060,CUST10822,2025-11-09 00:00:00,46,MALE,Delhi,Returning,14,Tablet,Instagram,5.7,9,2,Electronics,Bluetooth Speaker,12429,No,0,Yes,15,Yes,No,0,UPI,Express,,
SES503950,CUST10968,2025-02-02 00:00:00,23,MALE,Chennai,New,0,Mobile,Facebook,4.4,7,3,Home & Kitchen,Cookware Set,7736,No,0,Yes,30,Yes,No,0,UPI,Standard,,
SES500033,CUST12069,2026-03-31 00:00:00,37,FEMALE,Delhi,New,0,Mobile,Facebook,16.4,6,6,Fashion,Sneakers,4197,No,0,No,0,No,No,0,UPI,Standard,,
SES500665,CUST10303,2026-06-10 00:00:00,22,FEMALE,Hyderabad,Returning,4,Desktop,Google,9.8,10,2,Sports,Football,7546,No,0,No,0,No,No,0,Debit Card,Standard,,
SES504746,CUST12000,2025-11-10 00:00:00,30,MALE,Delhi,New,0,Mobile,YouTube,11.7,11,3,Electronics,Smart Watch,25285,No,0,Yes,5,Yes,No,0,UPI,Same Day,,
SES503525,CUST12144,2025-12-12 00:00:00,32,MALE,Chennai,Returning,14,Desktop,Instagram,3.8,10,5,Books,Self Help Book,895,Yes,760,No,0,No,No,0,UPI,Standard,,
SES501445,CUST10312,2025-06-30 00:00:00,30,FEMALE,Delhi,Returning,9,Mobile,Direct,9.5,11,5,Home & Kitchen,Coffee Maker,7653,No,0,Yes,20,Yes,Yes,13634,UPI,Same Day,3.7,3.3
SES505527,CUST10255,2026-01-11 00:00:00,33,MALE,Delhi,Returning,6,Tablet,Instagram,12.1,7,7,Home & Kitchen,Cookware Set,7268,Yes,10925,No,0,No,No,0,Credit Card,Express,,
SES502413,CUST11493,2025-08-13 00:00:00,39,MALE,Kolkata,New,1,Mobile,Email,15.2,4,2,Electronics,Wireless Earbuds,6339,No,0,Yes,10,Yes,No,0,Cash on Delivery,Standard,,
SES505887,CUST12165,2025-01-01 00:00:00,29,FEMALE,Delhi,New,1,Mobile,Direct,5.4,5,8,Beauty,Perfume,4166,Yes,4862,No,0,No,Yes,3678,Wallet,Standard,5,4.4
SES501706,CUST10969,2026-06-21 00:00:00,43,MALE,Chennai,New,0,Desktop,YouTube,2.1,2,5,Home & Kitchen,Coffee Maker,10209,Yes,21618,No,0,No,No,0,UPI,Express,,
SES504691,CUST10904,2026-03-19 00:00:00,55,MALE,Hyderabad,Returning,6,Tablet,Google,9.1,6,3,Electronics,Wireless Earbuds,7825,No,0,Yes,15,Yes,No,0,Cash on Delivery,Standard,,
SES503593,CUST10690,2026-01-07 00:00:00,39,FEMALE,Hyderabad,New,0,Desktop,Instagram,16.9,6,5,Fashion,Jeans,984,Yes,1739,No,0,No,Yes,1460,Cash on Delivery,Standard,1.5,3.6
SES503586,CUST10769,2025-11-29 00:00:00,36,FEMALE,Lucknow,Returning,9,Mobile,Google,5.1,8,6,Beauty,Moisturizer,4155,Yes,8682,No,0,No,No,0,Cash on Delivery,Standard,,
SES502278,CUST11548,2025-08-10 00:00:00,20,FEMALE,Pune,Returning,10,Desktop,Facebook,15.5,6,8,Home & Kitchen,Table Lamp,5641,Yes,5794,Yes,10,Yes,Yes,4893,Debit Card,Same Day,3.7,3.4
SES501402,CUST11896,2025-01-29 00:00:00,37,MALE,Bangalore,Returning,4,Tablet,Referral,10.9,7,4,Electronics,Headphones,2878,Yes,6002,Yes,20,Yes,Yes,5454,Net Banking,Express,3.2,4.3
SES503382,CUST11365,2025-07-17 00:00:00,30,MALE,Chennai,Returning,14,Mobile,Direct,6.6,4,2,Electronics,Smart Watch,17032,No,0,Yes,5,Yes,Yes,21898,Credit Card,Standard,4,4.5
SES500171,CUST12192,2025-10-25 00:00:00,34,FEMALE,Hyderabad,Returning,14,Tablet,Referral,8.7,8,8,Electronics,Bluetooth Speaker,30647,No,0,No,0,No,No,0,UPI,Standard,,
SES500541,CUST10798,2025-02-24 00:00:00,31,FEMALE,Bangalore,New,0,Mobile,Instagram,7,6,2,Beauty,Lipstick,4875,Yes,6355,No,0,No,Yes,5858,Wallet,Express,4.6,4.4
SES503183,CUST10993,2025-04-12 00:00:00,29,FEMALE,Jaipur,Returning,3,Tablet,Email,9,6,3,Beauty,Face Wash,2528,No,0,No,0,No,No,0,Net Banking,Express,,
SES504518,CUST11967,2025-12-22 00:00:00,40,MALE,Ahmedabad,Returning,12,Tablet,Email,15.3,5,7,Beauty,Moisturizer,3778,Yes,6638,Yes,15,Yes,Yes,5518,Credit Card,Same Day,4.2,3
SES502489,CUST11801,2026-02-20 00:00:00,31,FEMALE,Pune,New,0,Desktop,YouTube,6.3,9,2,Beauty,Perfume,3999,No,0,No,0,No,No,0,Wallet,Standard,,
SES502751,CUST12093,2026-02-18 00:00:00,39,MALE,Delhi,New,0,Mobile,Referral,8.9,9,2,Beauty,Lipstick,3439,No,0,Yes,25,Yes,No,0,Net Banking,Standard,,
SES500675,CUST11336,2025-04-02 00:00:00,28,MALE,Pune,New,0,Mobile,Direct,17,4,7,Electronics,Headphones,5946,Yes,13689,No,0,No,Yes,6726,UPI,Standard,4.6,4.1
SES502952,CUST11073,2025-03-23 00:00:00,55,MALE,Jaipur,Returning,11,Mobile,Google,15.4,12,2,Home & Kitchen,Cookware Set,1065,No,0,Yes,20,Yes,No,0,Cash on Delivery,Standard,,
SES502374,CUST11751,2025-12-22 00:00:00,18,FEMALE,Pune,Returning,9,Desktop,Instagram,9.1,12,1,Beauty,Moisturizer,602,Yes,844,No,0,No,No,0,Net Banking,Standard,,
SES501816,CUST10095,2025-10-06 00:00:00,31,MALE,Bangalore,Returning,11,Desktop,Facebook,11.4,12,4,Sports,Football,8181,Yes,17615,No,0,No,Yes,7389, UPI ,Standard,4.1,5
SES502875,CUST10540,2025-03-08 00:00:00,18,MALE,Bangalore,New,0,Mobile,YouTube,7.2,11,6,Fashion,Jeans,2671,No,0,Yes,15,Yes,No,0,Credit Card,Standard,,
SES502101,CUST11837,2026-03-17 00:00:00,18,MALE,Mumbai,New,0,Mobile,Google,10.7,5,4,Fashion,Sneakers,4328,Yes,7461,No,0,No,Yes,7790,UPI,Express,3,3.3
SES503162,CUST11904,2025-08-31 00:00:00,28,FEMALE,Delhi,New,1,Mobile,Instagram,5.4,7,4,Fashion,Sneakers,1423,Yes,2738,Yes,10,Yes,No,0,Net Banking,Standard,,
SES505078,CUST12145,2026-06-01 00:00:00,38,MALE,Chennai,New,0,Desktop,Direct,7.9,4,4,Books,Fiction Book,1187,No,0,No,0,No,No,0,Credit Card,Express,,
SES502102,CUST10161,2025-03-21 00:00:00,28,MALE,Delhi,New,1,Mobile,YouTube,6,6,2,Home & Kitchen,Bedsheet,5856,No,0,No,0,No,No,0,Credit Card,Standard,,
SES505106,CUST11822,2025-12-27 00:00:00,39,MALE,Ahmedabad,New,0,Mobile,Google,7.5,8,4,Fashion,Jeans,4736,No,0,No,0,No,No,0,UPI,Same Day,,
SES502837,CUST10533,2025-11-15 00:00:00,36,MALE,Jaipur,Returning,2,Desktop,Facebook,7.2,8,5,Sports,Running Shoes,11544,Yes,19141,No,0,No,Yes,24017,UPI,Express,3.4,4.7
SES501549,CUST11240,2026-06-26 00:00:00,21,MALE,Bangalore,Returning,15,Mobile,Facebook,16,6,3,Home & Kitchen,Bedsheet,792,No,0,Yes,15,Yes,No,0,UPI,Standard,,
SES503654,CUST11038,2026-02-06 00:00:00,34,MALE,Delhi,New,0,Desktop,Referral,5.2,5,2,Books,Fiction Book,1595,No,0,No,0,No,No,0,Debit Card,Express,,
SES502411,CUST10494,2026-05-05 00:00:00,20,FEMALE,Bangalore,Returning,13,Desktop,Email,5.9,6,6,Home & Kitchen,Coffee Maker,6727,Yes,9679,No,0,No,No,0,Debit Card,Express,,
SES500356,CUST11093,2025-02-18 00:00:00,38,MALE,Bangalore,New,0,Mobile,Instagram,5.7,7,3,Electronics,Smart Watch,26448,Yes,58557,No,0,No,No,0,Wallet,Standard,,
SES502526,CUST10936,2025-01-25 00:00:00,33,MALE,Delhi,New,0,Mobile,Direct,16.8,6,2,Beauty,Perfume,1801,Yes,3070,Yes,10,Yes,No,0,UPI,Standard,,
SES504960,CUST10973,2025-11-09 00:00:00,18,FEMALE,Hyderabad,New,0,Mobile,Referral,6.5,11,4,Fashion,Jacket,6854,Yes,8853,No,0,No,Yes,9473,Net Banking,Same Day,2.8,4.4
SES503429,CUST10646,2025-02-01 00:00:00,53,FEMALE,Mumbai,New,0,Mobile,Instagram,8.4,7,4,Fashion,Kurta,1198,No,0,No,0,No,No,0,Cash on Delivery,Standard,,
SES505339,CUST11533,2026-02-26 00:00:00,37,FEMALE,Chennai,New,0,Mobile,Google,10.2,9,3,Electronics,Headphones,28631,Yes,35283,Yes,15,Yes,Yes,52226,UPI,Standard,3.8,3.5
SES504297,CUST11312,2025-09-20 00:00:00,32,MALE,Hyderabad,Returning,10,Desktop,Google,7.1,6,4,Fashion,Sneakers,5056,Yes,10520,No,0,No,No,0,UPI,Same Day,,
SES501052,CUST10482,2025-11-09 00:00:00,35,MALE,Delhi,Returning,15,Mobile,Google,11.8,3,3,Sports,Yoga Mat,6983,No,0,Yes,20,Yes,Yes,7103,UPI,Standard,3.9,2.7
SES502322,CUST11338,2026-03-07 00:00:00,29,MALE,Ahmedabad,Returning,13,Desktop,Instagram,13.6,6,4,Fashion,Jeans,1633,Yes,2891,Yes,25,No,Yes,3471,UPI,Same Day,5,4.7
SES503594,CUST11241,2025-08-12 00:00:00,19,MALE,Lucknow,New,0,Mobile,Referral,16.9,7,7,Books,Business Book,2083,No,0,Yes,25,Yes,No,0,UPI,Standard,,
SES503659,CUST11099,2026-01-14 00:00:00,18,FEMALE,Mumbai,Returning,4,Mobile,Instagram,21.9,10,6,Electronics,Wireless Earbuds,24312,Yes,29163,Yes,25,Yes,Yes,40129,Net Banking,Express,4.1,3.8
SES501752,CUST10208,2026-02-15 00:00:00,25,MALE,Hyderabad,Returning,8,Mobile,Direct,16.9,3,6,Fashion,Kurta,4282,Yes,5057,Yes,5,No,No,0,UPI,Standard,,
SES503804,CUST11613,2025-01-15 00:00:00,31,FEMALE,Ahmedabad,Returning,3,Mobile,Google,4.9,10,4,Fashion,Jacket,2093,Yes,1732,No,0,No,No,0,Credit Card,Express,,
SES501773,CUST11013,2025-02-26 00:00:00,26,FEMALE,Delhi,Returning,9,Mobile,Direct,7.5,5,3,Fashion,Sneakers,5571,No,0,No,0,No,No,0,Credit Card,Standard,,
SES501197,CUST11934,2025-02-18 00:00:00,31,FEMALE,Hyderabad,Returning,12,Mobile,Instagram,21.5,8,2,Electronics,Power Bank,34128,No,0,No,0,No,No,0,UPI,Standard,,
SES501879,CUST10386,2026-02-26 00:00:00,26,MALE,Lucknow,Returning,14,Mobile,Google,0.9,6,5,Electronics,Headphones,29719,Yes,38026,Yes,15,Yes,No,0,Credit Card,Standard,,
SES502017,CUST12067,2025-11-17 00:00:00,25,MALE,Chennai,New,0,Desktop,Google,16.2,4,5,Sports,Yoga Mat,6698,No,0,No,0,No,Yes,13591,Cash on Delivery,Standard,3.5,2.8
SES502006,CUST10283,2025-07-20 00:00:00,30,MALE,Kolkata,Returning,14,Tablet,Google,5,9,1,Books,Academic Book,1569,Yes,3578,No,0,No,No,0,UPI,Express,,
SES504890,CUST11192,2025-09-19 00:00:00,38,FEMALE,Mumbai,Returning,8,Desktop,Direct,16.1,9,2,Fashion,T-Shirt,4554,Yes,6423,No,0,No,No,0,UPI,Same Day,,
SES501483,CUST12148,2025-01-08 00:00:00,36,MALE,Delhi,New,0,Mobile,Instagram,3.5,9,5,Beauty,Shampoo,2962,No,0,No,0,No,No,0,UPI,Standard,,
SES500329,CUST11811,2025-02-13 00:00:00,30,FEMALE,Jaipur,New,0,Mobile,YouTube,5.5,10,3,Books,Business Book,1973,Yes,4887,Yes,5,No,No,0, UPI ,Standard,,
SES500649,CUST11102,2025-11-02 00:00:00,36,MALE,Bangalore,New,1,Mobile,Instagram,9.8,9,2,Electronics,Bluetooth Speaker,17571,No,0,No,0,No,No,0,Debit Card,Express,,
SES504003,CUST10661,2026-04-11 00:00:00,36,FEMALE,Delhi,Returning,3,Tablet,Email,10.5,8,3,Beauty,Perfume,477,No,0,No,0,No,No,0,Cash on Delivery,Express,,
SES501124,CUST10546,2026-04-06 00:00:00,39,FEMALE,Delhi,Returning,13,Mobile,Instagram,15.1,7,4,Fashion,Kurta,4355,No,0,No,0,No,No,0,Credit Card,Express,,
SES502810,CUST10633,2025-11-02 00:00:00,20,MALE,Mumbai,Returning,4,Mobile,Referral,9.2,6,5,Fashion,Sneakers,4763,No,0,No,0,No,No,0,Debit Card,Express,,
SES505325,CUST10996,2026-01-29 00:00:00,48,MALE,Pune,New,0,Mobile,Email,7.1,4,4,Home & Kitchen,Coffee Maker,5716,No,0,Yes,5,Yes,No,0,Net Banking,Express,,
SES502551,CUST11857,2025-06-09 00:00:00,36,FEMALE,Lucknow,Returning,8,Mobile,Google,3,10,3,Books,Business Book,573,No,0,Yes,15,Yes,No,0,UPI,Express,,
SES502877,CUST11462,2025-07-15 00:00:00,26,MALE,Pune,Returning,13,Mobile,Direct,19.5,6,4,Fashion,Jacket,1415,Yes,2019,No,0,No,Yes,2245,Credit Card,Express,4,5
SES502830,CUST10929,2025-04-09 00:00:00,44,FEMALE,Mumbai,Returning,14,Desktop,Google,4.6,8,6,Books,Fiction Book,964,No,0,Yes,5,Yes,No,0,Net Banking,Standard,,
SES505047,CUST11501,2026-06-17 00:00:00,40,MALE,Pune,New,0,Desktop,Email,20.3,13,2,Fashion,Jacket,6883,No,0,Yes,25,Yes,No,0,UPI,Standard,,
SES501260,CUST11248,2025-11-15 00:00:00,22,FEMALE,Kolkata,New,0,Desktop,Referral,14.5,5,2,Fashion,Jacket,4460,No,0,Yes,25,No,No,0,Wallet,Standard,,
SES503077,CUST11582,2025-09-04 00:00:00,48,FEMALE,Hyderabad,New,0,Mobile,Direct,8,12,2,Books,Self Help Book,1101,No,0,No,0,No,No,0,UPI,Same Day,,
SES503451,CUST11960,2025-02-16 00:00:00,43,MALE,Bangalore,New,0,Mobile,Instagram,17,5,5,Electronics,Power Bank,34191,No,0,Yes,5,Yes,No,0,UPI,Express,,
SES502729,CUST10579,2025-11-25 00:00:00,32,MALE,Pune,New,0,Tablet,Direct,2.9,7,4,Beauty,Shampoo,3191,No,0,Yes,20,Yes,No,0,Debit Card,Standard,,
SES501520,CUST10576,2025-07-30 00:00:00,35,MALE,Lucknow,Returning,10,Mobile,Referral,7.7,12,9,Fashion,T-Shirt,6728,Yes,9905,No,0,No,Yes,9942,Credit Card,Standard,5,3.9
SES501379,CUST11696,2025-10-06 00:00:00,34,MALE,Bangalore,New,0,Desktop,Instagram,13.6,6,2,Beauty,Perfume,2103,No,0,Yes,10,No,Yes,2329,UPI,Standard,5,4.1
SES504405,CUST11478,2026-03-04 00:00:00,31,FEMALE,Mumbai,New,1,Desktop,Referral,3.2,9,4,Books,Biography,1294,No,0,No,0,No,No,0,UPI,Express,,
SES501024,CUST11709,2025-05-05 00:00:00,31,FEMALE,Delhi,Returning,2,Desktop,Instagram,4.3,9,2,Home & Kitchen,Bedsheet,5167,Yes,8657,Yes,20,No,No,0,Credit Card,Express,,
SES503035,CUST10274,2025-12-29 00:00:00,41,MALE,Bangalore,New,1,Mobile,Google,9.2,7,4,Home & Kitchen,Cookware Set,5771,No,0,Yes,20,Yes,No,0,Debit Card,Standard,,
SES504289,CUST10692,2025-10-23 00:00:00,36,MALE,Bangalore,Returning,8,Mobile,Google,6.5,8,4,Beauty,Perfume,3564,No,0,Yes,5,No,Yes,3116,UPI,Express,4.9,4.9
SES502410,CUST10779,2025-04-11 00:00:00,18,FEMALE,Jaipur,Returning,11,Mobile,Unknown,19.5,5,4,Electronics,Wireless Earbuds,9025,No,0,Yes,20,Yes,No,0,UPI,Standard,,
SES500913,CUST11725,2025-11-26 00:00:00,31,MALE,Mumbai,New,0,Mobile,Google,18,3,3,Fashion,Kurta,986,No,0,No,0,No,Yes,1597,Credit Card,Standard,3.7,3.2
SES504085,CUST10982,2026-01-10 00:00:00,18,FEMALE,Ahmedabad,New,0,Mobile,Direct,9,8,5,Sports,Cricket Bat,5526,Yes,12081,No,0,No,Yes,10390,UPI,Express,3.4,3.2
SES501676,CUST11386,2025-06-26 00:00:00,29,FEMALE,Chennai,New,1,Mobile,Direct,7.3,12,4,Electronics,Power Bank,17746,No,0,No,0,No,No,0,Cash on Delivery,Same Day,,
SES501747,CUST10662,2025-05-05 00:00:00,42,FEMALE,Hyderabad,New,0,Mobile,Google,14.6,9,2,Books,Academic Book,1566,No,0,No,0,No,No,0,UPI,Same Day,,
SES504726,CUST11451,2025-10-20 00:00:00,36,MALE,Hyderabad,New,0,Mobile,Email,13.3,12,10,Books,Self Help Book,2312,No,0,Yes,5,Yes,No,0,Wallet,Standard,,
SES501737,CUST11586,2025-01-27 00:00:00,19,MALE,Jaipur,Returning,5,Desktop,Google,14.1,13,3,Books,Academic Book,1312,No,0,Yes,25,Yes,No,0,Debit Card,Express,,
SES501630,CUST10043,2025-03-01 00:00:00,21,MALE,Delhi,Returning,3,Mobile,Facebook,6.4,5,4,Beauty,Moisturizer,4676,Yes,4852,Yes,20,No,No,0,UPI,Standard,,
SES504608,CUST11302,2026-06-12 00:00:00,25,MALE,Delhi,Returning,13,Mobile,Google,1.5,7,2,Fashion,Sneakers,1026,No,0,No,0,No,No,0,Cash on Delivery,Standard,,
SES500431,CUST10851,2025-12-22 00:00:00,30,MALE,Mumbai,New,0,Mobile,YouTube,3.3,10,4,Electronics,Smart Watch,12762,No,0,Yes,25,Yes,No,0,UPI,Standard,,
SES501809,CUST12002,2025-06-24 00:00:00,58,FEMALE,Lucknow,Returning,15,Mobile,Referral,3.1,7,3,Electronics,Smart Watch,31289,Yes,47362,No,0,No,No,0,Net Banking,Express,,
SES504415,CUST10663,2026-04-14 00:00:00,18,FEMALE,Delhi,New,0,Mobile,Direct,12.1,4,6,Sports,Running Shoes,1378,No,0,Yes,15,Yes,No,0,UPI,Standard,,
SES503605,CUST11574,2025-04-02 00:00:00,36,FEMALE,Pune,New,0,Mobile,YouTube,4.4,5,4,Fashion,T-Shirt,5852,No,0,No,0,No,Yes,9580,UPI,Standard,5,4.7
SES503442,CUST11737,2025-04-18 00:00:00,33,FEMALE,Delhi,New,0,Desktop,Direct,7.8,8,2,Books,Fiction Book,1280,Yes,2451,Yes,15,Yes,No,0,credit card,Standard,,
SES503520,CUST10040,2025-12-16 00:00:00,31,MALE,Kolkata,Returning,4,Desktop,YouTube,19.4,9,2,Electronics,Bluetooth Speaker,13988,Yes,28544,Yes,10,Yes,Yes,10890,Credit Card,Standard,4.3,4.7
SES504880,CUST12041,2025-10-30 00:00:00,45,FEMALE,Mumbai,New,0,Desktop,Instagram,12,6,4,Fashion,T-Shirt,2786,Yes,2304,Yes,15,No,Yes,3673,UPI,Standard,4.2,3
SES502223,CUST11980,2026-05-27 00:00:00,18,FEMALE,Pune,New,0,Mobile,Instagram,15.9,6,1,Home & Kitchen,Cookware Set,2761,Yes,4837,No,0,No,No,0,Credit Card,Standard,,
SES503870,CUST11757,2025-07-18 00:00:00,32,FEMALE,Delhi,Returning,8,Mobile,Instagram,11.9,9,6,Beauty,Moisturizer,912,No,0,No,0,Unknown,No,0,UPI,Standard,,
SES503270,CUST11467,2026-03-14 00:00:00,20,FEMALE,Bangalore,New,0,Mobile,Google,8.2,6,4,Home & Kitchen,Bedsheet,6914,No,0,No,0,No,No,0,UPI,Standard,,
SES505381,CUST11937,2025-07-23 00:00:00,49,MALE,Bangalore,Returning,3,Desktop,Google,12.7,9,2,Electronics,Power Bank,8749,No,0,No,0,No,No,0,Credit Card,Express,,
SES503686,CUST11858,2025-03-15 00:00:00,18,FEMALE,Bangalore,Returning,6,Mobile,Facebook,14.9,12,7,Beauty,Moisturizer,4005,Yes,4703,Yes,20,Yes,Yes,5080,UPI,Express,4,5
SES505538,CUST10219,2026-06-16 00:00:00,31,FEMALE,Lucknow,Returning,14,Desktop,Google,8.9,11,3,Home & Kitchen,Cookware Set,12890,Yes,13625,No,0,No,Yes,14735,UPI,Standard,4.8,4.2
SES505853,CUST11444,2025-11-25 00:00:00,29,FEMALE,Pune,New,0,Mobile,Referral,7.3,7,3,Fashion,Sneakers,3238,Yes,6380,Yes,25,Unknown,Yes,6392,Debit Card,Standard,3.6,3.9
SES501996,CUST10663,2026-05-15 00:00:00,35,FEMALE,Bangalore,New,0,Mobile,Google,16.7,9,5,Fashion,T-Shirt,1109,Yes,2401,Yes,10,No,Yes,953,UPI,Same Day,3.6,5
SES504307,CUST10618,2026-01-22 00:00:00,28,MALE,Hyderabad,Returning,11,Tablet,Referral,5,10,4,Fashion,Jeans,5393,No,0,No,0,No,No,0,UPI,Express,,
SES502225,CUST10611,2026-06-26 00:00:00,43,MALE,Hyderabad,New,0,Mobile,Instagram,19.4,9,6,Electronics,Headphones,16045,No,0,No,0,No,No,0,Credit Card,Express,,
SES501107,CUST10615,2026-01-09 00:00:00,26,MALE,Kolkata,Returning,9,Mobile,Google,11.2,6,4,Fashion,Sneakers,1478,Yes,2113,Yes,25,Yes,Yes,2480,Cash on Delivery,Standard,4.5,3.7
SES504966,CUST11463,2025-04-07 00:00:00,18,FEMALE,Jaipur,Returning,15,Mobile,Instagram,6.4,7,2,Electronics,Headphones,32240,No,0,Yes,15,Yes,No,0,Cash on Delivery,Express,,
SES500819,CUST11203,2025-04-24 00:00:00,18,FEMALE,Mumbai,New,0,Mobile,Google,8.6,5,5,Home & Kitchen,Cookware Set,6149,Yes,9741,No,0,No,No,0,Wallet,Express,,
SES505665,CUST10446,2025-10-11 00:00:00,37,MALE,Chennai,New,0,Mobile,YouTube,2.2,11,3,Sports,Yoga Mat,1721,No,0,No,0,No,No,0,Net Banking,Same Day,,
SES504382,CUST11712,2026-06-12 00:00:00,,FEMALE,Hyderabad,Returning,14,Mobile,Instagram,13.2,3,4,Electronics,Power Bank,16965,Yes,23408,Yes,5,Yes,No,0,Credit Card,Express,,
SES501698,CUST10483,2025-02-06 00:00:00,31,MALE,Lucknow,New,0,Desktop,Instagram,10.4,4,2,Home & Kitchen,Table Lamp,9059,No,0,Yes,25,Yes,No,0,Credit Card,Express,,
SES502573,CUST11065,2025-05-22 00:00:00,29,MALE,Pune,Returning,11,Mobile,Facebook,6.9,9,4,Books,Self Help Book,2042,No,0,No,0,No,No,0,UPI,Standard,,
SES500137,CUST11258,2025-02-22 00:00:00,18,FEMALE,Bangalore,New,1,Mobile,Referral,9.4,6,3,Electronics,Bluetooth Speaker,12550,No,0,No,0,No,No,0,UPI,Standard,,
SES503277,CUST10821,2025-11-21 00:00:00,30,MALE,Chennai,Returning,6,Mobile,Google,3.7,5,5,Fashion,Sneakers,1884,Yes,3378,No,0,No,Yes,2985,Credit Card,Express,3,3.6
SES502955,CUST11593,2025-11-07 00:00:00,28,MALE,Ahmedabad,Returning,3,Desktop,Direct,5.7,10,3,Home & Kitchen,Cookware Set,4480,No,0,Yes,15,Yes,No,0,Cash on Delivery,Standard,,
SES505346,CUST10180,2026-05-18 00:00:00,30,MALE,Pune,Returning,11,Desktop,Instagram,4.1,6,4,Beauty,Lipstick,1394,Yes,2681,Yes,10,Yes,Yes,1684,Credit Card,Standard,3.3,5
SES501181,CUST10054,2025-10-10 00:00:00,35,FEMALE,Delhi,New,0,Mobile,Instagram,11.5,8,6,Books,Biography,397,No,0,No,0,No,No,0,UPI,Standard,,
SES504686,CUST10778,2025-07-24 00:00:00,31,FEMALE,Mumbai,New,0,Mobile,Instagram,18.9,10,4,Fashion,Kurta,5134,No,0,No,0,No,No,0,UPI,Standard,,
SES500889,CUST10955,2026-05-21 00:00:00,21,FEMALE,Lucknow,New,0,Mobile,Google,9.6,7,2,Beauty,Shampoo,473,No,0,No,0,No,No,0,Net Banking,Express,,
SES502690,CUST11240,2025-05-16 00:00:00,26,MALE,Ahmedabad,New,0,Desktop,Direct,10.7,8,1,Fashion,T-Shirt,2022,Yes,2754,Yes,20,Yes,No,0,Credit Card,Express,,
SES505137,CUST11523,2025-01-18 00:00:00,30,FEMALE,Delhi,Returning,8,Mobile,Referral,9.3,4,4,Beauty,Shampoo,1086,No,0,No,0,No,No,0,Debit Card,Standard,,
SES505482,CUST10741,2025-07-23 00:00:00,20,MALE,Kolkata,New,0,Desktop,Google,2.4,11,3,Beauty,Shampoo,2326,No,0,No,0,No,No,0,Net Banking,Express,,
SES500818,CUST11670,2026-04-12 00:00:00,23,MALE,Kolkata,Returning,2,Desktop,Direct,11,9,2,Books,Fiction Book,1337,No,0,Yes,30,Yes,No,0,cash on delivery,Standard,,
SES501112,CUST11195,2026-06-23 00:00:00,21,MALE,Ahmedabad,Returning,10,Mobile,Instagram,6.4,5,1,Fashion,Kurta,2816,Yes,6454,No,0,No,Yes,4378,UPI,Standard,4.9,4.9
SES504868,CUST11872,2025-01-15 00:00:00,44,MALE,Bangalore,Returning,4,Tablet,Direct,19.9,5,5,Beauty,Perfume,2600,Yes,3852,No,0,No,Yes,3416,UPI,Standard,4.3,4.3
SES502342,CUST11603,2025-11-05 00:00:00,24,FEMALE,Hyderabad,Returning,6,Mobile,Direct,8.4,6,5,Home & Kitchen,Table Lamp,8412,Yes,6983,Yes,10,No,Yes,14367,Debit Card,Standard,2.2,4.7
SES504450,CUST11535,2026-01-07 00:00:00,30,MALE,Hyderabad,New,0,Desktop,Instagram,4.8,11,3,Home & Kitchen,Bedsheet,4484,Yes,8174,Yes,15,Yes,Yes,5034,Debit Card,Standard,4,3.2
SES503801,CUST11253,2026-06-05 00:00:00,45,MALE,Kolkata,Returning,14,Mobile,Google,4.2,4,6,Electronics,Headphones,33684,No,0,No,0,No,No,0,UPI,Standard,,
SES501265,CUST12065,2025-10-22 00:00:00,46,MALE,Hyderabad,New,0,Desktop,Unknown,5.8,14,3,Sports,Running Shoes,3383,No,0,No,0,No,No,0,UPI,Standard,,
SES500991,CUST11304,2025-11-24 00:00:00,40,MALE,Delhi,New,0,Mobile,Google,8.4,6,4,Home & Kitchen,Coffee Maker,13970,No,0,No,0,No,No,0,Wallet,Standard,,
SES505803,CUST10990,2025-09-28 00:00:00,33,MALE,Delhi,New,0,Tablet,YouTube,15.7,6,2,Electronics,Smart Watch,28646,Yes,49581,No,0,No,Yes,41097,Net Banking,Express,3.8,3.6
SES501740,CUST10342,2026-02-26 00:00:00,18,FEMALE,Mumbai,New,1,Desktop,Instagram,24.3,7,3,Electronics,Headphones,6284,No,0,Yes,15,Yes,No,0,Credit Card,Standard,,
SES503916,CUST11969,2026-03-06 00:00:00,33,MALE,Chennai,Returning,4,Mobile,Google,8.7,7,4,Beauty,Face Wash,3356,Yes,6399,No,0,No,Yes,3529,UPI,Standard,3.9,4
SES500354,CUST10997,2025-03-17 00:00:00,21,FEMALE,Mumbai,New,0,Mobile,Instagram,9,5,2,Beauty,Moisturizer,2874,No,0,Yes,15,Yes,No,0,Cash on Delivery,Same Day,,
SES504597,CUST11568,2025-10-02 00:00:00,35,FEMALE,Jaipur,New,0,Mobile,Facebook,4.8,8,2,Fashion,Jeans,4632,Yes,9513,No,0,No,No,0,Cash on Delivery,Standard,,
SES502707,CUST10881,2026-04-19 00:00:00,26,FEMALE,Chennai,Returning,12,Desktop,Google,20.4,5,3,Books,Fiction Book,1178,Yes,1401,No,0,No,Yes,1474,Cash on Delivery,Standard,4,3.4
SES504231,CUST10491,2025-11-02 00:00:00,23,MALE,Chennai,New,0,Mobile,YouTube,15.1,4,2,Beauty,Shampoo,736,No,0,Yes,5,Yes,No,0,UPI,Standard,,
SES501490,CUST10553,2026-03-18 00:00:00,28,FEMALE,Kolkata,Returning,10,Desktop,Instagram,5.6,8,3,Sports,Cricket Bat,3444,No,0,Yes,5,No,Yes,6394,Credit Card,Standard,5,4.8
SES505513,CUST10254,2025-05-21 00:00:00,36,FEMALE,Bangalore,New,0,Desktop,Instagram,18.4,8,7,Sports,Dumbbells,8530,Yes,8934,No,0,No,Yes,18469,Debit Card,Standard,5,3
SES501229,CUST12163,2025-01-16 00:00:00,47,MALE,Delhi,Returning,3,Mobile,Direct,8.2,8,6,Books,Academic Book,1989,No,0,No,0,No,No,0,Net Banking,Standard,,
SES503110,CUST10420,2025-08-05 00:00:00,39,MALE,Bangalore,New,0,Desktop,Direct,10.5,6,2,Electronics,Smart Watch,19899,No,0,Yes,10,Yes,No,0,UPI,Express,,
SES502723,CUST10696,2025-10-28 00:00:00,18,MALE,Lucknow,New,0,Mobile,Facebook,26.8,9,3,Fashion,Sneakers,6214,Yes,10466,Yes,5,Yes,Yes,6868,Net Banking,Express,3.2,5
SES505714,CUST12090,2025-10-06 00:00:00,33,FEMALE,Mumbai,New,1,Mobile,Instagram,3,9,3,Fashion,Jacket,1799,Yes,2608,Yes,20,Yes,No,0,Credit Card,Standard,,
SES505648,CUST10453,2025-01-15 00:00:00,18,FEMALE,Hyderabad,New,0,Mobile,Direct,13.4,5,4,Beauty,Moisturizer,4135,No,0,No,0,No,No,0,Credit Card,Express,,
SES500053,CUST10202,2026-06-24 00:00:00,26,MALE,Bangalore,Returning,6,Desktop,Direct,12.1,5,4,Fashion,Jacket,5270,Yes,10742,No,0,No,No,0,UPI,Standard,,
SES503160,CUST10561,2026-01-20 00:00:00,43,FEMALE,Pune,New,0,Mobile,Google,14.8,10,5,Books,Business Book,1037,Yes,1062,No,0,No,Yes,1431,Debit Card,Standard,4,3.4
SES502777,CUST10183,2025-01-29 00:00:00,40,FEMALE,Bangalore,New,0,Mobile,Google,2.6,7,3,Books,Biography,1574,No,0,No,0,No,No,0,Credit Card,Express,,
SES505755,CUST11389,2025-06-23 00:00:00,26,MALE,Mumbai,New,0,Mobile,Direct,14.7,7,3,Books,Fiction Book,1175,Yes,2303,No,0,No,Yes,1957,UPI,Express,4.6,4.2
SES504676,CUST10429,2025-03-22 00:00:00,33,MALE,Bangalore,New,0,Desktop,Referral,3.2,5,7,Electronics,Headphones,4936,No,0,Yes,15,Yes,Yes,9052,Credit Card,Express,4.8,3.5
SES503693,CUST10296,2025-02-09 00:00:00,27,MALE,Hyderabad,New,1,Mobile,Direct,2,8,3,Books,Academic Book,1799,No,0,No,0,No,No,0,Cash on Delivery,Standard,,
SES501590,CUST10704,2025-03-11 00:00:00,34,MALE,Mumbai,Returning,13,Desktop,Referral,6.4,9,7,Electronics,Bluetooth Speaker,27702,No,0,No,0,No,No,0,UPI,Express,,
SES501480,CUST10530,2025-11-04 00:00:00,31,FEMALE,Bangalore,Returning,3,Mobile,Google,4.9,9,5,Home & Kitchen,Storage Box,14398,Yes,28502,Yes,5,Yes,No,0,Debit Card,Express,,
SES501470,CUST11536,2025-04-22 00:00:00,27,MALE,Kolkata,New,0,Desktop,Google,14.5,6,3,Home & Kitchen,Coffee Maker,1650,Yes,2357,Yes,5,Yes,No,0,Net Banking,Standard,,
SES505476,CUST10139,2025-03-30 00:00:00,34,MALE,Bangalore,New,0,Tablet,Direct,5.2,3,3,Electronics,Bluetooth Speaker,18335,Yes,37809,Yes,10,Yes,No,0,Net Banking,Standard,,
SES504376,CUST11448,2025-03-03 00:00:00,35,MALE,Mumbai,Returning,6,Mobile,Instagram,7.1,11,3,Fashion,Jeans,2157,Yes,3881,No,0,No,Yes,4411,UPI,Standard,4.3,3.4
SES502079,CUST11100,2026-06-17 00:00:00,24,FEMALE,Hyderabad,New,0,Mobile,Email,6.3,9,3,Fashion,Jacket,2928,No,0,Yes,5,No,No,0,UPI,Standard,,
SES503490,CUST11622,2025-09-29 00:00:00,33,FEMALE,Bangalore,New,0,Mobile,Google,6,10,5,Sports,Dumbbells,983,Yes,2246,Yes,25,Yes,Yes,1931,UPI,Standard,2.7,3.8
SES505947,CUST11466,2025-02-26 00:00:00,25,FEMALE,Pune,Returning,10,Mobile,YouTube,9,9,8,Books,Fiction Book,819,Yes,1401,Yes,15,No,No,0,Cash on Delivery,Express,,
SES503415,CUST12157,2025-04-26 00:00:00,33,MALE,Jaipur,Returning,15,Mobile,Facebook,6.1,6,2,Fashion,Sneakers,6264,Yes,7691,No,0,No,No,0,UPI,Express,,
SES500437,CUST11168,2026-02-07 00:00:00,34,FEMALE,Kolkata,New,0,Mobile,Google,3.7,10,8,Electronics,Bluetooth Speaker,22662,No,0,Yes,20,No,No,0,Debit Card,Express,,
SES504976,CUST10566,2026-02-07 00:00:00,41,MALE,Delhi,New,0,Mobile,Referral,9.2,5,2,Electronics,Wireless Earbuds,29062,No,0,No,0,No,No,0,Debit Card,Standard,,
SES504280,CUST10784,2026-06-25 00:00:00,40,MALE,Bangalore,New,0,Tablet,Direct,19.9,7,1,Beauty,Perfume,3582,Yes,7180,No,0,No,Yes,4623,UPI,Standard,4,4.1
SES501589,CUST11010,2025-10-03 00:00:00,25,MALE,Jaipur,New,0,Mobile,Google,11.3,7,4,Home & Kitchen,Bedsheet,5757,No,0,Yes,15,No,No,0,UPI,Express,,
SES504441,CUST11379,2025-09-04 00:00:00,43,MALE,Hyderabad,New,0,Mobile,Instagram,7.5,4,7,Sports,Cricket Bat,5415,Yes,10136,Yes,5,No,Yes,9571,UPI,Standard,3.5,4
SES501591,CUST10575,2026-01-07 00:00:00,22,MALE,Bangalore,Returning,4,Desktop,Google,19.1,5,4,Beauty,Moisturizer,4351,No,0,No,0,No,No,0,UPI,Standard,,
SES503289,CUST11031,2025-06-13 00:00:00,18,MALE,Ahmedabad,New,0,Mobile,Facebook,1.7,7,2,Books,Self Help Book,805,No,0,Yes,25,Yes,No,0,Credit Card,Express,,
SES500974,CUST11921,2026-01-23 00:00:00,18,MALE,Lucknow,New,0,Mobile,Facebook,8,9,4,Books,Self Help Book,1205,No,0,Yes,10,Yes,No,0,UPI,Standard,,
SES501239,CUST12140,2025-04-19 00:00:00,25,FEMALE,Bangalore,New,0,Mobile,Referral,9.1,10,2,Electronics,Headphones,15285,No,0,No,0,No,No,0,UPI,Standard,,
SES502343,CUST10442,2026-04-07 00:00:00,48,MALE,Delhi,Returning,6,Mobile,Direct,10.2,6,2,Fashion,Jacket,6294,No,0,Yes,10,No,No,0,UPI,Standard,,
SES502504,CUST10001,2026-03-31 00:00:00,30,MALE,Mumbai,New,0,Mobile,Instagram,17.1,5,7,Sports,Football,4923,Yes,11758,Yes,10,No,Yes,10095,UPI,Same Day,3.7,3
SES505376,CUST11830,2026-03-28 00:00:00,36,MALE,Hyderabad,Returning,10,Mobile,YouTube,6,6,3,Electronics,Headphones,23251,Yes,30304,Yes,10,Yes,Yes,18357,Cash on Delivery,Express,5,4.2
SES505187,CUST10391,2025-10-01 00:00:00,35,MALE,Ahmedabad,Returning,4,Mobile,Email,24.8,8,3,Electronics,Headphones,26766,No,0,No,0,No,No,0,UPI,Standard,,
SES502232,CUST11092,2026-06-24 00:00:00,37,MALE,Delhi,Returning,11,Mobile,Google,6.7,6,4,Fashion,Kurta,5798,No,0,No,0,No,No,0,Debit Card,Same Day,,
SES502550,CUST10268,2026-03-10 00:00:00,43,FEMALE,Hyderabad,Returning,5,Mobile,Google,9.2,6,6,Beauty,Face Wash,1360,Yes,1813,Yes,5,Yes,Yes,2262,UPI,Standard,3.8,5
SES501498,CUST10130,2025-04-24 00:00:00,34,FEMALE,Delhi,Returning,9,Desktop,Google,2.4,7,3,Fashion,T-Shirt,1835,No,0,Yes,20,No,Yes,4010,UPI,Standard,3.6,4.1
SES500450,CUST11198,2026-03-24 00:00:00,65,FEMALE,Mumbai,Returning,12,Mobile,Direct,2.5,6,3,Books,Biography,219,Yes,522,Yes,10,Yes,Yes,395,Credit Card,Express,3.3,3.9
SES502370,CUST10281,2025-12-07 00:00:00,36,MALE,Pune,New,0,Tablet,Email,3,6,3,Beauty,Face Wash,3998,Yes,6054,Yes,20,Yes,Yes,5456,Cash on Delivery,Standard,3.6,3.3
SES503404,CUST11838,2025-09-25 00:00:00,39,MALE,Pune,Returning,13,Mobile,Direct,9.8,7,4,Electronics,Wireless Earbuds,25623,Yes,31211,Yes,10,Yes,Yes,39633,Credit Card,Same Day,4.2,4.1
SES502423,CUST11059,2025-10-29 00:00:00,20,MALE,Mumbai,Returning,14,Mobile,Google,6.7,7,6,Fashion,Jacket,3359,Yes,3827,No,0,No,No,0,UPI,Standard,,
SES505417,CUST11153,2025-12-12 00:00:00,29,FEMALE,Mumbai,Returning,8,Mobile,Email,8,6,3,Home & Kitchen,Cookware Set,12448,Yes,19368,No,0,No,No,0,Credit Card,Standard,,
SES503943,CUST11774,2025-07-21 00:00:00,31,MALE,Delhi,Returning,3,Desktop,Instagram,2.5,9,6,Sports,Football,11168,No,0,No,0,No,Yes,13128,Credit Card,Express,3.9,3.7
SES501552,CUST10217,2025-07-19 00:00:00,27,MALE,Mumbai,New,1,Desktop,Direct,4.2,7,4,Electronics,Headphones,14250,No,0,Yes,15,No,No,0,UPI,Standard,,
SES505348,CUST11270,2025-04-14 00:00:00,27,FEMALE,Lucknow,New,0,Mobile,Google,9.2,10,3,Beauty,Lipstick,2619,No,0,No,0,No,No,0,Credit Card,Standard,,
SES501147,CUST12051,2026-03-06 00:00:00,41,FEMALE,Bangalore,New,0,Desktop,Referral,5.9,9,5,Sports,Football,9998,Yes,21458,Yes,5,Yes,Yes,16664,Wallet,Same Day,3.5,4.3
SES505738,CUST11081,2025-11-07 00:00:00,28,FEMALE,Mumbai,New,0,Mobile,Direct,4.8,5,5,Electronics,Power Bank,31365,No,0,Yes,10,Yes,No,0,UPI,Standard,,
SES502093,CUST10831,2026-04-13 00:00:00,37,MALE,Delhi,New,0,Mobile,Referral,10.8,8,2,Books,Business Book,1695,No,0,Yes,5,No,No,0,Credit Card,Standard,,
SES501314,CUST10974,2025-04-24 00:00:00,27,MALE,Mumbai,Returning,8,Tablet,Email,13.4,7,3,Electronics,Smart Watch,8272,No,0,Yes,5,Yes,No,0,Debit Card,Standard,,
SES502016,CUST11654,2025-05-16 00:00:00,26,MALE,Chennai,New,0,Mobile,Google,13.3,7,1,Beauty,Face Wash,1782,No,0,Yes,15,No,No,0,Wallet,Express,,
SES503306,CUST10644,2025-04-16 00:00:00,26,FEMALE,Pune,New,0,Mobile,Facebook,5.9,5,4,Fashion,Jeans,835,Yes,2068,No,0,No,Yes,1754,UPI,Standard,5,4.5
SES502761,CUST11037,2025-02-28 00:00:00,41,MALE,Kolkata,Returning,11,Mobile,YouTube,24.9,10,5,Electronics,Power Bank,16154,Yes,30218,No,0,No,Yes,33005,UPI,Same Day,4.9,4.5
SES503706,CUST11205,2025-05-19 00:00:00,26,MALE,Delhi,New,0,Mobile,Google,3,7,3,Sports,Running Shoes,11164,Yes,25694,No,0,No,No,0,Credit Card,Express,,
SES501382,CUST11110,2026-03-30 00:00:00,33,MALE,Ahmedabad,New,1,Desktop,YouTube,15.2,7,3,Beauty,Lipstick,412,Yes,649,No,0,No,No,0,UPI,Express,,
SES503286,CUST11473,2025-04-30 00:00:00,33,FEMALE,Kolkata,New,0,Mobile,Instagram,14.7,7,4,Electronics,Wireless Earbuds,32245,Yes,44516,Yes,20,Yes,No,0,UPI,Express,,
SES500414,CUST11549,2026-05-18 00:00:00,34,FEMALE,Delhi,Returning,9,Mobile,Google,11.8,6,5,Books,Fiction Book,2261,Yes,3995,Yes,10,Yes,No,0,UPI,Standard,,
SES500942,CUST10055,2025-03-25 00:00:00,45,MALE,Jaipur,Returning,3,Mobile,Facebook,9.2,4,7,Beauty,Face Wash,2998,No,0,No,0,No,No,0,Wallet,Express,,
SES500802,CUST11864,2025-07-10 00:00:00,35,MALE,Pune,New,1,Mobile,Google,7,8,3,Electronics,Power Bank,19410,No,0,No,0,No,No,0,Credit Card,Standard,,
SES502535,CUST11843,2026-03-26 00:00:00,18,MALE,Delhi,New,0,Tablet,Facebook,14.3,10,1,Beauty,Shampoo,4192,Yes,5029,Yes,25,Yes,No,0,Net Banking,Standard,,
SES503981,CUST10149,2026-05-03 00:00:00,42,FEMALE,Chennai,Returning,10,Desktop,Direct,15.9,4,3,Books,Academic Book,504,Yes,568,No,0,No,Yes,1024,Credit Card,Standard,4,4.4
SES500257,CUST11070,2025-04-28 00:00:00,28,MALE,Hyderabad,Returning,4,Tablet,Email,13,4,2,Fashion,Jacket,5913,Yes,13110,Yes,5,Yes,Yes,8038,Credit Card,Standard,3.7,4.3
SES505921,CUST11933,2025-10-28 00:00:00,18,FEMALE,Delhi,New,0,Desktop,Google,19.8,8,5,Sports,Yoga Mat,11218,Yes,16549,Yes,5,Yes,Yes,,Debit Card,Standard,4.5,4.7
SES502236,CUST12127,2025-12-31 00:00:00,39,MALE,Ahmedabad,Returning,5,Mobile,Direct,6.7,7,2,Beauty,Moisturizer,1412,No,0,Yes,15,No,No,0,UPI,Standard,,
SES500648,CUST11969,2025-02-02 00:00:00,42,UNKNOWN,Chennai,Returning,3,Desktop,Instagram,8.8,9,3,Beauty,Face Wash,308,No,0,No,0,No,No,0,UPI,Standard,,
SES501768,CUST11108,2026-02-11 00:00:00,23,FEMALE,Chennai,New,0,Mobile,Instagram,18.3,10,5,Fashion,Jacket,5605,No,0,Yes,10,Yes,No,0,UPI,Standard,,
SES504129,CUST11412,2026-04-14 00:00:00,41,MALE,Delhi,Returning,9,Mobile,Email,7.6,8,3,Electronics,Smart Watch,25991,Yes,47675,Yes,5,Yes,Yes,20093,Credit Card,Express,5,2.7
SES502524,CUST10594,2025-07-23 00:00:00,22,MALE,Delhi,New,0,Desktop,Google,14.7,7,2,Home & Kitchen,Bedsheet,8987,No,0,Yes,20,No,Yes,13348,Debit Card,Express,3.4,3.8
SES503899,CUST10883,2025-05-28 00:00:00,24,MALE,Ahmedabad,New,0,Mobile,Direct,6.6,7,3,Beauty,Perfume,3657,Yes,8809,Yes,15,Yes,No,0,UPI,Standard,,
SES502969,CUST12051,2025-03-22 00:00:00,38,FEMALE,Delhi,New,1,Desktop,Instagram,4.1,2,3,Home & Kitchen,Coffee Maker,11506,Yes,22594,No,0,No,No,0,Cash on Delivery,Standard,,
SES500025,CUST10976,2025-03-26 00:00:00,36,FEMALE,Delhi,New,1,Mobile,Email,9.4,3,2,Fashion,T-Shirt,6746,Yes,13242,Yes,25,Yes,No,0,UPI,Standard,,
SES501089,CUST10778,2025-04-18 00:00:00,35,MALE,Chennai,New,0,Mobile,Direct,13.9,7,2,Beauty,Lipstick,2266,No,0,Yes,5,Yes,No,0,UPI,Standard,,
SES505120,CUST11787,2026-06-20 00:00:00,34,MALE,Hyderabad,Returning,12,Mobile,Email,2.6,3,1,Fashion,Jacket,6118,Yes,6784,No,0,No,Yes,6017,Cash on Delivery,Same Day,3.4,4.7
SES503129,CUST10254,2025-08-10 00:00:00,21,FEMALE,Jaipur,Returning,11,Mobile,Direct,12,5,5,Sports,Running Shoes,8404,No,0,No,0,No,No,0,Credit Card,Standard,,
SES500113,CUST11723,2026-01-15 00:00:00,30,FEMALE,Bangalore,New,0,Mobile,Instagram,16.4,8,4,Home & Kitchen,Bedsheet,6428,No,0,No,0,No,No,0,UPI,Same Day,,
SES502312,CUST10986,2025-08-22 00:00:00,33,FEMALE,Lucknow,Returning,7,Mobile,Google,9.4,8,3,Electronics,Power Bank,5826,No,0,No,0,No,Yes,12355,Credit Card,Standard,3.6,3.4
SES502803,CUST10818,2026-05-09 00:00:00,20,MALE,Pune,New,0,Mobile,Google,7.6,14,8,Fashion,Jeans,5075,No,0,No,0,No,No,0,Credit Card,Standard,,
SES500057,CUST10456,2025-05-21 00:00:00,24,MALE,Delhi,Returning,7,Mobile,Instagram,7.3,8,4,Fashion,Kurta,1620,No,0,No,0,No,No,0,Credit Card,Standard,,
SES501310,CUST10887,2025-02-14 00:00:00,30,MALE,Ahmedabad,Returning,2,Mobile,Referral,6.7,10,2,Beauty,Perfume,2810,No,0,No,0,No,No,0,UPI,Standard,,
SES500696,CUST12193,2025-11-13 00:00:00,27,FEMALE,Delhi,Returning,12,Mobile,Direct,16,5,7,Fashion,T-Shirt,4402,Yes,5437,No,0,No,Yes,5314,Cash on Delivery,Express,2.9,5
SES505810,CUST12035,2025-01-01 00:00:00,47,MALE,Bangalore,New,0,Mobile,Email,8.9,9,2,Electronics,Headphones,8607,No,0,No,0,No,No,0,Credit Card,Express,,
SES501228,CUST10318,2025-08-16 00:00:00,31,FEMALE,Bangalore,New,1,Mobile,Direct,18.7,12,4,Sports,Cricket Bat,11783,No,0,No,0,No,No,0,UPI,Standard,,
SES502000,CUST10662,2026-03-14 00:00:00,26,MALE,Pune,Returning,7,Desktop,Google,4.7,3,10,Beauty,Lipstick,3742,Yes,4517,Yes,10,No,Yes,3624,Cash on Delivery,Express,4.6,4
SES500277,CUST11896,2026-06-19 00:00:00,33,FEMALE,Jaipur,New,1,Mobile,YouTube,7,9,4,Fashion,Sneakers,946,Yes,1211,No,0,No,No,0,Cash on Delivery,Standard,,
SES502695,CUST11715,2026-02-11 00:00:00,32,MALE,Mumbai,Returning,15,Mobile,YouTube,8.8,3,4,Fashion,T-Shirt,2222,Yes,5252,Yes,10,Unknown,Yes,3295,Net Banking,Standard,3.1,4.5
SES502943,CUST11595,2025-08-10 00:00:00,44,FEMALE,Jaipur,Returning,3,Mobile,Instagram,6.2,8,5,Home & Kitchen,Table Lamp,1092,No,0,Yes,20,Yes,No,0,Wallet,Express,,
SES501834,CUST10390,2025-11-08 00:00:00,37,MALE,Pune,Returning,2,Mobile,YouTube,13.2,9,5,Beauty,Lipstick,1833,No,0,Yes,5,Yes,Yes,1460,Cash on Delivery,Standard,2.9,2.7
SES500683,CUST11907,2026-01-24 00:00:00,39,MALE,Bangalore,Returning,15,Desktop,Instagram,9.4,7,6,Electronics,Power Bank,26565,Yes,43602,No,0,No,Yes,37016,Credit Card,Standard,4.2,4.3
SES504943,CUST11491,2025-10-06 00:00:00,29,MALE,Mumbai,Returning,11,Mobile,Direct,20.5,6,4,Sports,Cricket Bat,2480,Yes,4426,No,0,No,No,0,Debit Card,Standard,,
SES504358,CUST10298,2025-08-22 00:00:00,31,MALE,Pune,Returning,10,Tablet,Google,5,5,6,Sports,Yoga Mat,3069,No,0,No,0,No,No,0,Net Banking,Standard,,
SES502900,CUST11402,2026-05-20 00:00:00,38,MALE,Delhi,New,0,Mobile,Instagram,8.3,8,4,Beauty,Face Wash,2124,Yes,4311,Yes,15,No,No,0,UPI,Standard,,
SES501138,CUST10748,2025-05-11 00:00:00,26,MALE,Lucknow,New,0,Mobile,Google,12.9,5,8,Electronics,Bluetooth Speaker,17394,No,0,No,0,No,No,0,UPI,Standard,,
SES503794,CUST10048,2025-09-10 00:00:00,40,FEMALE,Mumbai,New,0,Mobile,Facebook,13.4,2,4,Sports,Football,10594,Yes,10678,Yes,5,Yes,No,0,UPI,Standard,,
SES505817,CUST10314,2025-11-11 00:00:00,22,MALE,Pune,Returning,5,Tablet,YouTube,9.7,7,2,Books,Biography,1635,Yes,4082,Yes,15,Yes,Yes,1471,UPI,Standard,4.6,4.7
SES503046,CUST11428,2025-05-07 00:00:00,19,FEMALE,Delhi,Returning,9,Mobile,Email,6.4,6,2,Home & Kitchen,Table Lamp,9562,No,0,Yes,15,Yes,Yes,7416,UPI,Standard,4.2,4
SES504360,CUST11761,2025-10-25 00:00:00,30,FEMALE,Chennai,New,0,Desktop,Direct,5.6,7,4,Fashion,Sneakers,4545,Yes,6626,Yes,15,No,No,0, UPI ,Express,,
SES505019,CUST11809,2025-09-14 00:00:00,40,MALE,Kolkata,New,0,Mobile,Referral,8.2,6,2,Sports,Football,9378,No,0,Yes,30,Yes,No,0,Cash on Delivery,Express,,
SES501347,CUST10527,2025-05-27 00:00:00,18,FEMALE,Hyderabad,Returning,10,Desktop,Google,10,5,6,Home & Kitchen,Cookware Set,5168,No,0,No,0,No,No,0,Cash on Delivery,Express,,
SES503405,CUST10567,2025-05-27 00:00:00,18,MALE,Mumbai,New,0,Desktop,Google,6.4,8,3,Fashion,Jacket,2117,No,0,Yes,15,Yes,Yes,3793,UPI,Express,4.1,2.4
SES502982,CUST11276,2025-12-09 00:00:00,40,FEMALE,Chennai,Returning,4,Mobile,Instagram,4.6,7,1,Electronics,Headphones,4693,No,0,Yes,10,Yes,Yes,7150,Credit Card,Standard,3.5,5
SES502835,CUST11630,2026-04-01 00:00:00,26,FEMALE,Hyderabad,Returning,7,Mobile,Google,17.9,5,5,Sports,Cricket Bat,3157,Yes,5552,No,0,No,Yes,2901,Cash on Delivery,Express,3.4,3.3
SES502385,CUST10787,2025-08-10 00:00:00,19,MALE,Kolkata,New,0,Tablet,YouTube,11,7,5,Books,Self Help Book,1828,Yes,2005,No,0,No,Yes,2822,Cash on Delivery,Standard,4.6,3.3
SES503968,CUST11187,2025-06-30 00:00:00,42,MALE,Chennai,New,0,Mobile,Referral,35,6,2,Electronics,Wireless Earbuds,13937,Yes,24606,No,0,No,Yes,23041,Debit Card,Express,4.6,4
SES505749,CUST11948,2025-08-16 00:00:00,39,FEMALE,Hyderabad,Returning,9,Mobile,Referral,16.4,8,3,Home & Kitchen,Bedsheet,4779,Yes,10143,No,0,No,Yes,9661,UPI,Standard,3.3,3.9
SES503808,CUST11631,2026-02-07 00:00:00,18,MALE,Pune,Returning,12,Mobile,Google,10.9,5,3,Beauty,Lipstick,552,Yes,1062,No,0,No,No,0,Debit Card,Standard,,
SES502643,CUST11004,2025-10-04 00:00:00,42,FEMALE,Jaipur,New,0,Desktop,YouTube,2.6,7,5,Electronics,Headphones,15077,Yes,27586,Yes,30,Yes,No,0,Cash on Delivery,Standard,,
SES503413,CUST10137,2026-02-10 00:00:00,34,FEMALE,Jaipur,New,0,Mobile,Google,8.3,7,3,Beauty,Moisturizer,3221,No,0,No,0,No,No,0,Cash on Delivery,Standard,,
SES502603,CUST11400,2025-11-30 00:00:00,24,FEMALE,Chennai,Returning,2,Mobile,Email,7,5,7,Home & Kitchen,Cookware Set,971,No,0,Yes,30,No,No,0,UPI,Standard,,
SES505978,CUST12005,2026-03-12 00:00:00,27,FEMALE,Chennai,New,0,Mobile,Google,15.3,10,5,Fashion,Sneakers,5423,Yes,13130,Yes,25,Yes,Yes,6491,UPI,Express,4.6,3.7
SES505014,CUST10116,2025-05-07 00:00:00,22,FEMALE,Bangalore,New,0,Desktop,Facebook,5.3,10,3,Fashion,Sneakers,2329,Yes,2296,Yes,5,Yes,No,0,UPI,Standard,,
SES504952,CUST11168,2025-05-04 00:00:00,28,FEMALE,Bangalore,New,0,Mobile,Direct,13.1,11,3,Books,Fiction Book,1405,Yes,1589,No,0,No,Yes,2801,Credit Card,Express,5,4.2
SES500082,CUST12183,2025-01-03 00:00:00,58,MALE,Mumbai,Returning,7,Desktop,Instagram,7.6,7,7,Beauty,Perfume,1737,Yes,1820,No,0,No,Yes,2920,UPI,Standard,3.3,4.9
SES501973,CUST10523,2026-06-17 00:00:00,37,MALE,Bangalore,Returning,15,Mobile,Instagram,13.5,6,5,Beauty,Shampoo,1163,Yes,1827,Yes,5,Yes,No,0,Credit Card,Express,,
SES501715,CUST10999,2025-09-19 00:00:00,38,FEMALE,Chennai,New,0,Mobile,Facebook,8.1,9,6,Sports,Yoga Mat,8912,No,0,Yes,25,No,No,0,UPI,Standard,,
SES505272,CUST12155,2025-02-01 00:00:00,24,MALE,Chennai,New,0,Desktop,Google,8.4,9,4,Beauty,Lipstick,4443,No,0,Yes,25,Yes,Yes,6891,Net Banking,Standard,3.9,3.5
SES505861,CUST10820,2025-02-23 00:00:00,44,FEMALE,Hyderabad,New,0,Mobile,Google,5,3,3,Books,Fiction Book,2007,No,0,Yes,5,Yes,No,0,Cash on Delivery,Standard,,
SES503662,CUST10571,2025-12-28 00:00:00,42,MALE,Lucknow,New,0,Mobile,Facebook,11.6,8,2,Fashion,Jacket,593,Yes,1463,No,0,No,Yes,549,Debit Card,Express,4.4,4
SES501947,CUST11344,2025-09-17 00:00:00,38,MALE,Chennai,Returning,2,Mobile,YouTube,3.6,8,4,Beauty,Moisturizer,4575,No,0,No,0,No,No,0,UPI,Standard,,
SES503911,CUST10192,2025-12-15 00:00:00,19,FEMALE,Ahmedabad,New,0,Desktop,Direct,10.8,9,1,Fashion,Kurta,1878,Yes,2462,Yes,15,Yes,Yes,1646,Credit Card,Express,3.6,3.7
SES504771,CUST12124,2025-12-27 00:00:00,27,MALE,Pune,New,0,Desktop,YouTube,24.2,8,3,Electronics,Bluetooth Speaker,31155,Yes,63118,No,0,No,Yes,40497,UPI,Express,4.4,4.5
SES505829,CUST11293,2025-07-20 00:00:00,35,FEMALE,Pune,New,1,Mobile,Facebook,4,8,2,Home & Kitchen,Storage Box,12494,No,0,Yes,10,No,No,0,Credit Card,Standard,,
SES501611,CUST10917,2025-03-26 00:00:00,44,FEMALE,Mumbai,Returning,11,Mobile,Direct,3.4,5,5,Home & Kitchen,Cookware Set,5896,No,0,No,0,No,Yes,8606,UPI,Standard,2.3,3.7
SES505260,CUST11578,2025-11-02 00:00:00,26,MALE,Kolkata,Returning,8,Desktop,Referral,6.6,6,5,Sports,Yoga Mat,1395,No,0,Yes,10,Yes,No,0,Cash on Delivery,Standard,,
SES505408,CUST10460,2025-03-29 00:00:00,22,FEMALE,Delhi,New,0,Mobile,Facebook,14.9,7,3,Fashion,Kurta,6905,Yes,16599,Yes,10,Yes,Yes,6805,UPI,Standard,4,2.6
SES503443,CUST11258,2025-06-08 00:00:00,36,MALE,Hyderabad,New,0,Mobile,YouTube,11.4,9,6,Home & Kitchen,Coffee Maker,14970,Yes,20530,No,0,No,No,0,Cash on Delivery,Standard,,
SES505898,CUST11094,2025-01-25 00:00:00,31,FEMALE,Unknown,Returning,8,Desktop,Facebook,15,5,4,Home & Kitchen,Bedsheet,805,Yes,1611,Yes,5,No,No,0,Credit Card,Standard,,
SES504651,CUST11210,2026-04-09 00:00:00,18,MALE,Kolkata,New,0,Desktop,Instagram,4.8,9,7,Electronics,Smart Watch,2886,Yes,5144,Yes,20,Yes,Yes,2223,Cash on Delivery,Standard,4.1,5
SES500666,CUST10639,2025-01-12 00:00:00,39,MALE,Mumbai,New,0,Desktop,Instagram,16,9,4,Fashion,T-Shirt,5751,Yes,5966,No,0,No,No,0,Debit Card,Express,,
SES502195,CUST11932,2025-02-26 00:00:00,18,MALE,Mumbai,Returning,15,Mobile,Google,3.3,8,6,Books,Business Book,1153,Yes,1423,No,0,No,Yes,1732,Net Banking,Same Day,5,4.1
SES503771,CUST11463,2025-04-23 00:00:00,41,MALE,Pune,New,0,Desktop,Facebook,17,10,3,Fashion,Sneakers,527,Yes,636,Yes,20,No,No,0,Net Banking,Express,,
SES505126,CUST10241,2025-05-09 00:00:00,25,MALE,Bangalore,New,0,Mobile,YouTube,8.9,3,6,Books,Business Book,2228,No,0,Yes,10,Yes,No,0,UPI,Express,,
SES501018,CUST10731,2025-02-24 00:00:00,29,FEMALE,Bangalore,New,0,Desktop,YouTube,10.5,7,5,Home & Kitchen,Bedsheet,1979,Yes,3438,Yes,10,Yes,No,0,Credit Card,Standard,,
SES500558,CUST10511,2026-02-15 00:00:00,19,FEMALE,Bangalore,New,1,Mobile,Google,8.4,10,5,Electronics,Headphones,24273,Yes,59133,No,0,No,No,0,UPI,Standard,,
SES503830,CUST11792,2026-02-07 00:00:00,52,MALE,Ahmedabad,New,0,Desktop,Unknown,10.4,9,3,Beauty,Perfume,3065,Yes,6582,No,0,No,No,0,Cash on Delivery,Standard,,
SES505712,CUST10504,2026-03-20 00:00:00,29,MALE,Hyderabad,New,0,Mobile,Facebook,14,6,6,Home & Kitchen,Cookware Set,2528,No,0,No,0,No,No,0,Wallet,Standard,,
SES501208,CUST11487,2025-08-31 00:00:00,52,MALE,Mumbai,New,0,Mobile,Facebook,9.1,6,1,Beauty,Moisturizer,1639,Yes,2471,Yes,10,Yes,Yes,2064,UPI,Standard,4.3,3.1
SES502903,CUST11996,2026-06-12 00:00:00,27,FEMALE,Chennai,Returning,3,Mobile,Direct,11.2,6,7,Fashion,Jeans,5095,Yes,7100,Yes,5,Yes,No,0,Debit Card,Standard,,
SES503793,CUST10227,2025-10-13 00:00:00,35,MALE,Ahmedabad,Returning,10,Desktop,Instagram,3,6,3,Fashion,T-Shirt,2825,No,0,Yes,15,No,No,0,UPI,Standard,,
SES501511,CUST10270,2025-01-12 00:00:00,30,FEMALE,Pune,New,1,Desktop,Facebook,5.2,10,8,Fashion,Kurta,3719,Yes,8041,Yes,15,Yes,Yes,5255,Net Banking,Standard,4.5,3.5
SES505880,CUST10640,2025-06-16 00:00:00,40,FEMALE,Chennai,Returning,9,Mobile,Facebook,5,10,9,Books,Self Help Book,1852,No,0,No,0,No,Yes,3213,UPI,Express,5,3.2
SES503728,CUST10050,2025-08-15 00:00:00,37,FEMALE,Mumbai,New,0,Mobile,Google,4.3,7,3,Electronics,Smart Watch,6237,No,0,Yes,5,Yes,No,0,UPI,Standard,,
SES504105,CUST11940,2025-06-25 00:00:00,47,FEMALE,Pune,Returning,2,Mobile,Instagram,9.4,8,4,Beauty,Face Wash,4696,No,0,No,0,No,No,0,UPI,Standard,,
SES500267,CUST10191,2025-02-23 00:00:00,33,MALE,Lucknow,Returning,13,Desktop,Facebook,9.9,5,2,Books,Academic Book,1407,No,0,Yes,10,Yes,No,0,UPI,Express,,
SES502722,CUST11228,2025-07-28 00:00:00,52,MALE,Mumbai,New,0,Mobile,Google,11.7,5,6,Books,Self Help Book,1853,No,0,Yes,10,Yes,No,0,Credit Card,Standard,,
SES503387,CUST12069,2026-01-04 00:00:00,19,MALE,Lucknow,New,0,Mobile,Facebook,15.4,5,5,Beauty,Perfume,2119,No,0,No,0,No,No,0,Debit Card,Standard,,
SES502112,CUST12126,2025-12-23 00:00:00,35,FEMALE,Hyderabad,New,0,Mobile,Google,10.8,5,2,Beauty,Moisturizer,2527,Yes,2734,No,0,No,No,0,Credit Card,Standard,,
SES502978,CUST11692,2025-04-11 00:00:00,18,MALE,Bangalore,New,0,Desktop,Direct,2.4,10,3,Books,Business Book,1173,No,0,No,0,No,No,0,Debit Card,Express,,
SES501910,CUST10105,2026-05-29 00:00:00,19,MALE,Chennai,New,0,Desktop,Facebook,5.6,6,4,Sports,Cricket Bat,4060,Yes,7315,Yes,20,Yes,Yes,6649,Wallet,Express,3.1,4.9
SES503269,CUST10745,2025-10-27 00:00:00,32,MALE,Bangalore,New,0,Mobile,Referral,8.9,7,7,Fashion,Jacket,5927,No,0,No,0,No,No,0,UPI,Same Day,,
SES503947,CUST10897,2025-03-19 00:00:00,18,MALE,Hyderabad,Returning,15,Mobile,Instagram,11.5,1,5,Sports,Dumbbells,10311,No,0,No,0,No,No,0,UPI,Express,,
SES503995,CUST10889,2025-09-20 00:00:00,29,MALE,Hyderabad,New,0,Tablet,Google,9,10,3,Beauty,Face Wash,4525,No,0,Yes,10,No,Yes,6226,UPI,Standard,4.1,3.3
SES504260,CUST10076,2025-02-01 00:00:00,39,FEMALE,Mumbai,New,0,Mobile,Referral,9.2,6,4,Books,Biography,651,No,0,No,0,No,No,0,UPI,Standard,,
SES504484,CUST10653,2026-01-27 00:00:00,27,MALE,Delhi,Returning,2,Desktop,Google,7,4,5,Fashion,Kurta,1951,No,0,No,0,No,No,0,Credit Card,Standard,,
SES504462,CUST11368,2025-11-02 00:00:00,47,FEMALE,Hyderabad,Returning,13,Desktop,Google,8.5,9,2,Books,Biography,2364,Yes,5528,No,0,No,Yes,2749,UPI,Standard,3.6,3.6
SES503255,CUST10669,2025-01-17 00:00:00,36,MALE,Delhi,New,0,Desktop,Instagram,16.1,9,7,Fashion,Jeans,2946,Yes,3985,Yes,10,Yes,Yes,2514,Net Banking,Express,4.2,4.6
SES501785,CUST11690,2026-06-03 00:00:00,18,MALE,Hyderabad,New,0,Mobile,Google,8.8,4,4,Fashion,T-Shirt,1744,Yes,2918,No,0,No,Yes,3391,UPI,Standard,3.3,2.9
SES501238,CUST10216,2025-04-14 00:00:00,42,FEMALE,Mumbai,New,0,Mobile,Referral,13.3,7,2,Fashion,T-Shirt,4388,Yes,8617,No,0,No,Yes,7665,Debit Card,Standard,4.6,4
SES505649,CUST11546,2025-12-28 00:00:00,32,FEMALE,Pune,Returning,10,Desktop,Instagram,14.3,6,7,Sports,Football,5283,No,0,No,0,No,No,0,Debit Card,Standard,,
SES503039,CUST12004,2025-07-15 00:00:00,29,MALE,Hyderabad,Returning,3,Mobile,Email,8.4,3,3,Beauty,Face Wash,2668,No,0,Yes,15,Yes,Yes,3938,UPI,Express,4.6,4.2
SES504371,CUST11307,2025-02-10 00:00:00,35,FEMALE,Bangalore,Returning,7,Mobile,Google,12.4,10,2,Fashion,Sneakers,1137,No,0,Yes,20,Yes,No,0,UPI,Standard,,
SES504891,CUST11161,2026-04-27 00:00:00,34,FEMALE,Mumbai,New,1,Mobile,YouTube,12.7,9,4,Sports,Football,8855,No,0,Yes,20,Yes,No,0,Debit Card,Standard,,
SES505956,CUST10447,2025-04-18 00:00:00,48,MALE,Ahmedabad,New,0,Mobile,YouTube,0.9,5,3,Beauty,Perfume,4447,No,0,Yes,15,No,No,0,Credit Card,Express,,
SES502187,CUST12069,2026-01-12 00:00:00,20,MALE,Bangalore,New,0,Mobile,Facebook,5,8,5,Sports,Dumbbells,2363,No,0,No,0,No,No,0,Credit Card,Express,,
SES505360,CUST10535,2026-03-01 00:00:00,33,FEMALE,Mumbai,New,0,Mobile,Direct,20.4,8,5,Sports,Dumbbells,7232,No,0,No,0,No,No,0,Credit Card,Express,,
SES500909,CUST10689,2025-07-29 00:00:00,37,FEMALE,Delhi,New,0,Mobile,Google,4.8,5,5,Books,Business Book,907,No,0,No,0,No,No,0,Credit Card,Standard,,
SES505915,CUST11324,2026-06-18 00:00:00,28,FEMALE,Kolkata,Returning,7,Mobile,Referral,20.9,7,5,Electronics,Smart Watch,23508,No,0,No,0,No,No,0,Cash on Delivery,Standard,,
SES501304,CUST12007,2025-10-08 00:00:00,22,FEMALE,Pune,New,0,Mobile,YouTube,11.7,6,4,Beauty,Moisturizer,2887,No,0,Yes,5,Yes,Yes,3525,Cash on Delivery,Express,3.4,4
SES505632,CUST10414,2025-06-25 00:00:00,48,MALE,Jaipur,New,0,Desktop,Google,4.9,5,4,Beauty,Lipstick,2461,No,0,Yes,10,Yes,No,0,Credit Card,Standard,,
SES501628,CUST10304,2025-06-22 00:00:00,26,FEMALE,Delhi,New,0,Mobile,Google,18.2,10,7,Books,Biography,1018,No,0,No,0,No,No,0,UPI,Standard,,
SES501523,CUST11957,2025-01-05 00:00:00,31,MALE,Ahmedabad,Returning,8,Desktop,Instagram,7.8,4,1,Electronics,Headphones,6368,Yes,6312,Yes,25,Yes,Yes,9411,Credit Card,Standard,3.1,4.8
SES500836,CUST11142,2025-08-23 00:00:00,18,FEMALE,Lucknow,New,0,Mobile,Facebook,10.4,9,6,Home & Kitchen,Bedsheet,8949,No,0,Yes,20,Yes,No,0,UPI,Standard,,
SES500359,CUST11774,2025-02-11 00:00:00,19,FEMALE,Chennai,New,0,Desktop,Direct,6.7,9,2,Home & Kitchen,Coffee Maker,2676,No,0,Yes,20,Yes,No,0,UPI,Same Day,,
SES500139,CUST10664,2025-08-26 00:00:00,24,FEMALE,Mumbai,New,0,Mobile,Email,23.7,5,1,Sports,Yoga Mat,4217,No,0,No,0,No,No,0,UPI,Same Day,,
SES500300,CUST10834,2026-04-06 00:00:00,46,MALE,Hyderabad,Returning,13,Mobile,Direct,7.4,8,2,Beauty,Moisturizer,4133,No,0,Yes,10,Yes,No,0,UPI,Express,,
SES501557,CUST12199,2025-12-05 00:00:00,45,FEMALE,Lucknow,Returning,9,Mobile,Email,12.6,7,4,Beauty,Lipstick,2094,Yes,2432,No,0,No,Yes,3620,UPI,Express,3.6,2.5
SES501004,CUST10805,2026-04-03 00:00:00,20,MALE,Hyderabad,Returning,8,Mobile,Direct,16.2,7,6,Beauty,Perfume,3788,Yes,4180,No,0,No,Yes,4762,upi,Standard,3.4,4
SES500383,CUST10957,2025-11-23 00:00:00,32,MALE,Delhi,Returning,12,Mobile,Instagram,7.3,3,6,Books,Academic Book,1455,Yes,1406,No,0,No,Yes,3020,UPI,Standard,4.3,3.1
SES502827,CUST10023,2025-11-25 00:00:00,26,MALE,Jaipur,Returning,11,Desktop,Direct,16.8,6,3,Home & Kitchen,Coffee Maker,1671,No,0,Yes,20,Yes,No,0,UPI,Standard,,
SES500762,CUST10902,2026-05-04 00:00:00,23,FEMALE,Pune,New,0,Mobile,Referral,10.1,6,3,Fashion,Kurta,5222,No,0,Yes,15,No,No,0,UPI,Standard,,
SES503649,CUST11586,2025-04-29 00:00:00,18,FEMALE,Jaipur,Returning,2,Mobile,Direct,4.9,6,2,Electronics,Headphones,26218,Yes,51104,Yes,10,Yes,Yes,25616,Debit Card,Standard,3,3.3
SES502989,CUST10870,2026-02-04 00:00:00,32,FEMALE,Bangalore,New,0,Mobile,Instagram,5.3,4,3,Home & Kitchen,Bedsheet,7270,Yes,6284,No,0,No,No,0,Debit Card,Express,,
SES504590,CUST10291,2025-04-08 00:00:00,34,MALE,Delhi,Returning,11,Desktop,Referral,16,7,4,Beauty,Moisturizer,1565,Yes,1438,Yes,30,Yes,No,0,UPI,Standard,,
SES504873,CUST12069,2026-04-13 00:00:00,37,FEMALE,Lucknow,New,0,Desktop,Email,11.8,9,3,Home & Kitchen,Coffee Maker,6682,Yes,14443,No,0,No,No,0,UPI,Express,,
SES504140,CUST10962,2026-01-09 00:00:00,33,FEMALE,Kolkata,New,0,Desktop,Direct,15.4,9,2,Electronics,Headphones,5974,Yes,10132,Yes,30,Yes,Yes,10463,Cash on Delivery,Standard,5,5
SES501403,CUST11995,2025-05-16 00:00:00,20,FEMALE,Mumbai,New,0,Mobile,Referral,13.5,11,1,Electronics,Headphones,30435,Yes,35155,Yes,20,Yes,Yes,27655,Credit Card,Standard,4.3,2.9
SES504403,CUST11174,2025-05-15 00:00:00,40,MALE,Bangalore,New,0,Mobile,Facebook,7.1,5,4,Fashion,Kurta,667,Yes,1332,Yes,20,No,No,0,Debit Card,Standard,,
SES505823,CUST10074,2025-09-22 00:00:00,40,MALE,Delhi,New,0,Desktop,Instagram,7.4,6,2,Electronics,Wireless Earbuds,34854,No,0,Yes,20,Yes,Yes,56436,UPI,Express,4.3,3.8
SES501933,CUST11669,2025-10-20 00:00:00,34,FEMALE,Pune,Returning,4,Mobile,Facebook,17.5,9,4,Books,Fiction Book,1779,Yes,4381,Yes,15,No,No,0,Credit Card,Standard,,
SES503248,CUST10208,2025-08-08 00:00:00,32,MALE,Delhi,New,0,Mobile,Instagram,16.6,8,6,Home & Kitchen,Table Lamp,9395,No,0,No,0,No,No,0,Net Banking,Standard,,
SES504696,CUST11715,2026-06-26 00:00:00,20,FEMALE,Chennai,New,0,Desktop,Email,6.9,6,4,Books,Biography,2293,Yes,3202,No,0,No,No,0,UPI,Express,,
SES504829,CUST10028,2025-02-27 00:00:00,29,FEMALE,Hyderabad,New,0,Mobile,Instagram,4.8,12,6,Fashion,Jacket,3650,Yes,4923,No,0,No,No,0,Debit Card,Same Day,,
SES505878,CUST10970,2026-01-19 00:00:00,39,FEMALE,Chennai,Returning,7,Desktop,YouTube,13.5,15,2,Home & Kitchen,Cookware Set,8459,No,0,No,0,No,No,0,Cash on Delivery,Express,,
SES502861,CUST10329,2025-09-07 00:00:00,45,FEMALE,Bangalore,Returning,4,Desktop,Instagram,1.6,8,1,Electronics,Power Bank,18476,No,0,No,0,No,No,0,UPI,Express,,
SES505519,CUST11717,2026-05-08 00:00:00,31,MALE,Lucknow,Returning,2,Mobile,Email,22.3,8,5,Sports,Football,3038,Yes,6272,Yes,5,Yes,No,0,Wallet,Standard,,
SES502789,CUST11495,2025-01-13 00:00:00,48,MALE,Chennai,New,1,Desktop,YouTube,8.7,7,4,Fashion,Kurta,4742,No,0,No,0,No,No,0,Cash on Delivery,Standard,,
SES500059,CUST11017,2025-01-04 00:00:00,23,FEMALE,Ahmedabad,Returning,14,Mobile,Email,8.6,4,4,Electronics,Headphones,15081,Yes,14693,No,0,No,Yes,25487,UPI,Express,3.7,5
SES500077,CUST11699,2025-01-21 00:00:00,18,MALE,Mumbai,Returning,8,Mobile,Direct,28.1,9,1,Sports,Cricket Bat,9987,No,0,Yes,25,Yes,No,0,Cash on Delivery,Express,,
SES500797,CUST10132,2025-12-27 00:00:00,33,MALE,Chennai,Returning,7,Mobile,Google,9.5,3,5,Fashion,Jacket,2302,Yes,3901,No,0,No,No,0,Credit Card,Standard,,
SES502417,CUST11328,2026-03-25 00:00:00,23,UNKNOWN,Delhi,New,0,Mobile,Google,1.9,10,4,Fashion,Jeans,2593,No,0,Yes,30,Yes,No,0,UPI,Standard,,
SES505347,CUST10123,2026-06-01 00:00:00,18,MALE,Lucknow,New,1,Desktop,Direct,11.9,5,5,Electronics,Smart Watch,16019,No,0,No,0,No,No,0,Credit Card,Express,,
SES504411,CUST11120,2025-07-22 00:00:00,18,MALE,Ahmedabad,Returning,4,Tablet,Direct,13.7,6,4,Books,Fiction Book,1220,Yes,1234,Yes,20,Yes,No,0,Credit Card,Standard,,
SES500786,CUST11571,2025-11-03 00:00:00,29,FEMALE,Delhi,New,0,Tablet,Facebook,9.7,8,3,Home & Kitchen,Coffee Maker,7427,No,0,Yes,25,Yes,No,0,UPI,Standard,,
SES505808,CUST10318,2025-08-29 00:00:00,34,MALE,Ahmedabad,New,0,Desktop,Instagram,6.1,9,7,Beauty,Perfume,4757,No,0,No,0,No,Yes,10073,UPI,Standard,4,2.7
SES503018,CUST11788,2025-06-27 00:00:00,37,MALE,Bangalore,Returning,12,Mobile,Email,2.4,8,3,Fashion,Sneakers,2135,Yes,3298,Yes,10,Yes,Yes,2640,UPI,Standard,3.9,4.9
SES502218,CUST10435,2025-08-17 00:00:00,39,FEMALE,Kolkata,Returning,4,Mobile,YouTube,3.3,13,4,Beauty,Perfume,666,No,0,No,0,No,No,0,UPI,Express,,
SES505541,CUST10663,2025-08-09 00:00:00,37,MALE,Hyderabad,Returning,9,Desktop,YouTube,3.7,3,2,Books,Biography,798,No,0,No,0,No,No,0,Cash on Delivery,Express,,
SES504016,CUST11914,2026-03-10 00:00:00,18,MALE,Hyderabad,New,0,Mobile,Direct,22.2,7,4,Beauty,Shampoo,341,Yes,769,No,0,No,No,0,UPI,Express,,
SES503544,CUST11926,2025-12-11 00:00:00,40,FEMALE,Delhi,New,0,Mobile,Google,14.8,6,9,Electronics,Headphones,33919,Yes,40520,No,0,No,No,0,Cash on Delivery,Same Day,,
SES502779,CUST11480,2026-02-13 00:00:00,41,MALE,Mumbai,New,0,Desktop,YouTube,9.9,7,4,Home & Kitchen,Storage Box,2104,Yes,3463,No,0,No,Yes,4333,UPI,Standard,3.3,4.5
SES504369,CUST10185,2025-05-05 00:00:00,30,FEMALE,Jaipur,New,0,Mobile,Instagram,10.6,4,4,Home & Kitchen,Storage Box,12140,No,0,Yes,5,Yes,Yes,19463,Credit Card,Standard,4,2.8
SES504654,CUST10722,2026-03-26 00:00:00,36,FEMALE,Delhi,New,0,Mobile,Google,3.4,7,3,Fashion,Jeans,1891,No,0,Yes,15,Yes,No,0,Wallet,Express,,
SES500911,CUST10342,2025-07-10 00:00:00,47,FEMALE,Chennai,Returning,3,Mobile,Direct,6.5,4,4,Books,Business Book,1003,No,0,No,0,No,No,0,UPI,Standard,,
SES502173,CUST11465,2025-09-06 00:00:00,50,MALE,Delhi,Returning,15,Mobile,Instagram,20.6,4,3,Books,Biography,201,Yes,370,No,0,No,Yes,211,UPI,Standard,3.7,3.3
SES503558,CUST11630,2026-02-08 00:00:00,50,MALE,Lucknow,New,0,Mobile,YouTube,12.8,5,1,Electronics,Smart Watch,2746,Yes,6061,Yes,10,Yes,No,0,Debit Card,Express,,
SES502310,CUST10476,2025-06-03 00:00:00,35,MALE,Bangalore,Returning,10,Desktop,Instagram,17.4,10,7,Electronics,Headphones,19063,Yes,39982,Yes,10,Yes,No,0,UPI,Standard,,
SES505650,CUST11382,2026-04-14 00:00:00,31,FEMALE,Jaipur,New,0,Mobile,Direct,9.4,7,3,Home & Kitchen,Cookware Set,11156,Yes,15108,No,0,No,Yes,18337,UPI,Standard,4.5,3.4
SES501258,CUST10295,2025-06-18 00:00:00,18,MALE,Lucknow,New,0,Desktop,Instagram,3.9,6,1,Electronics,Wireless Earbuds,4531,No,0,No,0,No,No,0,Debit Card,Standard,,
SES502496,CUST10183,2025-04-15 00:00:00,43,MALE,Delhi,Returning,10,Desktop,Instagram,5.8,8,3,Fashion,Jacket,2623,Yes,3951,No,0,No,No,0,Cash on Delivery,Standard,,
SES505284,CUST10787,2025-12-19 00:00:00,30,MALE,Chennai,Returning,11,Desktop,Google,4.8,7,4,Electronics,Wireless Earbuds,3876,Yes,8848,Yes,20,Yes,Yes,5777,Debit Card,Standard,3.6,4.2
SES503612,CUST10365,2025-06-08 00:00:00,40,MALE,Mumbai,Returning,11,Mobile,Facebook,3.4,13,4,Electronics,Bluetooth Speaker,22971,Yes,39796,Yes,5,Yes,No,0,Cash on Delivery,Standard,,
SES501179,CUST11912,2025-03-14 00:00:00,30,FEMALE,Delhi,Returning,4,Mobile,YouTube,3.6,6,9,Books,Biography,2478,No,0,No,0,No,No,0,Credit Card,Standard,,
SES504538,CUST11504,2025-06-14 00:00:00,25,FEMALE,Hyderabad,New,1,Desktop,Google,5.7,11,4,Electronics,Bluetooth Speaker,1817,Yes,3404,No,0,No,Yes,,Credit Card,Express,3.5,4.6
SES504924,CUST11511,2025-07-22 00:00:00,56,FEMALE,Bangalore,New,0,Desktop,Instagram,4,4,3,Sports,Yoga Mat,6142,Yes,10720,No,0,No,No,0,Cash on Delivery,Standard,,
SES500443,CUST11157,2025-10-25 00:00:00,21,FEMALE,Delhi,New,1,Mobile,Google,7.2,4,2,Electronics,Power Bank,6077,No,0,No,0,No,No,0,Debit Card,Standard,,
SES501400,CUST10428,2025-11-17 00:00:00,52,MALE,Mumbai,Returning,12,Desktop,Google,2,4,6,Home & Kitchen,Bedsheet,2498,Yes,3137,No,0,No,Yes,3912,Cash on Delivery,Express,3.6,4.4
SES504199,CUST11017,2026-04-23 00:00:00,22,MALE,Mumbai,New,0,Mobile,Facebook,6.9,10,3,Beauty,Face Wash,1468,No,0,Yes,10,Yes,No,0,Credit Card,Standard,,
SES503335,CUST11328,2025-12-25 00:00:00,18,MALE,Delhi,New,0,Mobile,Facebook,14.5,10,2,Electronics,Power Bank,27355,Yes,53323,Yes,15,Yes,Yes,43090,Credit Card,Standard,4,3.9
SES505752,CUST12045,2025-08-29 00:00:00,27,FEMALE,Ahmedabad,New,0,Mobile,Facebook,8.9,6,1,Fashion,T-Shirt,6619,No,0,Yes,15,No,No,0,UPI,Standard,,
SES501055,CUST12121,2025-03-19 00:00:00,25,FEMALE,Pune,Returning,3,Mobile,Referral,19.4,7,2,Electronics,Power Bank,10627,Yes,17527,Yes,30,Yes,Yes,17649,Cash on Delivery,Standard,3.1,4.4
SES502772,CUST10437,2025-11-17 00:00:00,29,FEMALE,Bangalore,Returning,6,Mobile,Email,6,6,4,Electronics,Wireless Earbuds,8772,Yes,8122,No,0,No,No,0,UPI,Standard,,
SES505172,CUST10608,2025-05-13 00:00:00,19,MALE,Delhi,New,0,Mobile,Facebook,6,7,5,Books,Self Help Book,1127,Yes,997,No,0,No,No,0,Debit Card,Standard,,
SES504863,CUST10723,2025-12-30 00:00:00,25,FEMALE,Delhi,Returning,14,Mobile,Google,13.4,6,5,Electronics,Wireless Earbuds,28585,No,0,Yes,10,Yes,No,0,UPI,Standard,,
SES501416,CUST11342,2025-07-14 00:00:00,33,MALE,Unknown,New,0,Mobile,Direct,9.7,6,2,Fashion,Jacket,1961,Yes,1935,No,0,No,No,0,Credit Card,Standard,,
SES502373,CUST10154,2026-04-05 00:00:00,19,MALE,Hyderabad,Returning,5,Mobile,Instagram,5.5,4,6,Books,Biography,2357,Yes,2416,Yes,10,Yes,No,0,Cash on Delivery,Express,,
SES504261,CUST10926,2026-06-11 00:00:00,35,MALE,Ahmedabad,New,0,Mobile,YouTube,14.3,7,3,Home & Kitchen,Coffee Maker,5970,Yes,6665,Yes,20,Yes,No,0,Credit Card,Standard,,
SES503007,CUST10495,2025-08-21 00:00:00,25,MALE,Kolkata,New,0,Mobile,Google,14.7,8,3,Beauty,Perfume,4655,Yes,8327,Yes,20,Yes,Yes,6112,Debit Card,Express,4,4.5
SES502816,CUST11476,2026-05-31 00:00:00,21,FEMALE,Ahmedabad,Returning,5,Mobile,Email,7.7,10,3,Beauty,Perfume,3004,No,0,Yes,10,Yes,Yes,4854,Credit Card,Standard,2.2,3.8
SES505654,CUST10881,2025-09-15 00:00:00,26,MALE,Pune,New,0,Mobile,Google,10.4,7,2,Home & Kitchen,Coffee Maker,2507,No,0,No,0,No,No,0,UPI,Standard,,
SES504772,CUST10439,2026-05-03 00:00:00,23,FEMALE,Chennai,New,0,Mobile,Google,15.2,7,4,Fashion,Kurta,6807,No,0,Yes,20,Yes,No,0,UPI,Standard,,
SES501503,CUST11253,2025-08-23 00:00:00,38,MALE,Pune,New,1,Desktop,Facebook,16.3,3,2,Books,Academic Book,1904,No,0,No,0,No,No,0,UPI,Standard,,
SES503769,CUST10991,2025-12-12 00:00:00,29,FEMALE,Bangalore,New,0,Mobile,Direct,6.7,4,5,Electronics,Smart Watch,10431,Yes,24206,Yes,5,No,Yes,9155,Net Banking,Standard,3.7,4.5
SES503887,CUST11122,2025-12-04 00:00:00,35,MALE,Delhi,New,0,Mobile,Google,14.8,9,2,Fashion,T-Shirt,4929,Yes,4955,No,0,No,Yes,7730,Wallet,Standard,4,3.4
SES502012,CUST11725,2026-06-29 00:00:00,29,MALE,Mumbai,New,0,Mobile,Facebook,13.4,7,3,Sports,Running Shoes,11870,Yes,28790,Yes,20,Yes,Yes,19857,UPI,Express,3.6,3.7
SES505177,CUST11862,2026-01-24 00:00:00,27,FEMALE,Jaipur,New,0,Mobile,Direct,8.2,4,2,Fashion,T-Shirt,1689,No,0,Yes,5,No,No,0,UPI,Standard,,
SES504488,CUST12100,2025-05-20 00:00:00,44,FEMALE,Chennai,New,0,Mobile,Email,17.9,7,6,Home & Kitchen,Storage Box,12378,Yes,14082,No,0,No,No,0,Credit Card,Express,,
SES502893,CUST10387,2026-02-08 00:00:00,44,MALE,Bangalore,New,0,Mobile,Referral,6.7,4,3,Sports,Yoga Mat,7119,Yes,6437,No,0,No,No,0,Net Banking,Standard,,
SES504862,CUST11943,2025-12-06 00:00:00,20,FEMALE,Bangalore,New,0,Desktop,Google,7.8,7,5,Fashion,Jeans,1970,No,0,No,0,No,No,0,Credit Card,Standard,,
SES505718,CUST10258,2025-07-31 00:00:00,32,FEMALE,Delhi,New,0,Mobile,YouTube,9.5,6,6,Books,Self Help Book,1193,Yes,2646,No,0,No,No,0,UPI,Standard,,
SES504057,CUST10405,2025-11-24 00:00:00,43,MALE,Bangalore,Returning,12,Desktop,Google,7.9,3,4,Fashion,T-Shirt,4865,No,0,No,0,No,Yes,7622,UPI,Standard,4,3.4
SES500007,CUST10467,2025-06-20 00:00:00,36,FEMALE,Kolkata,Returning,3,Mobile,Referral,8.7,6,6,Home & Kitchen,Bedsheet,13737,No,0,No,0,No,Yes,16568,Credit Card,Standard,4.8,5
SES502488,CUST11387,2025-04-11 00:00:00,43,FEMALE,Pune,New,0,Mobile,Facebook,7.5,7,4,Home & Kitchen,Cookware Set,5152,No,0,Yes,5,Yes,No,0,Net Banking,Standard,,
SES500679,CUST11647,2025-10-15 00:00:00,44,MALE,Kolkata,Returning,14,Desktop,Direct,12.7,5,1,Fashion,Sneakers,6051,No,0,Yes,10,Yes,No,0,UPI,Standard,,
SES501944,CUST11285,2025-11-12 00:00:00,21,MALE,Pune,New,0,Mobile,Email,4.3,9,3,Home & Kitchen,Coffee Maker,8195,No,0,No,0,No,No,0,Cash on Delivery,Same Day,,
SES503758,CUST10011,2025-03-17 00:00:00,43,FEMALE,Pune,Returning,15,Mobile,Direct,11.4,6,3,Beauty,Perfume,1912,No,0,No,0,No,No,0,Wallet,Standard,,
SES505551,CUST11008,2025-05-29 00:00:00,26,FEMALE,Jaipur,New,0,Mobile,Google,8.5,8,4,Fashion,Jacket,6358,No,0,Yes,15,Yes,No,0,UPI,Standard,,
SES503366,CUST11573,2025-09-01 00:00:00,36,FEMALE,Bangalore,New,0,Mobile,Facebook,12.9,12,3,Fashion,Jeans,5755,No,0,No,0,No,No,0,Cash on Delivery,Express,,
SES505095,CUST11042,2025-09-01 00:00:00,25,FEMALE,Chennai,New,0,Mobile,Direct,9.2,3,3,Fashion,Sneakers,5983,No,0,No,0,No,No,0,UPI,Express,,
SES502608,CUST12038,2025-11-19 00:00:00,33,MALE,Unknown,Returning,13,Desktop,YouTube,4,3,3,Beauty,Perfume,3628,No,0,No,0,No,No,0,UPI,Standard,,
SES504919,CUST10572,2026-06-02 00:00:00,21,FEMALE,Ahmedabad,Returning,10,Desktop,Google,7,10,6,Electronics,Headphones,10776,No,0,No,0,No,Yes,13890,Debit Card,Express,4.1,3
SES505547,CUST10874,2025-05-11 00:00:00,37,MALE,New Delhi,Returning,7,Desktop,Referral,10.9,10,5,Sports,Football,11669,Yes,12296,No,0,No,No,0,Cash on Delivery,Express,,
SES501065,CUST10131,2026-06-04 00:00:00,36,FEMALE,Mumbai,New,0,Mobile,Direct,12.8,4,2,Fashion,T-Shirt,5138,Yes,11578,Yes,5,Yes,No,0,Debit Card,Express,,
SES503774,CUST10777,2025-05-08 00:00:00,38,MALE,Mumbai,Returning,13,Mobile,Google,20.4,8,2,Electronics,Power Bank,30584,Yes,34362,No,0,No,No,0,UPI,Standard,,
SES502243,CUST11784,2025-08-16 00:00:00,38,FEMALE,Lucknow,New,0,Mobile,Email,14,9,3,Beauty,Perfume,2892,Yes,2549,Yes,20,Yes,Yes,5689,UPI,Same Day,4,3.5
SES501475,CUST11395,2026-05-23 00:00:00,26,MALE,Ahmedabad,Returning,13,Desktop,Direct,4.3,9,3,Sports,Football,2220,Yes,2938,No,0,No,Yes,2167,Credit Card,Same Day,4.8,4.6
SES504473,CUST12077,2026-03-07 00:00:00,44,MALE,Ahmedabad,New,1,Mobile,Direct,7.5,7,4,Electronics,Wireless Earbuds,21886,Yes,36552,No,0,No,No,0,UPI,Standard,,
SES501890,CUST10672,2026-02-24 00:00:00,21,FEMALE,Pune,Returning,2,Mobile,Facebook,13.1,5,2,Fashion,Jacket,4058,No,0,No,0,No,No,0,UPI,Standard,,
SES503685,CUST10013,2025-05-20 00:00:00,21,MALE,Pune,New,0,Desktop,Facebook,5.1,6,3,Sports,Football,782,Yes,1810,Yes,15,No,Yes,1674,Credit Card,Express,4,3.6
SES502022,CUST11305,2025-03-26 00:00:00,24,MALE,Pune,New,0,Mobile,Google,11.5,10,4,Beauty,Face Wash,3299,Yes,6322,No,0,No,No,0,Wallet,Express,,
SES505856,CUST10355,2025-03-09 00:00:00,24,MALE,Delhi,New,0,Mobile,Google,13.2,5,7,Home & Kitchen,Bedsheet,13140,No,0,No,0,No,Yes,16736,UPI,Standard,3.9,3.5
SES504294,CUST11574,2025-10-06 00:00:00,42,FEMALE,Bangalore,Returning,11,Mobile,Google,5.4,10,3,Books,Self Help Book,2001,Yes,4598,No,0,No,Yes,2957,Debit Card,Same Day,4.4,3.6
SES502659,CUST11785,2025-09-29 00:00:00,36,FEMALE,Kolkata,New,0,Mobile,Instagram,9.3,7,3,Fashion,Jacket,542,No,0,No,0,No,No,0,UPI,Standard,,
SES502468,CUST11456,2025-02-06 00:00:00,35,MALE,Bangalore,Returning,7,Mobile,Direct,9.2,6,2,Beauty,Face Wash,2247,No,0,Yes,15,Yes,Yes,4335,Credit Card,Same Day,3.9,3.4
SES502785,CUST10053,2025-01-31 00:00:00,18,FEMALE,Jaipur,Returning,14,Desktop,Facebook,2.6,5,5,Fashion,Sneakers,4291,No,0,No,0,No,No,0,Debit Card,Same Day,,
SES501131,CUST10814,2025-05-06 00:00:00,24,MALE,Unknown,New,0,Desktop,Email,13.5,5,2,Sports,Dumbbells,6775,Yes,5959,No,0,No,Yes,9778,UPI,Standard,4.3,4.6
SES501462,CUST10404,2025-04-30 00:00:00,28,MALE,Delhi,New,0,Mobile,Direct,8.2,7,4,Books,Self Help Book,1970,No,0,No,0,No,No,0,Credit Card,Standard,,
SES503826,CUST12054,2026-06-14 00:00:00,18,MALE,Bangalore,New,0,Mobile,YouTube,19,4,3,Beauty,Moisturizer,3431,No,0,Yes,15,Yes,No,0,Cash on Delivery,Express,,
SES505461,CUST11256,2025-05-25 00:00:00,49,MALE,Ahmedabad,New,0,Mobile,Google,7.1,7,4,Beauty,Shampoo,4926,Yes,9222,No,0,No,Yes,6564,Credit Card,Standard,3.2,4.9
SES503347,CUST11800,2025-06-02 00:00:00,40,FEMALE,Delhi,New,0,Mobile,Google,13.8,10,3,Electronics,Headphones,9640,Yes,16413,No,0,No,Yes,18082,Cash on Delivery,Standard,4.1,4.7
SES503689,CUST11858,2025-12-17 00:00:00,43,FEMALE,Bangalore,Returning,15,Mobile,Email,4.8,7,2,Home & Kitchen,Table Lamp,1462,No,0,No,0,No,No,0,UPI,Standard,,
SES500223,CUST10957,2025-04-29 00:00:00,19,FEMALE,Chennai,New,0,Mobile,Direct,4.6,8,3,Beauty,Moisturizer,615,No,0,Yes,5,No,No,0,UPI,Express,,
SES505744,CUST10344,2025-12-02 00:00:00,62,FEMALE,Bangalore,New,0,Mobile,YouTube,7.5,8,4,Home & Kitchen,Coffee Maker,7457,No,0,Yes,15,Yes,No,0,Credit Card,Standard,,
SES500049,CUST11501,2025-07-19 00:00:00,37,FEMALE,Bangalore,New,0,Mobile,Email,8.8,5,3,Home & Kitchen,Table Lamp,8759,No,0,No,0,No,No,0,Credit Card,Standard,,
SES500574,CUST10717,2025-11-07 00:00:00,33,MALE,Pune,New,0,Desktop,Google,12,8,3,Fashion,Sneakers,5658,Yes,10715,Yes,10,No,No,0,UPI,Express,,
SES501237,CUST11286,2025-04-09 00:00:00,26,MALE,Kolkata,New,0,Mobile,Google,2.2,5,4,Electronics,Bluetooth Speaker,28464,Yes,28598,No,0,No,No,0,Credit Card,Standard,,
SES504587,CUST11284,2026-03-08 00:00:00,31,FEMALE,Chennai,New,0,Mobile,Referral,19.6,5,4,Electronics,Wireless Earbuds,15923,Yes,26113,Yes,15,Yes,Yes,15394,UPI,Express,3.5,4.4
SES505850,CUST11165,2025-03-08 00:00:00,29,MALE,Pune,Returning,10,Mobile,Direct,8.2,4,6,Books,Self Help Book,1025,No,0,Yes,15,No,No,0,Credit Card,Standard,,
SES505420,CUST11318,2025-09-30 00:00:00,34,MALE,Bangalore,Returning,13,Desktop,Referral,10.8,8,4,Books,Academic Book,1551,No,0,Yes,15,Yes,No,0,Cash on Delivery,Express,,
SES502283,CUST11013,2025-03-02 00:00:00,46,FEMALE,Bangalore,New,0,Mobile,Direct,6.8,6,3,Beauty,Perfume,1157,Yes,1795,No,0,No,No,0,UPI,Standard,,
SES504054,CUST12159,2025-01-05 00:00:00,30,MALE,Kolkata,New,0,Mobile,Email,3.8,9,4,Home & Kitchen,Storage Box,8719,No,0,No,0,No,No,0,UPI,Standard,,
SES500268,CUST10981,2025-06-19 00:00:00,25,FEMALE,Jaipur,New,0,Mobile,Referral,10.8,7,3,Fashion,Jacket,6904,Yes,13660,Yes,25,Yes,No,0,Credit Card,Same Day,,
SES501105,CUST10402,2026-03-20 00:00:00,49,MALE,Delhi,Returning,10,Mobile,Instagram,12.4,4,5,Fashion,Jacket,4502,Yes,6946,Yes,5,Yes,Yes,7192,UPI,Standard,4.4,3.7
SES502306,CUST11250,2025-01-13 00:00:00,26,FEMALE,Bangalore,New,0,Mobile,Instagram,21.6,12,5,Electronics,Power Bank,6284,Yes,12480,Yes,25,No,Yes,10423,UPI,Standard,2.6,2.9
SES504744,CUST10904,2025-05-13 00:00:00,33,FEMALE,Chennai,New,1,Desktop,Google,8,9,7,Beauty,Moisturizer,620,No,0,No,0,No,No,0,Credit Card,Express,,
SES501936,CUST11951,2026-02-03 00:00:00,38,MALE,Bangalore,New,0,Mobile,Google,14.3,8,5,Electronics,Bluetooth Speaker,34100,No,0,Yes,15,Yes,No,0,UPI,Standard,,
SES500387,CUST11192,2025-07-06 00:00:00,33,MALE,Delhi,New,0,Desktop,Instagram,5.4,2,3,Books,Business Book,398,Yes,663,No,0,No,No,0,UPI,Standard,,
SES501702,CUST10662,2026-06-19 00:00:00,35,FEMALE,Hyderabad,Returning,2,Mobile,Instagram,14,3,5,Home & Kitchen,Bedsheet,6642,Yes,6412,Yes,5,No,No,0,Credit Card,Express,,
SES501629,CUST11764,2026-01-18 00:00:00,26,MALE,Pune,New,0,Mobile,Direct,8.7,6,4,Beauty,Face Wash,4164,No,0,No,0,No,No,0,Wallet,Standard,,
SES503238,CUST11342,2025-06-09 00:00:00,36,MALE,Ahmedabad,New,0,Desktop,Facebook,5,8,5,Electronics,Smart Watch,17920,Yes,14552,No,0,No,Yes,35767,Debit Card,Standard,4.7,3.2
SES502715,CUST10022,2025-12-03 00:00:00,48,FEMALE,Delhi,Returning,9,Desktop,Facebook,5.3,7,3,Fashion,Jacket,4141,No,0,No,0,No,Yes,7720,UPI,Express,3.9,5
SES504565,CUST10422,2026-04-21 00:00:00,18,MALE,Ahmedabad,New,0,Mobile,Direct,7.8,4,3,Home & Kitchen,Bedsheet,13885,Yes,18811,No,0,No,Yes,18341,Credit Card,Standard,4.8,4.6
SES505273,CUST10155,2026-04-02 00:00:00,19,MALE,Jaipur,Returning,3,Desktop,Instagram,2.2,8,3,Beauty,Perfume,1733,No,0,No,0,No,No,0,UPI,Standard,,
SES501564,CUST12034,2025-06-08 00:00:00,26,MALE,Hyderabad,Returning,15,Mobile,Facebook,23.3,6,9,Fashion,T-Shirt,4800,Yes,10949,Yes,10,Yes,Yes,7443,Wallet,Express,4.7,4.4
SES503618,CUST10950,2026-05-02 00:00:00,18,FEMALE,Hyderabad,Returning,15,Desktop,YouTube,12.5,5,4,Home & Kitchen,Bedsheet,14801,No,0,Yes,15,Yes,No,0,UPI,Same Day,,
SES500210,CUST10628,2026-04-06 00:00:00,27,FEMALE,Mumbai,Returning,8,Mobile,Instagram,17.5,7,1,Home & Kitchen,Bedsheet,5027,Yes,8899,No,0,No,Yes,10329,Debit Card,Same Day,4.6,2.9
SES500910,CUST10148,2025-04-29 00:00:00,34,MALE,Mumbai,Returning,4,Desktop,Google,2.7,9,6,Fashion,Sneakers,5408,No,0,No,0,No,No,0,Cash on Delivery,Same Day,,
SES501290,CUST10022,2025-11-30 00:00:00,39,FEMALE,Jaipur,New,0,Mobile,Email,6,9,8,Home & Kitchen,Coffee Maker,6114,No,0,Yes,5,No,No,0,Debit Card,Standard,,
SES504553,CUST10273,2025-03-10 00:00:00,21,FEMALE,Delhi,Returning,7,Desktop,Google,11.6,8,3,Electronics,Smart Watch,1060,Yes,2185,No,0,No,Yes,2189,UPI,Express,3.8,3.9
SES503897,CUST11345,2026-06-21 00:00:00,44,FEMALE,Mumbai,New,0,Mobile,Facebook,9.5,7,2,Fashion,Jacket,3295,No,0,No,0,No,Yes,4009,Wallet,Standard,3,3.6
SES501843,CUST11277,2026-03-28 00:00:00,41,MALE,Delhi,New,0,Mobile,Google,11.8,9,4,Electronics,Power Bank,16747,No,0,Yes,20,Yes,Yes,20604,Wallet,Standard,4.2,4
SES502498,CUST10397,2025-11-14 00:00:00,41,FEMALE,Bangalore,New,0,Mobile,Instagram,4.9,14,3,Electronics,Bluetooth Speaker,26110,No,0,No,0,No,No,0,UPI,Standard,,
SES505634,CUST10062,2025-05-03 00:00:00,18,MALE,Delhi,Returning,4,Mobile,Facebook,18.8,5,6,Books,Business Book,2485,Yes,5307,No,0,No,No,0,UPI,Standard,,
SES503679,CUST10780,2025-12-30 00:00:00,18,MALE,Delhi,New,0,Desktop,Instagram,4.1,6,2,Home & Kitchen,Table Lamp,11210,No,0,Yes,15,Yes,Yes,10074,UPI,Standard,4,4
SES500959,CUST10182,2025-02-10 00:00:00,24,MALE,Delhi,New,0,Mobile,Google,12,8,2,Home & Kitchen,Cookware Set,3024,No,0,No,0,No,No,0,Wallet,Same Day,,
SES501794,CUST10490,2025-08-13 00:00:00,39,FEMALE,Mumbai,New,0,Desktop,YouTube,6.6,10,5,Fashion,T-Shirt,4519,Yes,10797,No,0,No,No,0,UPI,Standard,,
SES502089,CUST10183,2026-03-15 00:00:00,28,MALE,Pune,Returning,9,Mobile,Google,6,8,4,Fashion,Jacket,3689,Yes,3206,Yes,25,Yes,Yes,5307,Wallet,Standard,3.2,4.9
SES502703,CUST10365,2025-11-22 00:00:00,22,MALE,Bangalore,Returning,11,Mobile,Direct,6.3,3,4,Fashion,T-Shirt,933,No,0,No,0,No,No,0,Wallet,Standard,,
SES500332,CUST11370,2026-01-26 00:00:00,18,MALE,Bangalore,New,1,Mobile,Email,7.7,4,3,Beauty,Face Wash,3830,No,0,No,0,No,No,0,UPI,Standard,,
SES503373,CUST10135,2025-01-18 00:00:00,18,FEMALE,Lucknow,New,0,Desktop,Instagram,2.9,6,8,Home & Kitchen,Coffee Maker,592,No,0,No,0,No,No,0,Debit Card,Standard,,
SES504792,CUST10085,2025-09-28 00:00:00,18,MALE,Bangalore,New,0,Desktop,Email,7.7,8,3,Home & Kitchen,Storage Box,14455,Yes,19632,Yes,15,No,No,0,UPI,Standard,,
SES503923,CUST10104,2026-02-02 00:00:00,25,MALE,Chennai,New,0,Mobile,Google,6.7,9,8,Beauty,Moisturizer,3988,Yes,3953,No,0,No,Yes,7498,upi,Same Day,5,5
SES502460,CUST10362,2025-02-25 00:00:00,23,FEMALE,Mumbai,New,0,Mobile,Facebook,5.8,5,6,Beauty,Lipstick,3983,Yes,3725,Yes,15,No,Yes,4134,Debit Card,Same Day,3.7,4
SES501775,CUST10481,2025-01-13 00:00:00,18,MALE,Lucknow,New,0,Mobile,Instagram,11.1,6,7,Sports,Running Shoes,5413,Yes,12953,No,0,No,Yes,5605,Wallet,Standard,3.1,3.9
SES505086,CUST11129,2026-02-28 00:00:00,28,MALE,Jaipur,Returning,4,Desktop,Google,3.4,9,6,Electronics,Headphones,18289,No,0,No,0,No,No,0,UPI,Standard,,
SES503403,CUST11335,2025-04-06 00:00:00,37,FEMALE,Hyderabad,New,0,Mobile,YouTube,10,5,4,Home & Kitchen,Bedsheet,8324,Yes,16047,No,0,No,No,0,Cash on Delivery,Standard,,
SES503754,CUST11984,2025-01-10 00:00:00,40,FEMALE,Mumbai,New,0,Mobile,Instagram,11.7,9,3,Fashion,Kurta,3663,No,0,No,0,No,No,0,Debit Card,Standard,,
SES505991,CUST10208,2026-02-28 00:00:00,30,FEMALE,Chennai,New,0,Mobile,YouTube,2.2,7,8,Fashion,Sneakers,6683,No,0,Yes,15,Yes,No,0,UPI,Standard,,
SES505379,CUST10546,2025-06-16 00:00:00,26,MALE,Chennai,Returning,9,Mobile,Google,2.8,8,4,Fashion,T-Shirt,6866,Yes,12646,No,0,No,Yes,11189,UPI,Express,4.4,5
SES504076,CUST11263,2025-03-03 00:00:00,35,MALE,Delhi,New,0,Desktop,Google,5,7,3,Beauty,Moisturizer,812,No,0,No,0,No,No,0,Cash on Delivery,Standard,,
SES503807,CUST10270,2026-03-23 00:00:00,18,MALE,Delhi,New,0,Desktop,Google,4.4,8,3,Home & Kitchen,Bedsheet,8731,Yes,8224,Yes,10,Yes,Yes,15612,Debit Card,Standard,3.9,4
SES502843,CUST11526,2025-11-30 00:00:00,56,MALE,Mumbai,New,1,Tablet,Email,17.1,9,5,Fashion,Kurta,3261,No,0,No,0,No,No,0,Cash on Delivery,Same Day,,
SES501711,CUST11344,2026-01-08 00:00:00,39,MALE,Jaipur,Returning,10,Mobile,Google,9.5,9,8,Fashion,T-Shirt,6264,No,0,Yes,25,Yes,No,0,Cash on Delivery,Express,,
SES504605,CUST11553,2025-12-27 00:00:00,36,FEMALE,Mumbai,New,0,Mobile,Instagram,6.7,6,2,Books,Academic Book,1254,No,0,Yes,25,Yes,Yes,2236,Cash on Delivery,Standard,3.8,3.3
SES502479,CUST10555,2025-07-03 00:00:00,32,MALE,Mumbai,New,0,Desktop,Facebook,18.2,9,2,Fashion,Jacket,6594,Yes,11909,No,0,No,Yes,13749,UPI,Standard,5,4
SES501367,CUST10166,2026-03-01 00:00:00,37,MALE,Mumbai,New,1,Desktop,YouTube,19.2,6,2,Beauty,Shampoo,2037,Yes,3060,Yes,10,Yes,Yes,3129,UPI,Standard,4,3.8
SES500174,CUST10187,2026-02-04 00:00:00,21,FEMALE,Delhi,New,0,Mobile,Instagram,11.5,4,2,Fashion,Sneakers,2737,No,0,No,0,No,No,0,Credit Card,Express,,
SES504086,CUST10407,2025-01-22 00:00:00,29,MALE,Jaipur,Returning,9,Mobile,Google,22.5,4,4,Books,Fiction Book,1957,Yes,2159,Yes,30,Yes,Yes,3648,Debit Card,Express,4,2.8
SES504443,CUST10476,2025-05-14 00:00:00,31,MALE,Chennai,New,0,Mobile,Google,11.9,13,4,Fashion,Jeans,4874,Yes,4311,No,0,No,No,0,Credit Card,Express,,
SES502930,CUST11148,2025-11-19 00:00:00,46,MALE,Mumbai,New,0,Desktop,Email,12.6,6,6,Sports,Yoga Mat,9963,No,0,No,0,No,No,0,Debit Card,Standard,,
SES505254,CUST11365,2026-01-17 00:00:00,18,MALE,Delhi,Returning,4,Mobile,Referral,4.4,6,3,Electronics,Bluetooth Speaker,31558,No,0,No,0,No,No,0,Credit Card,Standard,,
SES503456,CUST11378,2026-05-17 00:00:00,37,MALE,Chennai,Returning,3,Mobile,Instagram,9.2,4,6,Beauty,Moisturizer,1009,No,0,No,0,No,No,0,Debit Card,Standard,,
SES501953,CUST10921,2025-04-25 00:00:00,29,FEMALE,Delhi,Returning,10,Mobile,Google,10.5,4,5,Books,Business Book,2247,No,0,No,0,No,No,0,Cash on Delivery,Standard,,
SES503241,CUST11492,2025-06-16 00:00:00,34,FEMALE,Delhi,Returning,9,Mobile,Google,11.2,8,5,Sports,Football,5230,No,0,Yes,25,Yes,No,0,Wallet,Same Day,,
SES505051,CUST10392,2025-01-19 00:00:00,50,MALE,Mumbai,Returning,6,Desktop,Referral,5.2,9,5,Sports,Football,10836,Yes,19878,Yes,25,Yes,Yes,20153,Cash on Delivery,Standard,3.1,4.8
SES502037,CUST11755,2025-02-15 00:00:00,38,FEMALE,Mumbai,New,0,Desktop,Referral,11,10,2,Home & Kitchen,Bedsheet,6993,No,0,No,0,No,Yes,8273,UPI,Standard,2.9,4.9
SES503922,CUST11087,2025-10-06 00:00:00,23,FEMALE,Mumbai,Returning,6,Mobile,Google,8,6,2,Electronics,Power Bank,21660,No,0,No,0,No,No,0,Wallet,Standard,,
SES504424,CUST10912,2025-10-20 00:00:00,43,FEMALE,Lucknow,Returning,6,Desktop,Instagram,16,3,3,Fashion,Jeans,3369,No,0,Yes,15,Yes,Yes,5528,UPI,Standard,3.1,4.3
SES500019,CUST10460,2025-12-13 00:00:00,21,UNKNOWN,Bangalore,New,0,Desktop,Facebook,2.2,5,3,Electronics,Wireless Earbuds,20621,No,0,No,0,No,No,0,Debit Card,Express,,
SES500001,CUST10861,2025-10-10 00:00:00,19,FEMALE,Delhi,Returning,7,Desktop,Referral,12.1,10,6,Books,Fiction Book,1492,Yes,2643,Yes,20,Yes,Yes,2273,Credit Card,Standard,4,5
SES502175,CUST12011,2025-04-25 00:00:00,39,MALE,Mumbai,Returning,15,Tablet,Direct,11.3,10,1,Beauty,Moisturizer,2849,Yes,3258,Yes,5,Yes,Yes,5273,UPI,Standard,3.2,4.3
SES501357,CUST10584,2025-07-27 00:00:00,44,FEMALE,Delhi,New,0,Mobile,Instagram,13.4,4,2,Electronics,Wireless Earbuds,27633,Yes,57219,Yes,15,Yes,No,0,UPI,Standard,,
SES505902,CUST11608,2026-04-21 00:00:00,33,FEMALE,Pune,New,1,Desktop,Email,2.5,5,3,Home & Kitchen,Table Lamp,2921,No,0,Yes,15,No,No,0,UPI,Standard,,
SES503218,CUST11474,2025-10-18 00:00:00,28,MALE,Delhi,New,0,Mobile,Google,11.8,5,5,Electronics,Bluetooth Speaker,5842,Yes,14060,Yes,15,No,No,0,UPI,Standard,,
SES503196,CUST10883,2025-01-08 00:00:00,25,FEMALE,Hyderabad,New,0,Mobile,Google,4.8,6,6,Electronics,Smart Watch,23176,No,0,No,0,No,Yes,23249,UPI,Standard,3.7,5
SES500397,CUST10418,2025-03-06 00:00:00,29,FEMALE,Pune,Returning,11,Mobile,Google,17.4,9,3,Books,Self Help Book,268,No,0,Yes,15,Yes,No,0,Debit Card,Standard,,
SES505724,CUST11490,2026-04-16 00:00:00,27,MALE,Bangalore,New,0,Mobile,Google,11.5,7,1,Beauty,Lipstick,3804,No,0,Yes,10,Yes,No,0,Cash on Delivery,Express,,
SES503380,CUST10121,2026-01-08 00:00:00,44,FEMALE,Mumbai,New,0,Desktop,YouTube,8,5,3,Fashion,T-Shirt,4403,Yes,6582,No,0,No,Yes,6431,UPI,Standard,3.8,4.4
SES501813,CUST10793,2025-11-16 00:00:00,33,FEMALE,Delhi,New,0,Mobile,Google,4.4,8,4,Fashion,Kurta,1451,Yes,1849,Yes,30,No,Yes,1524,UPI,Express,3.8,3.7
SES503653,CUST11945,2025-06-24 00:00:00,25,MALE,Pune,New,0,Desktop,Google,14.8,8,5,Fashion,T-Shirt,2491,Yes,2454,Yes,25,Yes,No,0,Net Banking,Standard,,
SES504373,CUST10336,2025-06-05 00:00:00,38,FEMALE,Hyderabad,Returning,13,Desktop,Google,3.5,11,4,Beauty,Shampoo,3274,No,0,Yes,10,Yes,No,0,UPI,Express,,
SES500817,CUST10198,2026-06-08 00:00:00,30,MALE,Hyderabad,New,0,Mobile,Direct,4.5,7,4,Books,Fiction Book,1861,No,0,Yes,10,Yes,No,0,Net Banking,Express,,
SES501573,CUST11199,2025-07-27 00:00:00,36,MALE,Hyderabad,New,0,Mobile,Google,8,12,5,Electronics,Power Bank,16242,No,0,Yes,20,No,No,0,Wallet,Standard,,
SES504174,CUST11217,2026-02-22 00:00:00,47,MALE,Hyderabad,New,0,Desktop,Direct,6.4,4,2,Home & Kitchen,Table Lamp,14314,No,0,Yes,25,Yes,No,0,UPI,Express,,
SES501801,CUST11694,2026-03-17 00:00:00,27,MALE,Lucknow,New,0,Tablet,Instagram,15.8,10,6,Books,Business Book,284,No,0,Yes,15,Yes,No,0,Credit Card,Standard,,
SES502281,CUST10575,2026-04-07 00:00:00,21,MALE,Lucknow,New,0,Mobile,Google,6.5,7,6,Electronics,Power Bank,29860,No,0,No,0,No,No,0,UPI,Standard,,
SES503786,CUST10040,2026-06-29 00:00:00,33,FEMALE,Mumbai,New,0,Mobile,Facebook,18.2,8,3,Home & Kitchen,Bedsheet,14611,Yes,14737,Yes,5,Yes,Yes,16492,Cash on Delivery,Standard,3.9,3.7
SES504770,CUST11874,2026-02-25 00:00:00,29,MALE,Delhi,New,0,Mobile,YouTube,6.9,5,4,Fashion,Kurta,5126,Yes,8581,No,0,No,No,0,Debit Card,Standard,,
SES504839,CUST11678,2025-03-26 00:00:00,26,FEMALE,Lucknow,Returning,9,Desktop,Facebook,2.9,6,4,Electronics,Smart Watch,6446,No,0,Yes,30,Yes,No,0,UPI,Same Day,,
SES504560,CUST10947,2025-07-25 00:00:00,20,MALE,Delhi,New,0,Mobile,Google,22.6,9,2,Beauty,Shampoo,378,No,0,No,0,No,No,0,UPI,Standard,,
SES503322,CUST12041,2026-01-23 00:00:00,32,FEMALE,Pune,New,1,Mobile,YouTube,4.6,7,4,Beauty,Face Wash,3351,No,0,Yes,15,Yes,No,0,UPI,Standard,,
SES505199,CUST10806,2025-11-21 00:00:00,40,FEMALE,Kolkata,New,0,Desktop,Google,18.7,3,5,Books,Fiction Book,1317,Yes,2356,Yes,20,No,Yes,2616,Credit Card,Standard,3.3,3
SES504512,CUST11244,2025-03-20 00:00:00,40,FEMALE,Chennai,Returning,4,Desktop,Google,10.6,7,3,Beauty,Face Wash,3780,No,0,Yes,20,Yes,Yes,3680,Debit Card,Standard,5,5
SES503493,CUST10718,2025-05-07 00:00:00,39,FEMALE,Delhi,New,0,Desktop,Instagram,7.3,5,5,Fashion,Jeans,1204,No,0,Yes,10,No,No,0,Credit Card,Express,,
SES505493,CUST11928,2026-04-23 00:00:00,18,MALE,Mumbai,New,0,Mobile,YouTube,10.8,6,3,Fashion,Sneakers,788,No,0,Yes,20,Yes,No,0,Credit Card,Express,,
SES504217,CUST10810,2025-06-07 00:00:00,28,MALE,Bangalore,Returning,7,Tablet,Facebook,2.7,8,2,Electronics,Bluetooth Speaker,9314,No,0,No,0,No,No,0,UPI,Express,,
SES505299,CUST11142,2025-08-14 00:00:00,24,FEMALE,Jaipur,New,0,Mobile,Google,10,3,3,Beauty,Lipstick,1310,Yes,2294,No,0,No,No,0,UPI,Standard,,
SES500555,CUST11485,2025-06-07 00:00:00,50,FEMALE,Chennai,Returning,15,Tablet,Instagram,15.9,8,4,Books,Fiction Book,276,No,0,Yes,15,No,No,0,UPI,Same Day,,
SES501160,CUST11829,2026-06-29 00:00:00,39,FEMALE,Hyderabad,Returning,9,Mobile,Google,8.7,8,3,Electronics,Power Bank,8983,Yes,7922,No,0,No,Yes,8129,UPI,Standard,4.1,4.5
SES501214,CUST10975,2025-04-21 00:00:00,41,MALE,Delhi,New,0,Mobile,Google,7.9,9,1,Fashion,T-Shirt,1558,Yes,3588,Yes,10,Yes,Yes,1745, UPI ,Standard,3.9,3.9
SES503168,CUST11568,2025-06-21 00:00:00,18,MALE,Bangalore,Returning,4,Desktop,Facebook,7.1,5,3,Fashion,Kurta,1403,No,0,No,0,No,No,0,Credit Card,Express,,
SES501326,CUST11981,2025-12-27 00:00:00,33,MALE,Jaipur,Returning,8,Mobile,Direct,6.5,8,4,Sports,Dumbbells,5449,No,0,No,0,No,No,0,Credit Card,Standard,,
SES505326,CUST11960,2025-04-21 00:00:00,38,FEMALE,Ahmedabad,New,0,Desktop,Google,15.6,10,1,Home & Kitchen,Cookware Set,14618,Yes,30122,Yes,10,No,No,0,UPI,Express,,
SES504828,CUST11628,2025-05-26 00:00:00,29,MALE,Ahmedabad,Returning,4,Mobile,Referral,4.9,8,5,Electronics,Bluetooth Speaker,8929,Yes,7361,No,0,No,No,0,UPI,Express,,
SES500701,CUST12157,2025-03-04 00:00:00,20,MALE,Kolkata,Returning,6,Desktop,Google,5.3,6,3,Fashion,T-Shirt,6051,No,0,No,0,No,No,0,UPI,Same Day,,
SES502701,CUST12047,2025-05-05 00:00:00,28,MALE,New Delhi,New,0,Mobile,Instagram,5.2,4,5,Beauty,Face Wash,4723,No,0,Yes,15,Yes,No,0,Debit Card,Same Day,,
SES504317,CUST11213,2025-06-04 00:00:00,36,FEMALE,Mumbai,New,0,Desktop,Direct,20.3,8,5,Beauty,Perfume,898,No,0,Yes,25,Yes,No,0,Credit Card,Express,,
SES501848,CUST10983,2025-04-25 00:00:00,43,FEMALE,Kolkata,Returning,7,Mobile,Instagram,12.5,10,3,Home & Kitchen,Table Lamp,1837,No,0,Yes,10,No,No,0,Credit Card,Standard,,
SES505058,CUST10848,2025-10-26 00:00:00,27,UNKNOWN,Kolkata,New,0,Mobile,Google,5.6,10,4,Fashion,Kurta,6747,No,0,No,0,No,No,0,credit card,Standard,,
SES503906,CUST10390,2025-04-12 00:00:00,30,MALE,Jaipur,Returning,13,Desktop,Instagram,3,6,3,Beauty,Shampoo,640,No,0,No,0,No,No,0,UPI,Same Day,,
SES501456,CUST11356,2025-10-10 00:00:00,34,MALE,Ahmedabad,Returning,12,Mobile,Instagram,16.3,8,4,Beauty,Moisturizer,3925,Yes,3896,No,0,No,Yes,5912,Credit Card,Same Day,4.5,2.6
SES505045,CUST11106,2025-06-16 00:00:00,30,MALE,Chennai,New,0,Mobile,Google,9.2,8,3,Fashion,Jacket,3199,Yes,3103,Yes,5,Yes,Yes,4689,Wallet,Express,4.4,3.7
SES505605,CUST10898,2026-05-31 00:00:00,26,MALE,Chennai,Returning,13,Desktop,Email,16.9,8,6,Books,Academic Book,283,Yes,342,Yes,5,No,Yes,580,Credit Card,Standard,5,4.5
SES504467,CUST12106,2025-10-12 00:00:00,31,MALE,Pune,Returning,11,Mobile,Direct,5.4,8,2,Beauty,Lipstick,2568,Yes,5973,Yes,5,Yes,Yes,1986,UPI,Standard,3.9,3.4
SES500867,CUST10051,2026-05-05 00:00:00,27,MALE,Hyderabad,New,1,Mobile,YouTube,3.2,4,2,Electronics,Wireless Earbuds,2937,No,0,Yes,10,Yes,No,0,UPI,Express,,
SES504610,CUST12156,2026-02-11 00:00:00,46,MALE,Mumbai,Returning,13,Mobile,Facebook,11.6,6,5,Fashion,Jeans,1966,No,0,No,0,Unknown,No,0,upi,Standard,,
SES501645,CUST10789,2025-06-22 00:00:00,36,MALE,Kolkata,Returning,11,Mobile,Referral,5.4,5,6,Home & Kitchen,Coffee Maker,9330,Yes,12823,Yes,25,No,No,0,Wallet,Standard,,
SES502141,CUST10641,2025-03-03 00:00:00,49,MALE,Delhi,New,0,Mobile,Referral,18.4,7,4,Beauty,Lipstick,735,Yes,1044,No,0,No,No,0,UPI,Standard,,
SES504044,CUST11720,2026-05-14 00:00:00,48,FEMALE,Ahmedabad,New,0,Desktop,Facebook,6.2,6,3,Fashion,Jacket,5264,Yes,5115,No,0,No,No,0,Wallet,Same Day,,
SES503485,CUST11168,2026-06-30 00:00:00,37,MALE,Mumbai,New,0,Mobile,Instagram,11,9,4,Sports,Yoga Mat,9441,No,0,Yes,15,Yes,No,0,UPI,Standard,,
SES501491,CUST11526,2025-07-23 00:00:00,18,FEMALE,Hyderabad,Returning,12,Desktop,Referral,13.7,10,3,Home & Kitchen,Bedsheet,4362,Yes,10846,No,0,No,Yes,8202,Cash on Delivery,Standard,4.3,5
SES503124,CUST11992,2025-08-25 00:00:00,35,FEMALE,Kolkata,New,0,Tablet,Google,16.3,8,5,Beauty,Moisturizer,4595,Yes,3984,No,0,No,No,0,Wallet,Standard,,
SES500730,CUST10075,2026-04-08 00:00:00,27,FEMALE,Ahmedabad,New,0,Mobile,Google,6.7,9,5,Beauty,Face Wash,4714,No,0,No,0,No,No,0,UPI,Standard,,
SES503888,CUST11289,2025-06-04 00:00:00,35,FEMALE,Mumbai,Returning,11,Mobile,Email,1.9,9,5,Beauty,Shampoo,593,No,0,No,0,No,No,0,UPI,Standard,,
SES503791,CUST11235,2026-05-02 00:00:00,49,MALE,Jaipur,Returning,6,Mobile,Google,11.2,9,4,Books,Self Help Book,793,No,0,No,0,No,Yes,1028,UPI,Express,3.3,2.4
SES502621,CUST11732,2025-03-21 00:00:00,47,FEMALE,Mumbai,New,1,Mobile,Direct,8.4,6,4,Electronics,Power Bank,905,Yes,1283,Yes,20,Yes,Yes,1603,Debit Card,Standard,3.3,3.2
SES501937,CUST10366,2025-07-09 00:00:00,25,FEMALE,Hyderabad,New,0,Mobile,Instagram,11.8,9,1,Beauty,Face Wash,1611,No,0,No,0,No,No,0,Credit Card,Express,,
SES503182,CUST10902,2025-08-13 00:00:00,39,MALE,Delhi,Returning,5,Mobile,Email,5.5,8,5,Fashion,Jacket,852,No,0,Yes,10,Yes,No,0,UPI,Same Day,,
SES501111,CUST10131,2025-07-12 00:00:00,45,FEMALE,Delhi,New,0,Desktop,Referral,8.1,11,4,Sports,Running Shoes,6413,No,0,No,0,No,No,0,Credit Card,Standard,,
SES504896,CUST11093,2025-06-09 00:00:00,34,MALE,New Delhi,Returning,9,Desktop,Referral,13,4,5,Electronics,Smart Watch,2709,Yes,4071,No,0,No,Yes,2481,Wallet,Standard,4.4,4.7
SES502395,CUST11227,2025-02-04 00:00:00,21,FEMALE,Delhi,Returning,7,Mobile,Direct,5.1,3,5,Books,Academic Book,872,No,0,No,0,No,Yes,1831,UPI,Standard,2.7,4.3
SES501186,CUST11777,2025-04-08 00:00:00,36,FEMALE,Jaipur,Returning,11,Mobile,YouTube,3.7,7,6,Electronics,Bluetooth Speaker,7083,No,0,Yes,25,No,No,0,UPI,Standard,,
SES502008,CUST11431,2025-06-18 00:00:00,23,MALE,Delhi,New,0,Desktop,Facebook,13.9,6,7,Fashion,T-Shirt,3571,Yes,3436,Yes,15,Yes,No,0,UPI,Express,,
SES500194,CUST11788,2026-05-29 00:00:00,27,FEMALE,Jaipur,Returning,15,Mobile,Direct,6.2,8,4,Sports,Running Shoes,3433,No,0,Yes,10,Yes,No,0,UPI,Express,,
SES501516,CUST11281,2026-01-15 00:00:00,26,MALE,Mumbai,Returning,7,Tablet,Referral,17.7,9,2,Books,Fiction Book,1721,No,0,No,0,No,No,0,Debit Card,Express,,
SES500579,CUST11824,2025-02-27 00:00:00,18,FEMALE,Hyderabad,Returning,5,Mobile,Direct,9.4,7,7,Electronics,Headphones,2947,No,0,No,0,No,No,0,Cash on Delivery,Standard,,
SES502124,CUST10973,2025-10-25 00:00:00,22,MALE,Jaipur,Returning,3,Mobile,Facebook,21.8,6,3,Books,Academic Book,1654,Yes,2351,No,0,No,No,0,Credit Card,Same Day,,
SES501430,CUST10014,2025-01-30 00:00:00,37,FEMALE,Delhi,New,0,Mobile,Instagram,14.6,8,5,Fashion,T-Shirt,441,Yes,956,Yes,25,Yes,Yes,523,UPI,Standard,4.6,3.1
SES500772,CUST10321,2025-04-27 00:00:00,34,MALE,Jaipur,Returning,13,Desktop,Google,10.5,7,4,Beauty,Moisturizer,726,Yes,1006,No,0,No,No,0,UPI,Standard,,
SES503619,CUST11995,2026-05-22 00:00:00,18,MALE,Bangalore,New,0,Desktop,Direct,11.5,11,5,Home & Kitchen,Table Lamp,6346,Yes,12560,Yes,15,No,Yes,7050,Wallet,Standard,3.1,4.1
SES502396,CUST10821,2025-04-06 00:00:00,31,MALE,Mumbai,Returning,15,Mobile,Direct,7.3,13,2,Books,Self Help Book,1749,No,0,No,0,No,Yes,2316,Cash on Delivery,Standard,4.9,4.4
SES505977,CUST11725,2026-05-01 00:00:00,18,FEMALE,Chennai,Returning,9,Mobile,Direct,5.3,9,8,Electronics,Bluetooth Speaker,16604,Yes,29677,No,0,No,No,0,Credit Card,Standard,,
SES501847,CUST10457,2025-08-13 00:00:00,22,FEMALE,Mumbai,New,0,Mobile,Google,8.9,5,1,Sports,Yoga Mat,11555,Yes,10265,No,0,No,Yes,22570,Debit Card,Express,2.8,5
SES500132,CUST10710,2025-06-03 00:00:00,30,FEMALE,Delhi,Returning,4,Tablet,Google,4.7,3,4,Books,Fiction Book,2286,Yes,5300,Yes,15,Yes,Yes,3903,Credit Card,Express,4.4,4.5
SES500179,CUST11987,2026-03-10 00:00:00,21,FEMALE,Pune,Returning,9,Desktop,Direct,8.5,7,4,Beauty,Shampoo,4556,No,0,Yes,5,Yes,No,0,Cash on Delivery,Express,,
SES505386,CUST10516,2026-03-04 00:00:00,18,MALE,Mumbai,Returning,9,Mobile,Instagram,4,10,5,Home & Kitchen,Bedsheet,3002,Yes,5195,Yes,10,Yes,Yes,4438,Debit Card,Same Day,3.3,4.7
SES505478,CUST11185,2025-03-18 00:00:00,18,MALE,Delhi,New,0,Mobile,Direct,16,6,7,Books,Academic Book,2116,Yes,5034,No,0,No,No,0,UPI,Standard,,
SES503607,CUST11676,2025-04-29 00:00:00,29,MALE,Delhi,Returning,11,Desktop,Email,9.8,4,5,Fashion,Sneakers,1745,Yes,2738,No,0,No,Yes,1593,Debit Card,Standard,4.8,4.4
SES502581,CUST10679,2025-12-10 00:00:00,35,FEMALE,Bangalore,New,0,Mobile,Direct,4.5,2,3,Books,Business Book,927,Yes,932,Yes,15,No,No,0,UPI,Same Day,,
SES503665,CUST10918,2025-07-24 00:00:00,39,MALE,Hyderabad,New,1,Mobile,Instagram,12,6,3,Electronics,Wireless Earbuds,25475,Yes,38332,No,0,No,Yes,31803,UPI,Standard,4.5,2.7
SES503394,CUST10196,2025-06-29 00:00:00,47,MALE,Hyderabad,Returning,2,Mobile,YouTube,7.7,4,1,Books,Academic Book,856,No,0,No,0,No,No,0,UPI,Standard,,
SES502653,CUST10909,2025-12-13 00:00:00,46,MALE,Chennai,Returning,9,Desktop,Direct,4.7,7,3,Electronics,Smart Watch,25601,Yes,20862,Yes,5,Yes,Yes,50614,UPI,Standard,3.1,5
SES502074,CUST10060,2026-03-10 00:00:00,19,FEMALE,New Delhi,New,0,Mobile,Google,9.1,10,3,Fashion,Jeans,5276,Yes,10781,Yes,15,Yes,Yes,7580,UPI,Standard,4.7,4.4
SES500659,CUST11281,2025-06-29 00:00:00,39,FEMALE,Jaipur,New,0,Mobile,Direct,10.1,5,5,Home & Kitchen,Storage Box,2653,No,0,No,0,No,No,0,Debit Card,Standard,,
SES501897,CUST11792,2025-02-24 00:00:00,27,MALE,Delhi,New,0,Tablet,Instagram,14.5,7,2,Fashion,Sneakers,3989,No,0,No,0,No,No,0,UPI,Standard,,
SES504435,CUST10616,2025-03-17 00:00:00,34,FEMALE,Mumbai,New,1,Desktop,Referral,18.6,7,4,Home & Kitchen,Table Lamp,5298,No,0,Yes,10,Yes,No,0,UPI,Standard,,
SES502607,CUST11179,2026-04-13 00:00:00,29,FEMALE,Bangalore,New,0,Mobile,Google,8.2,6,3,Home & Kitchen,Table Lamp,7931,No,0,No,0,No,No,0,Credit Card,Standard,,
SES502222,CUST11318,2025-11-03 00:00:00,18,FEMALE,Mumbai,New,0,Desktop,Instagram,4.5,10,6,Electronics,Power Bank,16005,No,0,Yes,15,Yes,No,0,UPI,Standard,,
SES505710,CUST10849,2026-03-30 00:00:00,20,MALE,Delhi,New,0,Mobile,Google,8.9,7,6,Fashion,Jeans,2665,No,0,Yes,10,Yes,Yes,4660,Wallet,Standard,4.3,3.3
SES502380,CUST10980,2025-05-14 00:00:00,44,FEMALE,Ahmedabad,New,0,Desktop,Instagram,3.3,8,5,Electronics,Power Bank,13832,No,0,No,0,No,No,0,UPI,Standard,,
SES501448,CUST10755,2025-08-19 00:00:00,51,MALE,Jaipur,New,0,Mobile,Google,1.8,7,4,Beauty,Face Wash,3613,No,0,No,0,No,No,0,Credit Card,Standard,,
SES500343,CUST11120,2025-03-01 00:00:00,35,FEMALE,Delhi,Returning,13,Desktop,Facebook,5.1,7,3,Books,Business Book,230,Yes,188,Yes,25,Yes,Yes,200,UPI,Express,4.9,4.3
SES505049,CUST10550,2026-03-30 00:00:00,33,FEMALE,Bangalore,New,0,Mobile,Facebook,6.2,10,3,Home & Kitchen,Table Lamp,5253,Yes,12201,No,0,No,Yes,10366,Credit Card,Standard,4.8,4.1
SES502528,CUST11137,2025-01-20 00:00:00,27,MALE,Ahmedabad,Returning,15,Desktop,Facebook,16.7,7,9,Electronics,Power Bank,1592,Yes,1283,No,0,No,Yes,1481,UPI,Standard,3.9,3.3
SES500728,CUST10468,2025-07-13 00:00:00,33,FEMALE,Delhi,New,0,Desktop,Referral,11.4,5,6,Fashion,Jeans,3667,Yes,8264,Yes,15,No,No,0,Credit Card,Standard,,
SES504748,CUST10148,2025-05-25 00:00:00,37,MALE,Delhi,Returning,14,Mobile,Instagram,8.2,12,3,Beauty,Face Wash,4599,Yes,4909,No,0,No,No,0,UPI,Standard,,
SES500977,CUST11410,2025-04-09 00:00:00,38,FEMALE,Lucknow,Returning,11,Desktop,Referral,3.5,12,3,Home & Kitchen,Coffee Maker,7989,Yes,7353,Yes,20,No,Yes,7018,Cash on Delivery,Same Day,5,4.2
SES502918,CUST10307,2026-04-19 00:00:00,32,MALE,Bangalore,New,0,Mobile,Direct,8.4,11,6,Beauty,Lipstick,2145,Yes,4353,Yes,5,Yes,Yes,3880,Cash on Delivery,Standard,3.4,4.6
SES504185,CUST12161,2026-05-03 00:00:00,30,MALE,Hyderabad,New,0,Mobile,Instagram,16.1,4,5,Fashion,Jeans,5562,No,0,Yes,20,Yes,No,0,UPI,Standard,,
SES501929,CUST10845,2025-09-07 00:00:00,29,FEMALE,Delhi,New,1,Mobile,Referral,8.5,8,5,Fashion,Sneakers,5512,No,0,No,0,No,No,0,UPI,Express,,
SES505121,CUST11455,2025-02-27 00:00:00,18,MALE,Hyderabad,New,0,Desktop,YouTube,6.2,4,5,Fashion,T-Shirt,4184,No,0,Yes,5,Yes,No,0,UPI,Express,,
SES505794,CUST11721,2025-11-19 00:00:00,43,MALE,Kolkata,Returning,12,Mobile,Google,5.7,6,4,Home & Kitchen,Coffee Maker,7707,Yes,17928,No,0,No,Yes,9643,Debit Card,Standard,3.9,3.2
SES501300,CUST10029,2026-04-09 00:00:00,25,FEMALE,Jaipur,New,0,Tablet,Instagram,16.4,8,5,Fashion,Kurta,4578,Yes,6586,No,0,No,No,0,UPI,Same Day,,
SES504197,CUST11610,2026-05-17 00:00:00,19,FEMALE,Pune,New,0,Desktop,Direct,4.5,6,4,Beauty,Moisturizer,3671,No,0,Yes,15,Yes,No,0,Credit Card,Standard,,
SES505539,CUST11511,2025-10-31 00:00:00,46,FEMALE,Jaipur,New,0,Mobile,Direct,4.3,10,5,Books,Fiction Book,236,No,0,No,0,No,Yes,311,Debit Card,Express,5,3.5
SES500661,CUST10625,2025-05-20 00:00:00,31,MALE,Bangalore,New,0,Mobile,Email,18.9,8,1,Electronics,Smart Watch,29284,Yes,29505,No,0,No,Yes,58447,Net Banking,Standard,3.1,3.7
SES501791,CUST10342,2025-10-17 00:00:00,39,FEMALE,Mumbai,Returning,5,Desktop,Direct,24.6,8,4,Sports,Cricket Bat,2569,Yes,4952,Yes,10,No,Yes,2739,Credit Card,Standard,3.4,4.1
SES503430,CUST11630,2025-03-19 00:00:00,35,MALE,Bangalore,Returning,3,Mobile,YouTube,7.9,3,3,Beauty,Shampoo,2950,No,0,No,0,No,No,0,Cash on Delivery,Standard,,
SES504164,CUST10447,2025-10-24 00:00:00,43,MALE,Ahmedabad,New,0,Desktop,YouTube,13.6,3,7,Beauty,Shampoo,4242,Yes,10597,No,0,No,Yes,7904, UPI ,Express,3.4,3.4
SES500494,CUST11141,2026-05-12 00:00:00,28,MALE,Chennai,Returning,10,Tablet,Instagram,2.9,15,4,Books,Business Book,374,Yes,341,No,0,No,No,0,Cash on Delivery,Standard,,
SES503149,CUST10509,2026-03-07 00:00:00,44,MALE,Lucknow,Returning,9,Mobile,Facebook,15.6,5,5,Electronics,Wireless Earbuds,28181,Yes,66543,No,0,No,Yes,40745,Cash on Delivery,Standard,5,3.4
SES504236,CUST11924,2025-12-07 00:00:00,34,FEMALE,Ahmedabad,New,0,Mobile,Email,20.8,9,3,Books,Academic Book,1155,Yes,2619,Yes,10,Yes,Yes,1932,Debit Card,Standard,3.8,3.9
SES505496,CUST12160,2025-03-14 00:00:00,27,MALE,Hyderabad,New,0,Mobile,Referral,7.3,7,2,Electronics,Wireless Earbuds,20272,No,0,No,0,No,No,0,Net Banking,Express,,
SES504815,CUST10435,2025-06-24 00:00:00,41,MALE,Mumbai,Returning,14,Desktop,Facebook,10,4,5,Home & Kitchen,Cookware Set,3070,No,0,Yes,25,Yes,Yes,3724,Cash on Delivery,Standard,4.2,5
SES505553,CUST10284,2025-02-14 00:00:00,40,MALE,Delhi,Returning,2,Desktop,Google,10,4,3,Electronics,Bluetooth Speaker,15468,No,0,Yes,30,Yes,No,0,Wallet,Express,,
SES501086,CUST10489,2026-05-01 00:00:00,26,MALE,Jaipur,New,0,Desktop,Instagram,11.6,8,5,Home & Kitchen,Table Lamp,7581,Yes,14756,No,0,No,No,0,Cash on Delivery,Standard,,
SES505694,CUST10552,2025-06-09 00:00:00,49,MALE,Chennai,New,0,Mobile,Referral,9.5,6,6,Fashion,Jacket,3217,No,0,No,0,No,No,0,UPI,Same Day,,
SES500695,CUST10537,2025-10-11 00:00:00,33,MALE,Delhi,New,0,Mobile,Direct,3.7,10,4,Beauty,Moisturizer,4738,Yes,9067,Yes,5,Yes,No,0,Debit Card,Express,,
SES501279,CUST12085,2025-12-13 00:00:00,53,FEMALE,Kolkata,Returning,7,Tablet,Direct,10,10,4,Fashion,T-Shirt,3530,Yes,6188,No,0,No,No,0,Credit Card,Standard,,
SES504253,CUST11828,2025-12-23 00:00:00,24,MALE,Chennai,Returning,3,Desktop,Email,18.4,9,2,Beauty,Face Wash,4788,Yes,4771,No,0,No,Yes,9873,Credit Card,Standard,4.4,5
SES501622,CUST11474,2025-02-08 00:00:00,19,FEMALE,Delhi,New,0,Mobile,Facebook,13.3,8,4,Beauty,Perfume,2949,Yes,4254,Yes,15,No,Yes,3274,Cash on Delivery,Express,3.5,4
SES502562,CUST11462,2026-05-29 00:00:00,31,FEMALE,Mumbai,Returning,7,Mobile,Email,6.9,8,3,Beauty,Perfume,3474,No,0,No,0,No,No,0,UPI,Standard,,
SES504212,CUST11621,2026-04-07 00:00:00,46,MALE,Jaipur,Returning,12,Mobile,Instagram,11.6,7,4,Electronics,Power Bank,9862,No,0,Yes,15,Yes,Yes,7931,UPI,Standard,3.1,4.3
SES505444,CUST11322,2026-05-17 00:00:00,18,MALE,Delhi,Returning,4,Desktop,Email,6.5,13,5,Books,Fiction Book,480,Yes,882,Yes,5,No,Yes,720,Cash on Delivery,Standard,4.4,3.9
SES500068,CUST12063,2025-02-01 00:00:00,44,MALE,Ahmedabad,New,0,Desktop,Google,15.8,4,3,Home & Kitchen,Table Lamp,12460,No,0,Yes,10,Yes,No,0,Cash on Delivery,Same Day,,
SES503695,CUST10640,2025-09-10 00:00:00,36,MALE,Delhi,Returning,13,Mobile,Google,7.4,7,3,Fashion,T-Shirt,2851,No,0,No,0,No,No,0,UPI,Express,,
SES503048,CUST10315,2025-12-09 00:00:00,23,MALE,Kolkata,Returning,2,Mobile,Google,6.4,7,4,Fashion,Kurta,2090,Yes,3426,Yes,25,No,Yes,2610,UPI,Express,3.8,3.3
SES502270,CUST10040,2026-01-24 00:00:00,37,FEMALE,Pune,New,0,Tablet,Google,6.5,6,3,Fashion,Jacket,4107,Yes,8592,No,0,No,Yes,7888,Credit Card,Express,3.4,4.9
SES504242,CUST11911,2025-07-08 00:00:00,28,MALE,Kolkata,Returning,3,Mobile,YouTube,10.4,10,7,Sports,Dumbbells,2534,No,0,Yes,15,Yes,No,0,UPI,Standard,,
SES504751,CUST10367,2025-09-27 00:00:00,27,MALE,Mumbai,Returning,9,Mobile,Instagram,10.5,6,5,Beauty,Perfume,2610,Yes,4724,No,0,No,Yes,3373,Net Banking,Standard,3.6,3.5
SES500821,CUST11647,2025-07-18 00:00:00,48,FEMALE,Chennai,Returning,8,Desktop,Instagram,12.1,5,3,Fashion,T-Shirt,3080,Yes,7194,No,0,No,No,0,Debit Card,Standard,,
SES501227,CUST11325,2025-06-22 00:00:00,18,FEMALE,Kolkata,New,0,Mobile,Referral,14.8,7,6,Fashion,Kurta,697,Yes,647,Yes,15,Yes,Yes,1272,UPI,Standard,3.4,4.6
SES501678,CUST11301,2025-01-04 00:00:00,20,FEMALE,Jaipur,Returning,3,Mobile,Google,7.4,6,5,Books,Self Help Book,467,No,0,No,0,No,No,0,UPI,Standard,,
SES505037,CUST11908,2025-12-16 00:00:00,28,MALE,Ahmedabad,New,0,Desktop,Facebook,3.8,5,3,Electronics,Bluetooth Speaker,32969,No,0,No,0,No,No,0,UPI,Express,,
SES502868,CUST11773,2025-08-04 00:00:00,43,MALE,Ahmedabad,Returning,7,Mobile,Instagram,8.6,7,4,Fashion,Kurta,5078,No,0,Yes,20,No,No,0,UPI,Standard,,
SES504400,CUST10674,2025-02-08 00:00:00,27,MALE,Kolkata,Returning,10,Mobile,Direct,7.8,7,3,Books,Self Help Book,776,No,0,No,0,No,No,0,Credit Card,Express,,
SES502368,CUST10596,2026-06-25 00:00:00,42,FEMALE,Hyderabad,New,1,Tablet,YouTube,9.1,5,2,Beauty,Perfume,933,No,0,No,0,No,No,0,Credit Card,Express,,
SES503075,CUST10112,2026-03-26 00:00:00,26,FEMALE,Mumbai,New,0,Mobile,Direct,6.4,7,5,Electronics,Wireless Earbuds,33630,Yes,54464,Yes,20,Yes,Yes,50144,Debit Card,Express,3.3,5
SES503927,CUST12043,2025-06-22 00:00:00,26,FEMALE,Chennai,New,0,Desktop,Email,4.9,6,1,Fashion,T-Shirt,6216,No,0,Yes,20,Yes,No,0,UPI,Express,,
SES502513,CUST10520,2025-10-04 00:00:00,36,MALE,Delhi,New,0,Mobile,Direct,9.4,8,5,Electronics,Smart Watch,34750,Yes,74338,No,0,No,No,0,Credit Card,Express,,
SES502724,CUST11310,2025-06-13 00:00:00,38,MALE,Bangalore,New,0,Mobile,Google,11,7,4,Beauty,Lipstick,4947,Yes,4576,Yes,10,Yes,Yes,6157,Credit Card,Express,3.2,3.6
SES505374,CUST10631,2025-03-16 00:00:00,18,FEMALE,Bangalore,New,0,Mobile,YouTube,5.8,9,7,Books,Self Help Book,408,Yes,355,Yes,15,No,Yes,691,UPI,Express,4.4,3
SES505130,CUST10982,2025-06-28 00:00:00,30,MALE,Jaipur,New,0,Mobile,Facebook,11.3,8,4,Electronics,Smart Watch,26882,No,0,Yes,10,Yes,No,0,UPI,Express,,
SES504458,CUST11879,2025-10-22 00:00:00,30,FEMALE,Bangalore,Returning,10,Mobile,YouTube,11.5,10,5,Electronics,Bluetooth Speaker,11566,No,0,No,0,No,No,0,UPI,Standard,,
SES501144,CUST10921,2025-08-24 00:00:00,40,FEMALE,Bangalore,New,0,Mobile,Referral,6.4,8,2,Electronics,Headphones,18623,Yes,41370,No,0,No,Yes,16313,UPI,Same Day,3.1,4.4
SES500398,CUST10115,2026-03-05 00:00:00,29,FEMALE,Jaipur,Returning,13,Desktop,Facebook,8,12,3,Electronics,Bluetooth Speaker,10916,Yes,25212,Yes,25,Yes,Yes,10071,UPI,Standard,3.3,3.2
SES500787,CUST11320,2025-11-24 00:00:00,30,FEMALE,Bangalore,Returning,7,Mobile,Facebook,9.4,8,4,Home & Kitchen,Coffee Maker,4479,Yes,6686,No,0,No,Yes,7536,Credit Card,Standard,4,5
SES505165,CUST10535,2025-03-30 00:00:00,20,MALE,Delhi,New,0,Desktop,Referral,9.1,7,5,Books,Business Book,1454,No,0,Yes,5,Yes,Yes,1725,UPI,Standard,4.2,4.6
SES503951,CUST10472,2025-10-30 00:00:00,26,FEMALE,Chennai,Returning,8,Desktop,Referral,3.5,7,2,Beauty,Perfume,3981,Yes,3744,Yes,20,Yes,No,0,UPI,Standard,,
SES501399,CUST10887,2025-12-27 00:00:00,45,FEMALE,Pune,New,1,Mobile,Referral,11.7,12,1,Fashion,Kurta,3210,Yes,5847,Yes,20,Yes,Yes,3878,Wallet,Standard,3.9,4.2
SES501660,CUST10002,2025-05-24 00:00:00,29,FEMALE,Ahmedabad,New,1,Desktop,Email,6.5,8,2,Books,Self Help Book,1526,Yes,2713,Yes,20,Yes,No,0,UPI,Standard,,
SES505958,CUST10596,2025-09-06 00:00:00,20,FEMALE,Pune,Returning,5,Desktop,Referral,2.1,9,5,Electronics,Power Bank,17489,No,0,Yes,20,Yes,No,0,UPI,Express,,
SES502221,CUST10344,2026-03-09 00:00:00,31,FEMALE,Chennai,Returning,12,Tablet,YouTube,13.3,4,3,Home & Kitchen,Table Lamp,13827,Yes,25909,Yes,10,Yes,Yes,23213,Wallet,Same Day,3.6,5
SES500980,CUST10396,2025-09-11 00:00:00,38,FEMALE,Bangalore,Returning,2,Mobile,Direct,1.1,9,3,Books,Self Help Book,1727,Yes,3282,No,0,No,Yes,3325,Credit Card,Standard,2.7,3
SES502332,CUST10936,2026-02-12 00:00:00,24,MALE,Bangalore,New,1,Mobile,Email,13.3,10,3,Home & Kitchen,Storage Box,1668,Yes,2609,Yes,20,Yes,Yes,3251,Debit Card,Same Day,4.4,5
SES501299,CUST11031,2025-06-20 00:00:00,18,FEMALE,Jaipur,New,0,Mobile,YouTube,2.9,8,1,Fashion,Sneakers,1451,No,0,No,0,Unknown,No,0,UPI,Express,,
SES503400,CUST11914,2025-03-24 00:00:00,25,MALE,Delhi,Returning,5,Mobile,Facebook,9.8,5,4,Fashion,Kurta,5954,No,0,Yes,30,No,Yes,11959,Debit Card,Same Day,5,4.6
SES503832,CUST11201,2025-08-30 00:00:00,18,FEMALE,Mumbai,New,0,Desktop,YouTube,29.6,4,3,Beauty,Lipstick,1417,Yes,3196,No,0,No,No,0,UPI,Standard,,
SES500083,CUST10201,2026-05-30 00:00:00,29,FEMALE,Hyderabad,New,1,Desktop,YouTube,4.8,4,7,Fashion,Sneakers,4723,Yes,6358,Yes,10,Yes,Yes,9194,UPI,Standard,4.1,4.2
SES505699,CUST12103,2026-04-24 00:00:00,37,FEMALE,Delhi,New,0,Mobile,Facebook,8.9,9,5,Electronics,Wireless Earbuds,27505,Yes,54507,Yes,5,Yes,No,0,UPI,Standard,,
SES503521,CUST12107,2026-01-16 00:00:00,37,MALE,Bangalore,Returning,15,Mobile,Google,13.9,7,4,Sports,Cricket Bat,2739,Yes,3671,No,0,No,Yes,5156,Wallet,Standard,3.6,4.9
SES504714,CUST11232,2025-03-20 00:00:00,52,MALE,Mumbai,Returning,2,Desktop,Google,10,6,2,Fashion,Sneakers,3077,Yes,5036,Yes,15,Yes,Yes,5104,UPI,Standard,4.2,4.7
SES503974,CUST11495,2025-07-23 00:00:00,21,MALE,Chennai,Returning,13,Mobile,Email,6.1,11,4,Electronics,Wireless Earbuds,27069,No,0,No,0,No,Yes,25821,Credit Card,Standard,3.9,3.3
SES504747,CUST11816,2025-08-08 00:00:00,32,FEMALE,Hyderabad,New,0,Mobile,Referral,8.3,11,3,Beauty,Perfume,356,No,0,Yes,10,Yes,No,0,Credit Card,Express,,
SES503290,CUST10817,2026-01-15 00:00:00,18,FEMALE,Bangalore,Returning,14,Mobile,YouTube,4.5,9,6,Sports,Football,8975,Yes,9122,No,0,No,Yes,13971,Cash on Delivery,Express,5,4.6
SES502904,CUST11706,2026-03-20 00:00:00,46,MALE,Delhi,New,0,Mobile,Google,8,5,4,Electronics,Headphones,23620,Yes,37392,Yes,15,Yes,Yes,27228,UPI,Same Day,4.2,4.3
SES500424,CUST10699,2025-11-24 00:00:00,27,MALE,Mumbai,New,0,Mobile,Facebook,11.4,7,8,Books,Self Help Book,1658,Yes,3179,No,0,No,Yes,2688,UPI,Same Day,4,4.1
SES505217,CUST11706,2025-10-23 00:00:00,29,MALE,Bangalore,Returning,5,Mobile,Direct,9.2,3,5,Fashion,Jacket,2530,No,0,Yes,25,Yes,No,0,Credit Card,Standard,,
SES501905,CUST10744,2025-01-13 00:00:00,25,MALE,Chennai,Returning,11,Tablet,Direct,8.5,2,3,Home & Kitchen,Storage Box,6616,No,0,Yes,15,Yes,No,0,Wallet,Standard,,
SES505470,CUST12136,2025-03-22 00:00:00,23,MALE,Delhi,New,0,Mobile,Direct,8.5,9,3,Home & Kitchen,Bedsheet,13469,Yes,31837,Yes,20,Yes,Yes,25807,UPI,Standard,4,3.4
SES501531,CUST10620,2025-11-14 00:00:00,39,FEMALE,Jaipur,Returning,7,Desktop,Referral,7.6,5,4,Home & Kitchen,Storage Box,3641,Yes,7477,Yes,5,Yes,Yes,3191,Credit Card,Express,3.6,4.4
SES504275,CUST11684,2026-02-02 00:00:00,36,FEMALE,Kolkata,New,0,Desktop,Google,13.8,7,2,Sports,Football,11590,No,0,No,0,No,No,0,UPI,Same Day,,
SES501566,CUST10129,2026-06-02 00:00:00,52,MALE,Kolkata,Returning,4,Mobile,Google,4.9,6,6,Electronics,Bluetooth Speaker,7581,Yes,7430,Yes,25,No,No,0,Credit Card,Standard,,
SES504678,CUST10480,2025-08-11 00:00:00,34,FEMALE,Lucknow,New,0,Mobile,Instagram,14.6,4,3,Fashion,T-Shirt,2540,No,0,Yes,25,Yes,No,0,Wallet,Express,,
SES502750,CUST11314,2025-05-13 00:00:00,35,FEMALE,Bangalore,Returning,15,Mobile,YouTube,7.4,5,7,Home & Kitchen,Coffee Maker,10689,Yes,24859,Yes,20,Yes,Yes,19916,Cash on Delivery,Express,5,2.5
SES500840,CUST12063,2025-11-15 00:00:00,48,MALE,Unknown,Returning,3,Mobile,Instagram,8,9,4,Beauty,Shampoo,3895,No,0,Yes,15,Yes,Yes,4215,Credit Card,Standard,3.9,3.7
SES500501,CUST10080,2025-08-06 00:00:00,27,MALE,Jaipur,Returning,6,Mobile,Instagram,13.7,15,2,Fashion,Jeans,4166,Yes,7733,Yes,25,Yes,Yes,4813,Credit Card,Standard,4.6,4.5
SES503312,CUST11517,2026-03-24 00:00:00,21,FEMALE,Hyderabad,Returning,12,Tablet,Instagram,5.2,12,7,Electronics,Smart Watch,11243,Yes,12881,No,0,No,Yes,9899,UPI,Express,4,4.1
SES500142,CUST11496,2025-10-01 00:00:00,29,FEMALE,Ahmedabad,New,0,Mobile,Unknown,11.7,10,4,Fashion,T-Shirt,2679,Yes,3625,No,0,No,No,0,Cash on Delivery,Standard,,
SES504975,CUST12069,2025-09-12 00:00:00,42,FEMALE,Chennai,New,0,Mobile,Direct,10.8,5,3,Electronics,Smart Watch,4670,Yes,4735,Yes,5,Yes,No,0,Credit Card,Standard,,
SES502606,CUST10557,2026-02-08 00:00:00,20,MALE,Chennai,New,0,Desktop,Instagram,9.3,3,6,Fashion,Kurta,5530,No,0,No,0,No,No,0,Debit Card,Same Day,,
SES503545,CUST10991,2026-03-15 00:00:00,25,MALE,Mumbai,Returning,7,Mobile,Direct,14.2,8,3,Home & Kitchen,Storage Box,3149,No,0,Yes,15,No,No,0,Credit Card,Standard,,
SES501378,CUST11577,2025-01-22 00:00:00,43,MALE,Hyderabad,Returning,5,Mobile,YouTube,7.6,4,5,Fashion,Jacket,2180,Yes,2334,Yes,10,Yes,Yes,3087,UPI,Express,4.9,2.7
SES504687,CUST10029,2025-02-19 00:00:00,23,MALE,Delhi,Returning,9,Mobile,Direct,14.6,10,6,Sports,Yoga Mat,6029,Yes,11857,Yes,25,No,No,0,upi,Standard,,
SES505917,CUST10087,2026-01-10 00:00:00,38,MALE,Mumbai,New,0,Desktop,Instagram,3.8,7,5,Beauty,Face Wash,1634,Yes,1867,No,0,No,Yes,3348,Debit Card,Standard,3.4,2.8
SES502267,CUST10283,2025-10-10 00:00:00,52,MALE,Pune,Returning,13,Desktop,Google,8.9,7,4,Electronics,Power Bank,30953,Yes,41018,No,0,No,No,0,Cash on Delivery,Same Day,,
SES504728,CUST11165,2025-04-27 00:00:00,29,MALE,Ahmedabad,New,0,Mobile,Email,5.8,10,6,Fashion,Sneakers,4936,Yes,11920,Yes,15,Yes,Yes,4090,Credit Card,Standard,2.1,3.3
SES501139,CUST10697,2025-03-09 00:00:00,37,MALE,Ahmedabad,Returning,11,Mobile,Google,12.1,4,5,Fashion,Kurta,935,Yes,1647,No,0,No,No,0,UPI,Express,,
SES502258,CUST10485,2026-03-15 00:00:00,31,FEMALE,Bangalore,Returning,3,Mobile,Referral,15.4,6,1,Fashion,T-Shirt,2790,Yes,5917,No,0,No,No,0,Debit Card,Standard,,
SES504710,CUST12021,2026-04-20 00:00:00,43,MALE,Mumbai,New,0,Mobile,Direct,6.3,9,5,Electronics,Wireless Earbuds,6407,Yes,7261,Yes,30,Yes,No,0,Credit Card,Standard,,
SES501788,CUST11443,2025-03-01 00:00:00,26,MALE,Delhi,Returning,7,Tablet,Instagram,8.4,4,2,Fashion,Jacket,4198,Yes,5649,Yes,15,No,Yes,7091,cash on delivery,Standard,3.4,3.8
SES503675,CUST11136,2025-05-13 00:00:00,26,MALE,Delhi,Returning,12,Mobile,Referral,10.4,5,2,Electronics,Headphones,17068,No,0,No,0,No,No,0,Debit Card,Standard,,
SES500551,CUST10853,2026-06-03 00:00:00,22,MALE,Kolkata,New,0,Mobile,Google,4.9,6,3,Beauty,Lipstick,4068,No,0,No,0,No,No,0,UPI,Standard,,
SES500460,CUST11857,2026-04-15 00:00:00,35,FEMALE,Hyderabad,Returning,8,Desktop,Facebook,14.8,14,6,Beauty,Face Wash,2237,No,0,No,0,No,No,0,Net Banking,Standard,,
SES502020,CUST11831,2025-04-13 00:00:00,24,MALE,Mumbai,New,0,Desktop,Direct,1.9,7,5,Sports,Yoga Mat,7310,Yes,13267,No,0,No,No,0,Cash on Delivery,Standard,,
SES500949,CUST12007,2026-03-14 00:00:00,50,FEMALE,Kolkata,Returning,15,Desktop,Referral,2.6,10,4,Books,Academic Book,883,Yes,2191,Yes,5,No,Yes,1296,Credit Card,Standard,3.7,3.8
SES505814,CUST10119,2025-01-06 00:00:00,34,MALE,Mumbai,Returning,10,Mobile,YouTube,14.8,6,6,Electronics,Headphones,4493,No,0,Yes,5,Yes,No,0,UPI,Standard,,
SES503159,CUST11539,2025-03-30 00:00:00,38,MALE,Chennai,New,0,Desktop,Email,14.4,9,2,Fashion,Jacket,3553,Yes,3010,No,0,No,Yes,6718,UPI,Standard,4.9,5
SES500533,CUST11582,2025-09-19 00:00:00,30,FEMALE,Unknown,Returning,4,Mobile,YouTube,6.4,2,5,Fashion,Jeans,4095,Yes,4775,No,0,No,Yes,4277,Debit Card,Express,4.5,4.3
SES505939,CUST10637,2026-02-02 00:00:00,34,FEMALE,Jaipur,New,0,Mobile,YouTube,5.6,7,6,Fashion,Jacket,5246,Yes,4346,Yes,25,No,No,0,Cash on Delivery,Standard,,
SES501830,CUST10543,2025-08-03 00:00:00,40,MALE,Bangalore,New,0,Mobile,Instagram,15.1,5,4,Fashion,Jeans,3871,No,0,Yes,30,Yes,No,0,UPI,Standard,,
SES505479,CUST10943,2025-09-30 00:00:00,28,MALE,Pune,Returning,6,Mobile,Referral,8.3,5,2,Sports,Cricket Bat,512,Yes,1135,No,0,No,No,0,Debit Card,Same Day,,
SES505333,CUST11300,2025-11-26 00:00:00,41,MALE,Kolkata,Returning,4,Desktop,YouTube,7.8,5,2,Sports,Dumbbells,4416,Yes,5834,No,0,No,No,0,UPI,Express,,
SES505858,CUST12025,2025-01-10 00:00:00,33,FEMALE,Bangalore,Returning,13,Desktop,Instagram,4.6,2,2,Electronics,Smart Watch,13535,Yes,14890,Yes,15,No,No,0,UPI,Standard,,
SES503414,CUST11030,2025-10-15 00:00:00,30,MALE,Ahmedabad,New,0,Mobile,Direct,2.3,6,6,Beauty,Lipstick,1709,No,0,No,0,No,No,0,Wallet,Express,,
SES501603,CUST11389,2026-05-03 00:00:00,19,UNKNOWN,Ahmedabad,New,0,Mobile,Google,13.7,10,3,Electronics,Smart Watch,27853,No,0,Yes,15,No,No,0,UPI,Express,,
SES502239,CUST12106,2025-10-15 00:00:00,33,FEMALE,Jaipur,Returning,7,Desktop,Google,2.8,5,4,Beauty,Shampoo,2810,No,0,Yes,20,Yes,No,0,Net Banking,Express,,
SES500640,CUST11970,2026-04-19 00:00:00,26,FEMALE,Mumbai,New,0,Mobile,Direct,9.9,6,6,Beauty,Face Wash,4756,Yes,10342,Yes,15,Yes,Yes,7529,Debit Card,Same Day,4.4,4
SES505827,CUST10657,2026-05-24 00:00:00,38,MALE,Pune,New,0,Mobile,Direct,8.9,12,5,Fashion,T-Shirt,5012,Yes,10142,No,0,No,Yes,6272,Cash on Delivery,Express,4.4,4.9
SES500968,CUST10147,2025-05-02 00:00:00,31,MALE,Delhi,New,0,Mobile,Google,12.1,11,3,Electronics,Wireless Earbuds,14873,No,0,Yes,20,Yes,No,0,UPI,Same Day,,
SES505092,CUST10472,2026-06-14 00:00:00,37,FEMALE,Hyderabad,Returning,5,Desktop,Direct,21.9,8,5,Electronics,Smart Watch,11661,No,0,No,0,No,Yes,20350,UPI,Standard,4,3.4
SES503753,CUST11362,2026-04-21 00:00:00,25,FEMALE,Mumbai,Returning,14,Mobile,Google,4,6,4,Sports,Cricket Bat,6816,No,0,Yes,25,Yes,No,0,UPI,Standard,,
SES501684,CUST11657,2025-08-23 00:00:00,34,MALE,Delhi,New,0,Mobile,YouTube,7.7,9,5,Fashion,Kurta,4193,Yes,6774,Yes,25,No,Yes,6362,Credit Card,Standard,3.5,4.3
SES502249,CUST10774,2026-03-03 00:00:00,40,MALE,Kolkata,New,1,Mobile,Instagram,6.8,8,4,Electronics,Wireless Earbuds,6379,No,0,Yes,25,Yes,Yes,9692,Wallet,Standard,4.7,3.3
SES504150,CUST10453,2025-08-04 00:00:00,43,MALE,Kolkata,Returning,12,Mobile,Direct,6.4,5,3,Sports,Dumbbells,9152,Yes,19478,No,0,No,Yes,10693,UPI,Standard,3.1,4.7
SES505390,CUST11109,2026-06-22 00:00:00,50,MALE,Bangalore,New,1,Mobile,Email,12.5,11,1,Home & Kitchen,Cookware Set,3785,No,0,Yes,15,Yes,No,0,Debit Card,Standard,,
SES503358,CUST10445,2025-01-25 00:00:00,33,MALE,Pune,Returning,13,Mobile,Email,9.2,7,3,Electronics,Smart Watch,17968,No,0,Yes,5,Yes,No,0,Net Banking,Same Day,,
SES500156,CUST11662,2025-10-04 00:00:00,31,FEMALE,Ahmedabad,Returning,8,Mobile,Facebook,3.2,5,5,Fashion,Kurta,1905,No,0,Yes,25,No,No,0,UPI,Standard,,
SES502296,CUST10930,2026-06-06 00:00:00,18,FEMALE,Jaipur,New,0,Desktop,Email,11.9,12,6,Home & Kitchen,Bedsheet,13684,No,0,No,0,No,No,0,credit card,Standard,,
SES503617,CUST10499,2025-02-13 00:00:00,18,MALE,Jaipur,New,0,Mobile,Instagram,13.8,9,3,Home & Kitchen,Storage Box,1894,Yes,2973,Yes,15,Yes,Yes,2079,Credit Card,Standard,4.6,3.9
SES504867,CUST10481,2025-03-30 00:00:00,33,FEMALE,Delhi,New,0,Mobile,Referral,4.4,9,3,Sports,Yoga Mat,6505,No,0,No,0,No,No,0,Credit Card,Standard,,
SES501090,CUST11040,2025-07-17 00:00:00,23,FEMALE,Ahmedabad,Returning,2,Desktop,Instagram,8.6,5,4,Electronics,Bluetooth Speaker,3959,No,0,Yes,5,Yes,No,0,UPI,Standard,,
SES503790,CUST10447,2025-12-07 00:00:00,29,MALE,Jaipur,Returning,6,Desktop,YouTube,3.2,7,5,Sports,Yoga Mat,4883,Yes,4756,No,0,No,Yes,6115,UPI,Standard,3.2,3.1
SES502320,CUST10943,2025-01-26 00:00:00,37,MALE,Mumbai,New,0,Mobile,YouTube,3.5,7,3,Electronics,Wireless Earbuds,28887,No,0,Yes,10,Yes,Yes,40471,Wallet,Same Day,3,5
SES502941,CUST10233,2025-09-25 00:00:00,18,MALE,Mumbai,New,0,Desktop,Referral,15.4,8,3,Fashion,T-Shirt,739,Yes,1050,Yes,10,Yes,Yes,1359,Cash on Delivery,Express,3.8,4.5
SES505097,CUST10229,2026-04-16 00:00:00,52,FEMALE,Delhi,Returning,14,Mobile,Facebook,5.4,2,1,Electronics,Power Bank,4458,Yes,7849,No,0,No,No,0,UPI,Standard,,
SES500289,CUST10921,2025-10-30 00:00:00,24,MALE,Delhi,New,0,Mobile,Email,14.3,2,2,Beauty,Moisturizer,343,Yes,497,Yes,20,No,Yes,750,cash on delivery,Standard,2.4,3.4
SES500931,CUST12162,2025-01-23 00:00:00,27,MALE,Delhi,New,0,Desktop,Email,7,8,4,Home & Kitchen,Storage Box,14210,No,0,No,0,No,No,0,UPI,Standard,,
SES502910,CUST10665,2025-08-10 00:00:00,32,FEMALE,Chennai,New,0,Desktop,Instagram,4.3,5,5,Electronics,Wireless Earbuds,29711,No,0,Yes,20,Yes,No,0,Debit Card,Standard,,
SES503625,CUST10114,2025-01-26 00:00:00,36,FEMALE,Kolkata,New,0,Mobile,Google,11.9,5,5,Fashion,Jacket,1846,No,0,No,0,No,No,0,UPI,Same Day,,
SES504682,CUST12171,2025-12-08 00:00:00,31,FEMALE,Kolkata,New,0,Mobile,Instagram,9.9,8,2,Books,Fiction Book,2322,Yes,2864,Yes,10,Yes,No,0,UPI,Standard,,
SES502885,CUST11674,2025-03-08 00:00:00,29,FEMALE,Hyderabad,Returning,4,Mobile,Referral,6.2,3,3,Beauty,Perfume,1124,No,0,No,0,No,No,0,UPI,Standard,,
SES505642,CUST11730,2025-05-04 00:00:00,32,FEMALE,Bangalore,New,0,Mobile,Email,30.9,5,4,Fashion,Kurta,5656,Yes,12942,Yes,25,No,Yes,11723,UPI,Standard,3.1,4.4
SES503484,CUST11404,2025-08-05 00:00:00,29,MALE,Hyderabad,New,0,Mobile,Instagram,25.4,7,5,Sports,Cricket Bat,10638,Yes,21731,Yes,20,Yes,Yes,14363,UPI,Standard,3.8,3.6
SES505475,CUST10177,2026-05-05 00:00:00,39,FEMALE,Pune,Returning,7,Mobile,Google,19.4,7,5,Beauty,Face Wash,4307,No,0,No,0,No,No,0,Credit Card,Standard,,
SES503001,CUST10245,2025-12-18 00:00:00,37,FEMALE,Mumbai,New,0,Desktop,Google,4.9,10,5,Fashion,Jeans,1143,Yes,1084,Yes,25,No,Yes,1425,Credit Card,Standard,3,3.5
SES504474,CUST11136,2025-03-19 00:00:00,19,MALE,Ahmedabad,Returning,6,Tablet,Direct,13.6,12,5,Fashion,T-Shirt,5178,No,0,Yes,10,Yes,Yes,4566,Debit Card,Standard,4.2,3.8
SES503389,CUST11620,2025-06-12 00:00:00,31,FEMALE,Hyderabad,Returning,2,Tablet,YouTube,26.1,7,2,Fashion,Kurta,6438,No,0,Yes,30,Yes,No,0,Cash on Delivery,Standard,,
SES505949,CUST12069,2025-01-08 00:00:00,43,FEMALE,Lucknow,New,0,Desktop,Direct,15.4,4,8,Fashion,Kurta,1406,Yes,2645,No,0,No,Yes,2708,UPI,Standard,3.5,4.4
SES500943,CUST11824,2026-02-17 00:00:00,23,MALE,Kolkata,Returning,5,Mobile,Google,5.3,9,2,Fashion,T-Shirt,6565,No,0,No,0,No,No,0,Wallet,Standard,,
SES502355,CUST11788,2025-09-11 00:00:00,27,MALE,Chennai,Returning,2,Desktop,Unknown,16,3,3,Beauty,Perfume,1820,No,0,No,0,No,No,0,Debit Card,Standard,,
SES504790,CUST10685,2025-05-06 00:00:00,18,FEMALE,Bangalore,New,0,Mobile,Instagram,14.2,3,3,Fashion,Kurta,6242,Yes,14139,No,0,No,Yes,7769,UPI,Standard,2.2,3.5
SES505200,CUST11358,2025-01-01 00:00:00,42,FEMALE,Chennai,New,1,Desktop,Direct,3.5,9,5,Books,Self Help Book,1225,Yes,2424,Yes,15,Yes,No,0,Cash on Delivery,Standard,,
SES505624,CUST11848,2026-05-08 00:00:00,22,MALE,Hyderabad,Returning,11,Desktop,Facebook,9.5,9,3,Fashion,T-Shirt,6486,Yes,13883,No,0,No,Yes,9437,UPI,Standard,4.9,4.5
SES501699,CUST11250,2025-05-16 00:00:00,32,MALE,Chennai,Returning,9,Desktop,Instagram,10.1,6,2,Sports,Football,7426,Yes,7609,No,0,No,Yes,15302,Net Banking,Express,3.7,4.2
SES505678,CUST10916,2026-04-24 00:00:00,27,MALE,Bangalore,Returning,10,Desktop,Facebook,19.5,7,5,Fashion,Jacket,524,Yes,518,Yes,10,No,Yes,617,Credit Card,Standard,3.4,4.8
SES504162,CUST11236,2026-06-15 00:00:00,27,FEMALE,Kolkata,Returning,6,Mobile,Direct,4.3,7,4,Beauty,Perfume,4266,Yes,9003,No,0,No,Yes,4951,Debit Card,Standard,3.7,4.7
SES505359,CUST10378,2025-11-21 00:00:00,27,FEMALE,Lucknow,Returning,4,Mobile,Email,7.6,5,6,Home & Kitchen,Bedsheet,8251,No,0,Yes,15,Yes,Yes,13359,Credit Card,Standard,4.4,4.3
SES504021,CUST11261,2025-10-05 00:00:00,31,FEMALE,Hyderabad,New,0,Mobile,YouTube,6.5,8,5,Beauty,Shampoo,4959,Yes,4772,Yes,10,No,Yes,7666,UPI,Express,3.1,3.7
SES504251,CUST10465,2026-02-04 00:00:00,20,MALE,Ahmedabad,New,0,Desktop,Facebook,13.9,7,1,Electronics,Smart Watch,13043,Yes,26173,Yes,15,Yes,Yes,17401,Debit Card,Standard,3.7,3.6
SES500986,CUST10905,2026-02-20 00:00:00,18,FEMALE,Pune,New,0,Desktop,Direct,19.3,12,2,Electronics,Power Bank,1551,Yes,2787,No,0,No,No,0,UPI,Express,,
SES503969,CUST10460,2025-03-13 00:00:00,51,MALE,Chennai,New,0,Mobile,YouTube,2.7,10,1,Fashion,T-Shirt,5360,No,0,No,0,No,No,0,Credit Card,Express,,
SES503144,CUST11915,2025-06-05 00:00:00,29,FEMALE,Delhi,New,0,Mobile,Email,3.7,8,4,Fashion,Sneakers,5453,No,0,Yes,25,No,No,0,UPI,Same Day,,
SES503672,CUST10093,2026-06-18 00:00:00,41,FEMALE,Delhi,Returning,12,Mobile,YouTube,2.8,5,4,Books,Academic Book,748,Yes,1702,Yes,10,Yes,No,0,Credit Card,Standard,,
SES505759,CUST11071,2025-06-07 00:00:00,33,FEMALE,Ahmedabad,New,0,Tablet,Google,2.6,6,1,Fashion,Kurta,5197,No,0,Yes,20,Yes,No,0,Debit Card,Same Day,,
SES500982,CUST10805,2026-04-05 00:00:00,48,FEMALE,Pune,New,0,Desktop,Direct,3.3,6,2,Fashion,T-Shirt,3336,Yes,7001,No,0,No,Yes,7301,Cash on Delivery,Standard,4.5,4.5
SES503568,CUST12110,2025-11-16 00:00:00,23,FEMALE,Chennai,New,0,Mobile,Instagram,15.8,7,2,Electronics,Bluetooth Speaker,34735,No,0,Yes,10,No,No,0,Cash on Delivery,Express,,
SES503488,CUST11848,2025-08-08 00:00:00,31,FEMALE,Jaipur,New,0,Desktop,Google,4.5,9,3,Fashion,Sneakers,3869,Yes,6230,Yes,20,Yes,Yes,3129,Cash on Delivery,Standard,2.2,1.7
SES505489,CUST10792,2025-11-11 00:00:00,43,FEMALE,Pune,New,0,Mobile,Instagram,11.1,6,3,Sports,Running Shoes,7442,Yes,16512,Yes,15,Yes,No,0,UPI,Standard,,
SES503482,CUST11789,2025-11-10 00:00:00,29,FEMALE,Chennai,New,0,Mobile,Google,23.1,9,4,Sports,Cricket Bat,11742,No,0,Yes,5,Yes,No,0,Cash on Delivery,Standard,,
SES504320,CUST11205,2025-09-06 00:00:00,47,MALE,Ahmedabad,New,0,Mobile,Google,11.3,5,2,Books,Biography,237,Yes,543,No,0,No,No,0,UPI,Standard,,
SES503537,CUST11854,2025-11-23 00:00:00,42,MALE,Bangalore,New,1,Mobile,Facebook,2.2,10,5,Fashion,T-Shirt,4929,No,0,No,0,No,No,0,UPI,Same Day,,
SES501474,CUST10755,2025-02-04 00:00:00,39,MALE,Pune,Returning,8,Tablet,YouTube,16.1,10,3,Home & Kitchen,Storage Box,6904,Yes,6661,No,0,No,No,0,Credit Card,Express,,
SES504576,CUST10820,2026-06-16 00:00:00,38,FEMALE,Chennai,New,0,Mobile,Direct,22.7,6,3,Fashion,Kurta,4025,Yes,6688,No,0,No,No,0,Net Banking,Standard,,
SES505674,CUST10127,2026-04-28 00:00:00,46,MALE,Mumbai,Returning,10,Mobile,YouTube,16.6,8,2,Books,Business Book,2236,Yes,4314,Yes,5,Yes,Yes,1879,Wallet,Standard,3.8,4.5
SES504783,CUST11507,2025-06-08 00:00:00,20,FEMALE,Hyderabad,New,0,Mobile,Google,11.3,4,2,Sports,Dumbbells,8548,Yes,8631,Yes,15,Yes,Yes,14876,Credit Card,Standard,4.4,3.2
SES501458,CUST10159,2026-05-12 00:00:00,41,FEMALE,Mumbai,New,0,Desktop,Referral,9.1,6,3,Home & Kitchen,Cookware Set,7007,No,0,No,0,No,No,0,Wallet,Express,,
SES501396,CUST12170,2026-05-24 00:00:00,39,MALE,Chennai,Returning,15,Mobile,Google,1.5,10,4,Fashion,T-Shirt,2006,Yes,4112,No,0,No,No,0,UPI,Standard,,
SES500265,CUST10993,2025-03-31 00:00:00,25,FEMALE,Hyderabad,Returning,4,Mobile,Facebook,8.6,6,5,Beauty,Perfume,1148,No,0,Yes,15,Yes,No,0,Wallet,Express,,
SES502749,CUST12016,2025-09-20 00:00:00,33,MALE,Bangalore,New,0,Mobile,Direct,15.8,4,3,Sports,Football,4941,Yes,11466,No,0,No,No,0,Credit Card,Standard,,
SES504782,CUST10127,2026-01-09 00:00:00,18,FEMALE,Chennai,New,0,Mobile,Direct,5.9,5,6,Fashion,Kurta,933,No,0,No,0,No,No,0,UPI,Standard,,
SES502693,CUST10715,2026-03-30 00:00:00,37,MALE,Chennai,New,0,Mobile,Direct,9.7,7,4,Beauty,Perfume,2700,Yes,3523,No,0,No,No,0,Cash on Delivery,Standard,,
SES503868,CUST10013,2025-04-11 00:00:00,27,MALE,Kolkata,New,0,Mobile,YouTube,12.3,6,5,Books,Fiction Book,1968,No,0,No,0,No,No,0,UPI,Standard,,
SES500930,CUST11137,2025-08-08 00:00:00,26,MALE,Pune,Returning,11,Mobile,Google,22.4,3,9,Fashion,Jacket,2739,No,0,No,0,No,No,0,Net Banking,Standard,,
SES504901,CUST10938,2025-12-04 00:00:00,18,FEMALE,Mumbai,Returning,12,Mobile,Facebook,2.3,5,7,Sports,Dumbbells,1287,Yes,2780,Yes,5,Yes,Yes,1736,UPI,Express,4.2,3.6
SES503642,CUST11944,2025-08-12 00:00:00,18,FEMALE,Jaipur,New,0,Mobile,Email,12.7,7,3,Electronics,Wireless Earbuds,29998,No,0,No,0,No,No,0,Cash on Delivery,Standard,,
SES502401,CUST10988,2026-03-13 00:00:00,31,FEMALE,Delhi,New,0,Desktop,Instagram,4.2,7,4,Fashion,Jacket,3575,No,0,Yes,5,Yes,Yes,7008,Cash on Delivery,Express,4.2,4.8
SES502179,CUST11172,2025-10-15 00:00:00,31,MALE,Bangalore,New,0,Mobile,Facebook,6.3,5,3,Home & Kitchen,Coffee Maker,10025,No,0,No,0,No,No,0,Net Banking,Express,,
SES505640,CUST10580,2025-09-26 00:00:00,35,MALE,Pune,New,0,Mobile,Direct,4.1,11,6,Home & Kitchen,Table Lamp,6195,Yes,7099,No,0,No,No,0,Cash on Delivery,Standard,,
SES500247,CUST10798,2026-01-26 00:00:00,33,FEMALE,Delhi,New,0,Mobile,Direct,5.2,8,7,Electronics,Smart Watch,10299,No,0,No,0,No,Yes,9715,Debit Card,Standard,5,3.3
SES501595,CUST10489,2025-03-28 00:00:00,28,MALE,Mumbai,Returning,2,Mobile,Facebook,10.2,8,3,Fashion,Jeans,3234,No,0,Yes,25,Yes,No,0,Credit Card,Standard,,
SES501759,CUST10237,2025-06-15 00:00:00,18,MALE,Chennai,Returning,5,Mobile,Email,12.3,10,3,Home & Kitchen,Coffee Maker,2683,Yes,5680,Yes,20,No,Yes,3209,Debit Card,Express,2,4.5
SES505871,CUST12132,2025-08-11 00:00:00,26,MALE,Mumbai,New,0,Mobile,Email,4.7,16,4,Sports,Cricket Bat,4627,No,0,Yes,5,Yes,No,0,UPI,Standard,,
SES504020,CUST10443,2025-02-18 00:00:00,20,MALE,Lucknow,New,0,Mobile,Google,6.6,9,7,Sports,Cricket Bat,11824,Yes,18096,Yes,20,No,Yes,24288,UPI,Standard,4.6,4.4
SES500924,CUST10286,2026-06-02 00:00:00,35,MALE,Mumbai,Returning,6,Mobile,Google,11,7,3,Fashion,Jacket,3575,Yes,4394,No,0,No,No,0,Net Banking,Standard,,
SES503361,CUST11212,2026-01-26 00:00:00,27,FEMALE,Mumbai,Returning,8,Mobile,Google,7.9,5,5,Beauty,Perfume,2191,No,0,No,0,No,No,0,Debit Card,Standard,,
SES500269,CUST12007,2026-06-17 00:00:00,20,MALE,Pune,Returning,3,Mobile,Google,3.4,10,4,Home & Kitchen,Storage Box,5189,No,0,Yes,15,Yes,No,0,UPI,Express,,
SES500670,CUST10474,2026-01-02 00:00:00,38,FEMALE,Jaipur,New,0,Mobile,Email,16,6,6,Beauty,Moisturizer,1724,Yes,2913,No,0,No,Yes,2423,Credit Card,Express,2.8,4
SES501911,CUST10017,2025-01-16 00:00:00,19,MALE,Kolkata,New,1,Tablet,Instagram,7.2,7,4,Books,Fiction Book,1894,No,0,No,0,No,No,0,UPI,Standard,,
SES504191,CUST11093,2025-12-29 00:00:00,48,MALE,Mumbai,New,0,Mobile,Facebook,14.2,10,4,Home & Kitchen,Coffee Maker,5157,Yes,12810,Yes,20,Yes,Yes,8811,Wallet,Standard,4.4,4.7
SES501153,CUST10293,2025-05-16 00:00:00,51,FEMALE,Kolkata,Returning,4,Desktop,Email,6.4,6,4,Books,Business Book,1911,No,0,No,0,No,No,0,Credit Card,Standard,,
SES505537,CUST11009,2025-06-01 00:00:00,18,MALE,Hyderabad,New,0,Mobile,Direct,13.1,8,4,Home & Kitchen,Coffee Maker,4878,No,0,No,0,No,Yes,5885,UPI,Standard,3.3,4
SES504944,CUST10894,2025-07-11 00:00:00,34,FEMALE,Delhi,New,0,Desktop,Email,9.7,5,6,Sports,Running Shoes,5666,No,0,Yes,20,No,No,0,Cash on Delivery,Standard,,
SES505806,CUST12065,2025-06-09 00:00:00,40,FEMALE,Delhi,Returning,5,Mobile,Google,10.3,5,8,Sports,Yoga Mat,3473,Yes,5249,Yes,10,Yes,No,0,Wallet,Standard,,
SES504524,CUST11902,2025-07-16 00:00:00,21,MALE,Bangalore,Returning,8,Desktop,Facebook,7.3,10,2,Beauty,Moisturizer,2699,Yes,2342,No,0,No,Yes,3391,Cash on Delivery,Standard,4.4,1.9
SES502697,CUST10082,2025-08-27 00:00:00,45,MALE,Mumbai,New,0,Mobile,Instagram,7.3,10,5,Books,Academic Book,1907,No,0,No,0,No,No,0,UPI,Express,,
SES502592,CUST10817,2025-09-29 00:00:00,39,FEMALE,Mumbai,New,0,Mobile,Google,4.9,11,3,Books,Business Book,1641,No,0,No,0,No,No,0,UPI,Standard,,
SES505098,CUST10171,2026-03-14 00:00:00,32,MALE,Jaipur,New,1,Mobile,Email,2.9,5,4,Fashion,Jeans,6188,Yes,11128,Yes,25,No,Yes,8954,Wallet,Express,2.8,5
SES501782,CUST10835,2025-04-04 00:00:00,21,FEMALE,Pune,Returning,6,Desktop,Google,14.7,6,3,Books,Business Book,1210,No,0,Yes,25,Yes,No,0,Credit Card,Standard,,
SES502414,CUST11791,2026-06-19 00:00:00,29,MALE,Kolkata,Returning,12,Mobile,Google,12.2,8,2,Home & Kitchen,Cookware Set,8988,Yes,15487,No,0,No,Yes,11960,Debit Card,Same Day,3.9,5
SES503014,CUST10137,2026-01-09 00:00:00,23,FEMALE,Jaipur,Returning,13,Mobile,YouTube,5.9,4,4,Fashion,Jacket,4226,Yes,7505,No,0,No,No,0,Debit Card,Standard,,
SES505266,CUST12121,2026-01-04 00:00:00,54,MALE,New Delhi,Returning,6,Desktop,Direct,9.2,11,4,Electronics,Power Bank,9235,No,0,No,0,No,No,0,upi,Express,,
SES502308,CUST11155,2026-05-19 00:00:00,35,MALE,Jaipur,Returning,10,Mobile,Google,6.1,6,1,Electronics,Wireless Earbuds,16159,No,0,Yes,20,Yes,Yes,22961,Cash on Delivery,Standard,3.8,4.9
SES503115,CUST10869,2025-07-07 00:00:00,24,MALE,Lucknow,New,0,Tablet,Referral,9,6,4,Books,Academic Book,2181,Yes,2986,No,0,No,No,0,UPI,Express,,
SES500688,CUST10714,2026-02-16 00:00:00,30,MALE,Delhi,New,0,Mobile,Direct,9.2,8,6,Fashion,Sneakers,1411,Yes,3330,No,0,No,Yes,2617,Net Banking,Express,4,5
SES501916,CUST12077,2026-06-28 00:00:00,45,FEMALE,Pune,Returning,4,Mobile,Google,3.6,6,7,Fashion,T-Shirt,2213,No,0,Yes,5,Yes,No,0,Net Banking,Standard,,
SES505677,CUST10983,2026-06-10 00:00:00,35,FEMALE,Mumbai,New,0,Mobile,Google,10.1,7,2,Sports,Dumbbells,4323,No,0,No,0,No,No,0,Debit Card,Standard,,
SES500613,CUST10759,2025-09-04 00:00:00,30,MALE,Pune,Returning,15,Mobile,Email,11.5,7,4,Home & Kitchen,Cookware Set,7962,Yes,18660,No,0,No,No,0,UPI,Same Day,,
SES503072,CUST11423,2025-08-13 00:00:00,40,MALE,Delhi,New,0,Desktop,Referral,6.4,4,4,Beauty,Perfume,4571,No,0,No,0,No,No,0,Credit Card,Standard,,
SES505692,CUST10277,2025-12-26 00:00:00,22,UNKNOWN,Delhi,New,0,Mobile,YouTube,6.7,5,4,Books,Business Book,1687,No,0,Yes,20,Yes,Yes,2349,Debit Card,Standard,5,3.4
SES502268,CUST11650,2025-10-20 00:00:00,42,FEMALE,Ahmedabad,Returning,7,Mobile,Instagram,4.4,5,2,Books,Self Help Book,834,No,0,Yes,5,No,No,0,Cash on Delivery,Standard,,
SES505786,CUST11174,2025-09-23 00:00:00,18,MALE,Bangalore,Returning,9,Mobile,Facebook,9.6,7,6,Fashion,Kurta,3506,Yes,6470,No,0,No,No,0,Credit Card,Standard,,
SES502534,CUST10202,2025-05-13 00:00:00,29,MALE,Mumbai,New,0,Desktop,Email,5.7,10,8,Books,Academic Book,1491,Yes,3314,Yes,20,Yes,Yes,2518,UPI,Express,4.6,4.3
SES500040,CUST12140,2025-06-17 00:00:00,40,MALE,Kolkata,New,0,Mobile,Facebook,5.7,4,4,Electronics,Headphones,7921,Yes,17527,No,0,No,Yes,14775,Credit Card,Same Day,3.9,4.2
SES501899,CUST10629,2026-05-22 00:00:00,40,FEMALE,Chennai,New,1,Mobile,Google,11.2,8,2,Home & Kitchen,Cookware Set,9485,Yes,16928,No,0,No,Yes,11283,UPI,Express,3.8,4.9
SES501650,CUST11358,2026-05-12 00:00:00,41,FEMALE,Mumbai,New,0,Mobile,Instagram,11.4,8,2,Fashion,Jeans,6629,No,0,Yes,10,Yes,No,0,CREDIT CARD,Standard,,
SES505816,CUST10045,2025-07-28 00:00:00,32,MALE,Kolkata,New,0,Desktop,Google,8.7,7,4,Books,Fiction Book,261,No,0,No,0,No,Yes,428,UPI,Standard,3.9,3.3
SES500259,CUST11769,2026-06-20 00:00:00,34,MALE,Delhi,New,0,Mobile,Instagram,8.9,4,2,Home & Kitchen,Table Lamp,13846,No,0,Yes,5,Yes,No,0,Cash on Delivery,Express,,
SES502925,CUST10616,2025-05-12 00:00:00,31,MALE,Hyderabad,New,0,Desktop,Facebook,9.4,6,1,Fashion,Kurta,1671,Yes,3015,Yes,20,Yes,Yes,1531,UPI,Same Day,3.8,3.4
SES502435,CUST10406,2026-06-24 00:00:00,49,FEMALE,Bangalore,Returning,13,Mobile,Direct,7.9,4,2,Beauty,Moisturizer,2460,No,0,Yes,30,No,No,0,Debit Card,Same Day,,
SES500848,CUST11684,2025-05-05 00:00:00,38,FEMALE,Bangalore,Returning,12,Tablet,Facebook,14.1,10,4,Books,Business Book,1528,Yes,1293,No,0,No,No,0,Credit Card,Standard,,
SES502823,CUST11949,2025-04-27 00:00:00,18,MALE,Hyderabad,New,0,Desktop,Google,8,6,6,Electronics,Power Bank,21605,No,0,Yes,10,No,No,0,UPI,Express,,
SES504425,CUST11361,2026-03-31 00:00:00,20,FEMALE,Hyderabad,New,0,Mobile,Google,15.4,10,6,Electronics,Smart Watch,15178,No,0,Yes,10,Yes,Yes,22830,Cash on Delivery,Standard,4.3,4.7
SES505110,CUST12119,2025-12-28 00:00:00,52,MALE,Delhi,New,0,Desktop,YouTube,4.1,9,7,Home & Kitchen,Coffee Maker,2937,No,0,No,0,No,No,0,Credit Card,Standard,,
SES503998,CUST11327,2025-09-21 00:00:00,27,MALE,Mumbai,New,0,Desktop,Direct,4.5,7,5,Beauty,Moisturizer,3324,No,0,Yes,20,Yes,No,0,Debit Card,Standard,,
SES504184,CUST11554,2025-05-11 00:00:00,19,FEMALE,Delhi,Returning,12,Mobile,Instagram,4.6,7,3,Beauty,Shampoo,1354,Yes,1612,Yes,30,Yes,Yes,1834,Cash on Delivery,Same Day,3.7,4.3
SES501234,CUST11997,2025-02-12 00:00:00,28,FEMALE,Mumbai,New,0,Mobile,Direct,9.3,11,4,Fashion,T-Shirt,2553,No,0,No,0,No,No,0,Credit Card,Standard,,
SES501128,CUST11298,2026-05-13 00:00:00,45,MALE,Pune,New,0,Mobile,Instagram,7.2,1,6,Electronics,Headphones,30598,Yes,74565,Yes,15,Yes,Yes,51133,Net Banking,Standard,4.6,3.2
SES503529,CUST10671,2025-01-11 00:00:00,21,MALE,Delhi,Returning,8,Mobile,Facebook,19,8,4,Fashion,Jacket,1868,Yes,3285,Yes,15,No,Yes,3967,Debit Card,Standard,4.4,3.6
SES501968,CUST10770,2025-08-28 00:00:00,23,FEMALE,Bangalore,Returning,9,Desktop,Email,9.3,3,3,Electronics,Wireless Earbuds,29114,Yes,36946,No,0,No,Yes,42099,Wallet,Standard,4.8,4.1
SES500559,CUST10385,2026-05-29 00:00:00,27,MALE,Bangalore,New,0,Desktop,Instagram,13,6,3,Home & Kitchen,Storage Box,12164,No,0,Yes,20,Yes,No,0,Net Banking,Standard,,
SES500905,CUST11493,2025-09-25 00:00:00,38,FEMALE,Delhi,New,0,Mobile,Google,9.5,9,5,Beauty,Moisturizer,343,No,0,Yes,15,Yes,No,0,Debit Card,Express,,
SES502615,CUST10245,2025-08-25 00:00:00,31,FEMALE,Mumbai,Returning,6,Mobile,Instagram,8.5,5,4,Beauty,Perfume,357,No,0,No,0,No,No,0,UPI,Standard,,
SES500485,CUST11959,2026-06-06 00:00:00,21,FEMALE,Bangalore,New,0,Mobile,YouTube,25.9,6,7,Sports,Running Shoes,6991,Yes,9250,Yes,10,Yes,Yes,12221,Cash on Delivery,Standard,3.5,3
SES502212,CUST10853,2025-06-13 00:00:00,26,MALE,Hyderabad,Returning,3,Desktop,YouTube,4,10,3,Home & Kitchen,Table Lamp,3716,No,0,Yes,20,Yes,Yes,6764,UPI,Standard,4.3,4.3
SES501321,CUST11977,2025-09-11 00:00:00,32,FEMALE,Mumbai,Returning,5,Desktop,Direct,7.7,6,3,Sports,Cricket Bat,11547,Yes,23352,Yes,5,Yes,No,0,UPI,Standard,,
SES503371,CUST11229,2026-06-18 00:00:00,38,FEMALE,Hyderabad,New,0,Desktop,Facebook,6.3,8,5,Beauty,Lipstick,3085,Yes,3496,Yes,15,Yes,No,0,UPI,Express,,
SES502556,CUST10049,2026-03-22 00:00:00,31,FEMALE,Delhi,Returning,14,Mobile,Google,15.4,14,2,Electronics,Bluetooth Speaker,1503,Yes,3158,Yes,25,Yes,Yes,1443,Credit Card,Standard,3.8,5
SES500008,CUST11239,2025-01-06 00:00:00,53,FEMALE,Chennai,Returning,5,Mobile,Email,12.8,5,3,Fashion,T-Shirt,3684,No,0,No,0,No,No,0,Credit Card,Same Day,,
SES502316,CUST10981,2025-10-18 00:00:00,19,MALE,Mumbai,Returning,15,Desktop,Direct,12.7,8,9,Home & Kitchen,Cookware Set,11385,Yes,20365,Yes,25,Yes,No,0,Wallet,Standard,,
SES505104,CUST10919,2025-04-04 00:00:00,30,FEMALE,Hyderabad,New,1,Mobile,Google,10,8,5,Books,Fiction Book,1724,Yes,1971,No,0,No,No,0,Wallet,Same Day,,
SES504408,CUST11444,2026-02-09 00:00:00,18,MALE,Mumbai,New,0,Desktop,Facebook,19.5,3,4,Beauty,Lipstick,4121,Yes,8159,No,0,No,Yes,8558,UPI,Standard,4.1,3.1
SES504339,CUST10908,2025-06-28 00:00:00,47,FEMALE,Pune,New,0,Desktop,Facebook,9.2,10,2,Fashion,Kurta,5639,No,0,Yes,10,No,No,0,Net Banking,Express,,
SES505296,CUST11213,2025-11-24 00:00:00,22,FEMALE,Delhi,New,0,Mobile,Instagram,12.7,4,4,Home & Kitchen,Bedsheet,4856,No,0,No,0,No,No,0,UPI,Standard,,
SES501451,CUST12141,2026-04-28 00:00:00,34,MALE,Mumbai,Returning,15,Mobile,Direct,12.9,4,7,Home & Kitchen,Table Lamp,1214,No,0,No,0,No,No,0,UPI,Standard,,
SES501202,CUST10988,2026-05-21 00:00:00,40,MALE,Jaipur,Returning,13,Mobile,Referral,18.5,6,3,Books,Biography,1632,Yes,2189,Yes,20,No,Yes,1878,Wallet,Standard,4.4,4.1
SES502427,CUST11032,2025-06-21 00:00:00,37,MALE,Pune,Returning,2,Mobile,Instagram,10,2,7,Fashion,Kurta,483,Yes,606,No,0,No,No,0,Net Banking,Standard,,
SES502649,CUST11523,2025-09-21 00:00:00,38,FEMALE,Pune,Returning,14,Mobile,Email,20.1,8,4,Beauty,Shampoo,3996,Yes,6804,Yes,10,Yes,Yes,7707,Credit Card,Express,5,4.9
SES501815,CUST10164,2025-08-14 00:00:00,41,MALE,Mumbai,Returning,4,Mobile,Google,8.4,11,3,Books,Academic Book,908,Yes,1267,Yes,10,Yes,Yes,1424,Debit Card,Same Day,4.1,3.3
SES502727,CUST10113,2026-06-03 00:00:00,22,FEMALE,Delhi,Returning,10,Desktop,Google,3.1,11,3,Home & Kitchen,Bedsheet,8824,Yes,9309,No,0,No,No,0,UPI,Express,,
SES500774,CUST11637,2025-01-24 00:00:00,42,MALE,Delhi,Returning,11,Desktop,Referral,9.9,9,3,Electronics,Bluetooth Speaker,1322,Yes,1153,Yes,20,Yes,No,0,Debit Card,Standard,,
SES502275,CUST10613,2026-03-27 00:00:00,30,FEMALE,Jaipur,New,0,Mobile,Instagram,8.8,6,4,Books,Academic Book,2127,No,0,Yes,20,Yes,No,0,UPI,Express,,
SES501012,CUST11402,2025-10-12 00:00:00,18,MALE,Pune,Returning,13,Desktop,Google,5.1,8,3,Beauty,Shampoo,4538,No,0,Yes,10,No,No,0,Credit Card,Standard,,
SES504193,CUST11751,2026-01-25 00:00:00,18,FEMALE,Bangalore,New,0,Mobile,Instagram,14.5,10,3,Electronics,Power Bank,27212,No,0,Yes,15,Yes,No,0,UPI,Express,,
SES503548,CUST10804,2026-03-30 00:00:00,39,FEMALE,Chennai,Returning,7,Mobile,Instagram,16.6,6,4,Beauty,Perfume,2418,No,0,Yes,25,Yes,Yes,4071,UPI,Same Day,3.7,2.9
SES501992,CUST12197,2026-01-11 00:00:00,23,MALE,Chennai,New,0,Tablet,Direct,25,6,4,Fashion,Kurta,1048,Yes,2334,No,0,No,Yes,2073,Debit Card,Standard,2.7,4.5
SES501278,CUST11246,2025-12-13 00:00:00,27,MALE,Mumbai,Returning,12,Desktop,Instagram,18.3,4,2,Beauty,Perfume,1907,No,0,No,0,No,No,0,UPI,Standard,,
SES501784,CUST11726,2026-05-29 00:00:00,41,FEMALE,Bangalore,New,1,Mobile,Google,18.6,5,1,Books,Academic Book,956,No,0,No,0,No,No,0,UPI,Express,,
SES505828,CUST11543,2025-04-18 00:00:00,48,MALE,Hyderabad,Returning,11,Mobile,Instagram,14.6,9,7,Home & Kitchen,Cookware Set,14158,No,0,Yes,15,Yes,Yes,12677,Credit Card,Same Day,4.3,3
SES500447,CUST10751,2026-03-07 00:00:00,43,MALE,Mumbai,Returning,2,Desktop,Google,6.5,9,3,Electronics,Wireless Earbuds,9186,Yes,22397,No,0,No,Yes,17149,Credit Card,Standard,3.1,3
SES500881,CUST10575,2025-08-22 00:00:00,22,MALE,Ahmedabad,Returning,7,Mobile,Instagram,3.9,8,4,Beauty,Lipstick,2128,No,0,No,0,No,No,0,credit card,Standard,,
SES504120,CUST10463,2026-06-15 00:00:00,29,MALE,Mumbai,New,1,Tablet,Facebook,12.7,10,4,Fashion,Kurta,5525,Yes,12587,No,0,No,Yes,5107,Debit Card,Standard,3.1,3.3
SES505377,CUST10364,2025-10-01 00:00:00,35,FEMALE,Kolkata,Returning,8,Desktop,Email,11.9,8,2,Fashion,Sneakers,2946,Yes,6052,No,0,No,Yes,3429,UPI,Standard,4.6,4.6
SES502728,CUST10542,2026-05-15 00:00:00,18,FEMALE,Hyderabad,Returning,8,Desktop,Direct,12.7,7,7,Beauty,Moisturizer,1666,No,0,No,0,No,No,0,Credit Card,Standard,,
SES503049,CUST11065,2026-02-20 00:00:00,31,FEMALE,Bangalore,Returning,8,Desktop,Instagram,5.8,5,1,Fashion,Sneakers,2491,Yes,2661,Yes,20,No,No,0,upi,Express,,
SES500782,CUST10334,2025-01-25 00:00:00,22,MALE,Bangalore,New,0,Mobile,Referral,13.5,12,6,Beauty,Perfume,1901,No,0,Yes,10,No,No,0,Credit Card,Standard,,
SES502652,CUST11304,2026-02-18 00:00:00,32,FEMALE,Hyderabad,Returning,12,Mobile,Direct,9.1,7,1,Fashion,Jacket,6971,No,0,Yes,10,No,No,0,Debit Card,Standard,,
SES505862,CUST11372,2025-09-25 00:00:00,36,MALE,Delhi,New,0,Desktop,Referral,7.4,9,7,Electronics,Headphones,19921,No,0,No,0,No,No,0,UPI,Standard,,
SES501750,CUST11017,2025-12-02 00:00:00,43,MALE,Delhi,Returning,2,Mobile,Instagram,18.7,9,4,Books,Business Book,1851,Yes,2455,No,0,No,No,0,Wallet,Standard,,
SES502127,CUST12029,2025-11-16 00:00:00,32,FEMALE,Bangalore,New,0,Mobile,Facebook,4.6,9,5,Home & Kitchen,Storage Box,12558,Yes,15544,Yes,5,No,No,0,Debit Card,Standard,,
SES503734,CUST10584,2025-07-04 00:00:00,40,FEMALE,Delhi,Returning,8,Desktop,Direct,3.6,10,5,Books,Biography,543,No,0,No,0,No,No,0,Wallet,Standard,,
SES502792,CUST11951,2025-11-06 00:00:00,35,FEMALE,Chennai,Returning,9,Mobile,Direct,2.9,10,4,Fashion,T-Shirt,6062,No,0,No,0,No,No,0,Debit Card,Same Day,,
SES502424,CUST10977,2025-09-18 00:00:00,18,MALE,Kolkata,Returning,3,Mobile,YouTube,7.7,5,3,Books,Business Book,1490,No,0,Yes,15,No,No,0,Cash on Delivery,Express,,
SES505892,CUST11094,2026-04-17 00:00:00,23,FEMALE,Delhi,Returning,3,Mobile,YouTube,13,11,2,Books,Academic Book,627,No,0,No,0,No,No,0,UPI,Standard,,
SES505195,CUST11591,2026-01-14 00:00:00,24,MALE,Kolkata,New,0,Mobile,Direct,9.3,8,4,Home & Kitchen,Cookware Set,9612,No,0,Yes,15,No,Yes,14406,Net Banking,Express,3.6,3.7
SES500884,CUST12123,2026-06-21 00:00:00,19,FEMALE,Jaipur,New,0,Desktop,Email,3.9,5,3,Books,Academic Book,1941,No,0,Yes,25,Yes,No,0,Cash on Delivery,Standard,,
SES503396,CUST10746,2026-04-22 00:00:00,44,MALE,Hyderabad,Returning,12,Mobile,Referral,13.1,6,5,Home & Kitchen,Storage Box,11957,Yes,18678,Yes,5,Yes,No,0,Credit Card,Standard,,
SES501092,CUST10401,2026-02-05 00:00:00,32,MALE,Mumbai,New,0,Desktop,Google,11.8,7,3,Books,Fiction Book,732,No,0,No,0,No,No,0,Credit Card,Express,,
SES505608,CUST10991,2025-01-31 00:00:00,20,FEMALE,Mumbai,Returning,11,Mobile,Direct,5,7,4,Fashion,Kurta,1963,No,0,Yes,10,Yes,Yes,1984,Net Banking,Express,3,4.9
SES504148,CUST10423,2025-09-12 00:00:00,23,FEMALE,Chennai,New,0,Mobile,Email,5.8,9,2,Fashion,Kurta,3880,No,0,No,0,No,No,0,UPI,Standard,,
SES500532,CUST10925,2026-06-05 00:00:00,41,MALE,Lucknow,New,0,Mobile,Google,3.3,8,1,Electronics,Bluetooth Speaker,22546,Yes,48692,Yes,20,Yes,Yes,33694,UPI,Express,4.2,5
SES504773,CUST11884,2026-05-15 00:00:00,32,FEMALE,Hyderabad,Returning,10,Mobile,Referral,5.4,9,1,Home & Kitchen,Coffee Maker,707,Yes,1297,No,0,No,Yes,1439,UPI,Standard,4.7,4.6
SES502439,CUST10179,2026-03-17 00:00:00,43,MALE,Bangalore,New,0,Desktop,Google,14.1,8,5,Sports,Football,885,No,0,No,0,No,No,0,Credit Card,Standard,,
SES504887,CUST12063,2026-05-12 00:00:00,25,FEMALE,Chennai,Returning,4,Mobile,Google,3.6,7,4,Fashion,Kurta,4647,No,0,No,0,No,Yes,4147,Credit Card,Express,4.5,3.9
SES504439,CUST10865,2026-05-11 00:00:00,32,MALE,Delhi,Returning,3,Mobile,Referral,3.7,7,5,Beauty,Perfume,1791,Yes,3645,No,0,No,Yes,2419,UPI,Standard,4,3.9
SES504530,CUST11913,2026-05-26 00:00:00,38,FEMALE,Ahmedabad,New,0,Mobile,Referral,7.3,6,3,Electronics,Bluetooth Speaker,26539,Yes,62103,No,0,No,No,0,UPI,Standard,,
SES504936,CUST11606,2025-07-09 00:00:00,32,MALE,Pune,New,0,Mobile,Email,12.7,8,4,Electronics,Bluetooth Speaker,8734,Yes,8887,No,0,No,Yes,13295,UPI,Standard,4,3.9
SES502291,CUST11595,2025-06-23 00:00:00,34,FEMALE,Chennai,Returning,12,Desktop,Direct,16.1,7,1,Sports,Yoga Mat,6705,Yes,14450,No,0,No,Yes,10308,Cash on Delivery,Standard,4.3,4
SES501728,CUST11377,2025-08-14 00:00:00,33,MALE,Delhi,Returning,10,Mobile,Facebook,7.7,10,2,Sports,Dumbbells,8004,No,0,No,0,No,No,0,Debit Card,Standard,,
SES500611,CUST11020,2025-04-13 00:00:00,29,MALE,Ahmedabad,Returning,8,Mobile,Google,13.8,4,6,Beauty,Lipstick,465,No,0,Yes,10,Yes,No,0,UPI,Express,,
SES500571,CUST12049,2025-11-14 00:00:00,43,MALE,Mumbai,New,0,Mobile,Instagram,9.1,3,2,Electronics,Power Bank,31210,No,0,No,0,No,No,0,UPI,Standard,,
SES503816,CUST10220,2026-01-03 00:00:00,27,FEMALE,Hyderabad,New,0,Mobile,YouTube,14.1,8,7,Beauty,Shampoo,3128,Yes,4980,No,0,No,Yes,3139,Credit Card,Standard,3.8,4.2
SES501318,CUST10869,2025-03-01 00:00:00,34,MALE,Hyderabad,New,0,Mobile,Direct,12,6,5,Beauty,Moisturizer,1041,Yes,2438,Yes,15,Yes,Yes,1279,UPI,Standard,3.2,4.8
SES500344,CUST11142,2025-03-23 00:00:00,33,FEMALE,Chennai,New,0,Mobile,Instagram,19.7,6,2,Sports,Yoga Mat,9429,No,0,No,0,No,No,0,Credit Card,Standard,,
SES500588,CUST10268,2025-05-02 00:00:00,54,FEMALE,Bangalore,New,0,Desktop,Referral,9.3,12,4,Fashion,Sneakers,743,Yes,1501,Yes,15,Yes,No,0,Cash on Delivery,Standard,,
SES504703,CUST11017,2025-11-14 00:00:00,37,FEMALE,Pune,New,1,Mobile,Direct,8,8,3,Fashion,Jeans,1094,No,0,Yes,5,Yes,No,0,Net Banking,Express,,
SES500637,CUST10667,2026-02-20 00:00:00,34,FEMALE,Delhi,New,0,Tablet,Instagram,9.8,10,2,Fashion,Sneakers,2018,No,0,No,0,No,No,0,Credit Card,Express,,
SES500435,CUST10396,2025-12-03 00:00:00,30,MALE,Mumbai,New,0,Desktop,Instagram,6.6,9,5,Fashion,Kurta,736,Yes,1093,No,0,No,Yes,980,Wallet,Standard,4,4.2
SES501904,CUST10594,2025-02-16 00:00:00,,MALE,Mumbai,Returning,10,Mobile,Instagram,5.9,11,4,Home & Kitchen,Cookware Set,5595,No,0,Yes,20,No,No,0,Debit Card,Standard,,
SES500098,CUST10393,2026-04-20 00:00:00,22,MALE,Chennai,New,0,Desktop,Google,12.2,14,4,Fashion,Jeans,6524,No,0,Yes,10,Yes,No,0,Net Banking,Express,,
SES503215,CUST10050,2025-01-12 00:00:00,30,MALE,Mumbai,New,0,Mobile,Direct,15.3,4,5,Fashion,Sneakers,1236,No,0,No,0,No,No,0,UPI,Standard,,
SES503465,CUST10832,2025-08-23 00:00:00,43,MALE,Mumbai,Returning,4,Mobile,Direct,3.6,4,2,Electronics,Bluetooth Speaker,22406,No,0,Yes,10,Yes,No,0,Cash on Delivery,Express,,
SES505279,CUST10154,2026-05-22 00:00:00,18,FEMALE,Jaipur,New,0,Desktop,Direct,10.8,4,2,Fashion,Jacket,3249,No,0,No,0,No,No,0,UPI,Standard,,
SES505746,CUST10209,2025-09-23 00:00:00,42,MALE,Delhi,Returning,8,Desktop,Instagram,10,3,7,Books,Academic Book,410,Yes,797,No,0,No,Yes,484,UPI,Same Day,4,4.8
SES502070,CUST11079,2025-10-02 00:00:00,33,FEMALE,Jaipur,Returning,4,Desktop,Instagram,7,6,2,Electronics,Wireless Earbuds,24622,Yes,41069,No,0,No,Yes,27577,UPI,Standard,4.5,4.5
SES501538,CUST10282,2025-04-23 00:00:00,28,FEMALE,Kolkata,New,0,Mobile,Email,13.3,4,4,Sports,Yoga Mat,11626,No,0,Yes,15,No,No,0,Debit Card,Express,,
SES504732,CUST11465,2025-12-09 00:00:00,18,FEMALE,Mumbai,Returning,5,Desktop,Instagram,12.3,8,3,Fashion,Kurta,5736,No,0,No,0,No,Yes,8913,UPI,Same Day,4.3,4.2
SES505209,CUST11760,2026-03-21 00:00:00,37,MALE,Pune,New,0,Mobile,Facebook,6.5,6,6,Beauty,Moisturizer,1398,No,0,Yes,10,Yes,No,0,Wallet,Standard,,
SES504797,CUST11670,2025-05-15 00:00:00,41,MALE,Bangalore,New,1,Desktop,Referral,10.5,7,3,Fashion,Jacket,5680,Yes,11958,No,0,No,No,0,Debit Card,Standard,,
SES503362,CUST10742,2025-10-25 00:00:00,45,MALE,Delhi,Returning,9,Mobile,YouTube,2.5,5,3,Sports,Yoga Mat,8999,No,0,No,0,No,Yes,15039,Wallet,Standard,3.3,3.5
SES501518,CUST11800,2025-09-11 00:00:00,39,FEMALE,Hyderabad,Returning,9,Desktop,Instagram,12.7,5,4,Home & Kitchen,Storage Box,3910,No,0,Yes,10,No,No,0,UPI,Express,,
SES500966,CUST10775,2025-12-22 00:00:00,39,FEMALE,Lucknow,Returning,4,Desktop,Facebook,12.9,6,4,Books,Academic Book,1320,Yes,1072,No,0,No,Yes,2360,Debit Card,Standard,4,2.5
SES505304,CUST10148,2025-04-23 00:00:00,18,MALE,Mumbai,New,0,Mobile,Google,4.9,4,5,Home & Kitchen,Storage Box,4750,No,0,No,0,No,No,0,Net Banking,Express,,
SES500529,CUST11225,2025-07-10 00:00:00,20,FEMALE,Lucknow,Returning,14,Mobile,Google,10,9,2,Electronics,Bluetooth Speaker,1657,No,0,No,0,No,No,0,Debit Card,Express,,
SES500177,CUST11956,2025-12-15 00:00:00,27,MALE,Delhi,Returning,6,Mobile,Instagram,8.8,9,7,Fashion,Kurta,3828,Yes,4821,Yes,15,No,Yes,6086,Credit Card,Standard,3.2,3.8
SES502471,CUST11713,2026-06-18 00:00:00,37,FEMALE,Chennai,New,0,Mobile,YouTube,12.5,5,4,Books,Self Help Book,2318,No,0,No,0,No,No,0,Debit Card,Standard,,
SES504546,CUST10313,2026-02-24 00:00:00,20,MALE,Kolkata,New,0,Mobile,Direct,29.3,5,4,Electronics,Headphones,12649,Yes,15495,Yes,25,Yes,Yes,11512,Credit Card,Express,4.5,4.5
SES505622,CUST11335,2025-07-31 00:00:00,21,FEMALE,Bangalore,New,0,Mobile,Facebook,4.8,6,2,Books,Self Help Book,460,No,0,Yes,25,Yes,Yes,481,UPI,Standard,4.3,3
SES503002,CUST10930,2025-01-31 00:00:00,33,FEMALE,Mumbai,New,0,Desktop,Google,3.3,8,10,Sports,Cricket Bat,11329,Yes,27500,No,0,No,No,0,UPI,Express,,
SES505160,CUST11078,2026-02-10 00:00:00,28,MALE,Delhi,Returning,6,Mobile,Google,20.2,5,3,Home & Kitchen,Storage Box,9481,Yes,23441,Yes,10,Yes,No,0,UPI,Standard,,
SES500573,CUST10685,2025-05-22 00:00:00,33,MALE,Hyderabad,New,0,Mobile,Direct,5.4,8,2,Fashion,Kurta,4133,Yes,3680,Yes,15,Yes,Yes,7811,Credit Card,Express,4.1,3.9
SES503304,CUST11433,2025-04-04 00:00:00,40,MALE,Delhi,New,0,Desktop,Instagram,8.8,5,2,Electronics,Bluetooth Speaker,19234,No,0,No,0,No,No,0,Debit Card,Standard,,
SES500593,CUST10763,2026-02-05 00:00:00,49,MALE,Mumbai,New,0,Mobile,Instagram,8.1,5,4,Fashion,Jacket,6781,No,0,Yes,15,Yes,No,0,Net Banking,Standard,,
SES505000,CUST11322,2025-03-23 00:00:00,52,FEMALE,Bangalore,New,0,Desktop,Google,13.5,7,5,Home & Kitchen,Table Lamp,2219,Yes,4087,No,0,No,Yes,2147,Credit Card,Standard,4.7,4.9
SES503063,CUST11133,2025-08-10 00:00:00,25,MALE,Jaipur,New,0,Desktop,Google,5.8,7,2,Electronics,Wireless Earbuds,933,No,0,Yes,10,Yes,No,0,UPI,Standard,,
SES504669,CUST10224,2025-09-24 00:00:00,32,MALE,Pune,Returning,13,Mobile,Direct,8.9,9,2,Beauty,Perfume,2683,No,0,No,0,No,No,0,UPI,Standard,,
SES502375,CUST10662,2025-06-25 00:00:00,35,FEMALE,Lucknow,Returning,15,Mobile,Instagram,21.4,5,2,Beauty,Moisturizer,3833,Yes,4654,Yes,5,No,Yes,6567,Cash on Delivery,Express,3.9,3.3
SES503065,CUST12039,2025-12-28 00:00:00,18,FEMALE,Mumbai,New,0,Mobile,Direct,12.3,8,6,Sports,Yoga Mat,10572,Yes,26239,No,0,No,Yes,14100,Debit Card,Standard,4.5,2.8
SES505659,CUST10069,2025-09-29 00:00:00,28,MALE,Jaipur,Returning,11,Tablet,Instagram,7.4,8,3,Beauty,Lipstick,620,No,0,No,0,No,Yes,943,Wallet,Standard,3.9,3.9
SES504356,CUST10778,2025-03-04 00:00:00,31,MALE,Unknown,New,0,Mobile,Email,14.4,7,8,Home & Kitchen,Coffee Maker,6993,No,0,No,0,No,No,0,Net Banking,Standard,,
SES505835,CUST11994,2026-04-01 00:00:00,18,FEMALE,Pune,Returning,2,Mobile,YouTube,14.3,6,3,Books,Fiction Book,620,No,0,No,0,No,No,0,UPI,Standard,,
SES502209,CUST10966,2026-02-10 00:00:00,38,MALE,Ahmedabad,Returning,6,Mobile,Google,20.8,7,5,Books,Academic Book,1654,Yes,3330,Yes,15,Yes,Yes,2991,Wallet,Standard,3.7,3.9
SES504195,CUST12018,2026-04-23 00:00:00,46,FEMALE,Delhi,New,1,Mobile,Referral,12.4,5,1,Home & Kitchen,Coffee Maker,2111,No,0,No,0,No,No,0,Net Banking,Express,,
SES502493,CUST10553,2026-06-29 00:00:00,28,FEMALE,Mumbai,New,0,Desktop,Direct,9.2,5,7,Beauty,Face Wash,4972,No,0,No,0,No,No,0,Debit Card,Same Day,,
SES503945,CUST12043,2026-03-02 00:00:00,31,MALE,Hyderabad,New,1,Mobile,Google,2.7,7,4,Fashion,Jeans,4255,No,0,No,0,No,Yes,9259,Cash on Delivery,Express,3.6,4.2
SES500384,CUST11637,2026-05-29 00:00:00,18,FEMALE,Mumbai,New,1,Mobile,Direct,8.7,5,2,Beauty,Perfume,2752,No,0,Yes,10,Yes,No,0,UPI,Same Day,,
SES500853,CUST10815,2025-03-17 00:00:00,50,FEMALE,Mumbai,Returning,4,Mobile,Google,13.7,9,2,Sports,Cricket Bat,3912,No,0,Yes,10,Yes,No,0,Credit Card,Standard,,
SES501881,CUST10742,2026-03-11 00:00:00,22,FEMALE,Bangalore,Returning,6,Tablet,Instagram,2.7,6,5,Electronics,Bluetooth Speaker,20814,No,0,No,0,No,No,0,Debit Card,Standard,,
SES500371,CUST11632,2026-02-18 00:00:00,32,MALE,Chennai,New,1,Desktop,Direct,5,5,3,Electronics,Power Bank,23148,No,0,Yes,15,Yes,No,0,Credit Card,Express,,
SES504615,CUST11479,2025-01-18 00:00:00,49,MALE,Delhi,New,0,Mobile,Email,5,4,6,Beauty,Lipstick,595,No,0,No,0,No,No,0,Credit Card,Standard,,
SES504255,CUST11861,2025-05-31 00:00:00,18,MALE,Lucknow,New,0,Mobile,Facebook,2.3,7,4,Home & Kitchen,Cookware Set,1634,No,0,Yes,30,Yes,No,0,UPI,Standard,,
SES505232,CUST12061,2025-05-16 00:00:00,36,MALE,Delhi,Returning,10,Mobile,Google,9.8,8,6,Electronics,Headphones,10279,No,0,No,0,No,No,0,UPI,Express,,
SES505197,CUST10848,2025-03-09 00:00:00,19,FEMALE,Bangalore,New,0,Mobile,Google,11.4,7,7,Fashion,T-Shirt,3688,Yes,8268,No,0,No,Yes,6643,Credit Card,Express,3.2,3.6
SES505993,CUST10438,2025-07-12 00:00:00,18,FEMALE,Chennai,Returning,8,Mobile,Direct,5.9,5,2,Fashion,Jeans,3389,Yes,3587,Yes,10,Yes,Yes,5082,Credit Card,Standard,4.2,4.6
SES501106,CUST11467,2026-06-18 00:00:00,27,MALE,Mumbai,New,0,Tablet,Email,5.1,7,3,Electronics,Wireless Earbuds,13116,Yes,25356,Yes,25,Yes,Yes,19115,Wallet,Express,4.6,3.5
SES503683,CUST10090,2026-03-02 00:00:00,24,MALE,Hyderabad,Returning,15,Mobile,Referral,4.9,3,2,Fashion,Jacket,5535,No,0,Yes,20,Yes,No,0,Credit Card,Standard,,
SES502362,CUST10501,2025-04-05 00:00:00,30,MALE,Hyderabad,Returning,10,Mobile,Instagram,3.2,5,6,Fashion,T-Shirt,6922,No,0,No,0,No,No,0,UPI,Same Day,,
SES505436,CUST12087,2026-02-09 00:00:00,39,FEMALE,Delhi,New,0,Desktop,Google,16.1,5,3,Electronics,Bluetooth Speaker,16398,Yes,13756,Yes,10,Yes,Yes,29289,Debit Card,Standard,5,3.6
SES501337,CUST10591,2025-05-07 00:00:00,20,MALE,Lucknow,Returning,12,Mobile,Instagram,8.4,6,4,Home & Kitchen,Storage Box,7445,Yes,11283,Yes,25,Yes,Yes,13981,Debit Card,Express,4.6,4.2
SES502190,CUST11939,2025-12-25 00:00:00,31,FEMALE,Pune,Returning,14,Desktop,Instagram,8.3,10,2,Home & Kitchen,Storage Box,11355,Yes,12793,Yes,15,Yes,Yes,20115,UPI,Express,3.8,4.8
SES505533,CUST10421,2025-12-18 00:00:00,18,MALE,Pune,New,0,Mobile,Google,14,11,4,Electronics,Wireless Earbuds,15043,Yes,37365,Yes,20,No,Yes,31838,Debit Card,Standard,4.4,4.1
SES505434,CUST12105,2026-06-23 00:00:00,25,FEMALE,Delhi,Returning,6,Mobile,Google,16.3,3,2,Home & Kitchen,Bedsheet,2187,Yes,2638,Yes,15,Yes,Yes,4292,Debit Card,Standard,3.2,4.3
SES503765,CUST11964,2026-04-10 00:00:00,63,MALE,Mumbai,New,0,Mobile,Referral,10,5,5,Fashion,Sneakers,2211,No,0,Yes,5,Yes,No,0,UPI,Standard,,
SES502247,CUST11578,2026-02-05 00:00:00,53,MALE,Mumbai,New,1,Desktop,Direct,21.3,4,3,Electronics,Smart Watch,11760,Yes,25619,Yes,20,Yes,No,0,UPI,Express,,
SES504141,CUST10876,2026-03-31 00:00:00,20,MALE,Hyderabad,New,0,Mobile,YouTube,4.8,5,2,Sports,Dumbbells,2391,No,0,No,0,No,No,0,Credit Card,Standard,,
SES505846,CUST11503,2025-09-13 00:00:00,36,FEMALE,Delhi,New,0,Desktop,Direct,10.2,4,1,Fashion,Jeans,2017,Yes,1935,No,0,No,No,0,Net Banking,Standard,,
SES501172,CUST11608,2025-10-24 00:00:00,30,FEMALE,Bangalore,New,0,Mobile,Facebook,16.7,5,3,Electronics,Wireless Earbuds,32042,Yes,79238,No,0,No,No,0,Credit Card,Standard,,
SES503709,CUST11097,2026-04-16 00:00:00,31,FEMALE,Pune,New,0,Desktop,Facebook,6.4,7,4,Sports,Yoga Mat,6534,No,0,Yes,20,No,Yes,13153,Wallet,Express,4.5,5
SES504764,CUST11038,2026-06-23 00:00:00,30,MALE,Kolkata,Returning,14,Mobile,Google,17.9,6,4,Electronics,Wireless Earbuds,2380,No,0,No,0,No,No,0,UPI,Same Day,,
SES501423,CUST10900,2025-03-04 00:00:00,18,MALE,Kolkata,Returning,12,Mobile,Google,4.6,3,3,Fashion,Sneakers,4640,No,0,Yes,20,No,Yes,6714,Cash on Delivery,Express,2.4,4.5
SES502687,CUST10695,2025-01-19 00:00:00,20,MALE,Delhi,Returning,14,Tablet,Google,9.4,8,4,Electronics,Smart Watch,2544,No,0,No,0,No,No,0,UPI,Standard,,
SES505411,CUST11462,2026-04-17 00:00:00,35,MALE,Chennai,New,0,Mobile,Direct,5.7,10,4,Books,Academic Book,1266,No,0,No,0,No,No,0,Debit Card,Standard,,
SES504481,CUST11796,2025-07-21 00:00:00,33,MALE,Delhi,Returning,12,Mobile,Email,10.5,2,2,Fashion,Kurta,2313,No,0,Yes,5,Yes,No,0,Debit Card,Standard,,
SES503785,CUST10679,2025-07-19 00:00:00,28,FEMALE,Bangalore,Returning,10,Desktop,YouTube,15.8,4,1,Beauty,Lipstick,2315,No,0,No,0,No,Yes,3113,UPI,Express,3.5,4.2
SES504999,CUST10843,2026-05-17 00:00:00,34,MALE,Jaipur,New,0,Mobile,Google,5.6,10,5,Electronics,Bluetooth Speaker,32615,Yes,75696,No,0,No,No,0,Debit Card,Express,,
SES501465,CUST10956,2025-12-06 00:00:00,32,FEMALE,Bangalore,New,0,Mobile,Google,9.1,10,2,Books,Fiction Book,2402,No,0,No,0,No,No,0,UPI,Standard,,
SES500875,CUST10936,2025-01-22 00:00:00,18,MALE,Hyderabad,New,0,Mobile,Google,8.1,5,2,Home & Kitchen,Table Lamp,1002,No,0,No,0,No,No,0,Debit Card,Standard,,
SES502298,CUST10265,2026-06-14 00:00:00,28,MALE,Jaipur,Returning,6,Tablet,Google,13.1,6,1,Beauty,Moisturizer,1605,No,0,Yes,15,Yes,No,0,Credit Card,Standard,,
SES502644,CUST11557,2025-07-18 00:00:00,25,MALE,Delhi,Returning,11,Desktop,Facebook,11.2,7,6,Electronics,Power Bank,28645,No,0,No,0,No,No,0,UPI,Standard,,
SES503340,CUST10275,2025-02-24 00:00:00,32,MALE,Kolkata,New,0,Mobile,Instagram,6.8,7,8,Home & Kitchen,Storage Box,6967,Yes,8604,No,0,No,No,0,Wallet,Standard,,
SES505218,CUST11843,2025-09-15 00:00:00,25,MALE,Kolkata,New,0,Mobile,Facebook,18.1,5,5,Sports,Running Shoes,11046,Yes,14139,Yes,20,Yes,No,0,UPI,Express,,
SES501252,CUST10426,2026-06-30 00:00:00,26,MALE,Delhi,New,0,Desktop,Google,19.6,10,3,Fashion,T-Shirt,1697,No,0,No,0,No,No,0,Cash on Delivery,Express,,
SES504146,CUST10658,2026-03-28 00:00:00,36,MALE,Mumbai,Returning,14,Mobile,Email,11.6,12,3,Sports,Running Shoes,8350,Yes,16596,Yes,25,Yes,Yes,12385,Credit Card,Standard,3.1,1.8
SES500841,CUST12095,2026-04-27 00:00:00,42,MALE,Hyderabad,New,0,Mobile,Email,3.8,5,3,Fashion,Kurta,2144,No,0,No,0,No,No,0,UPI,Standard,,
SES504252,CUST10376,2026-06-29 00:00:00,27,MALE,Bangalore,New,0,Mobile,Google,11.9,2,4,Sports,Football,2745,Yes,2895,No,0,No,No,0,Credit Card,Express,,
SES500582,CUST11575,2026-04-27 00:00:00,24,MALE,Delhi,New,0,Mobile,Instagram,16.5,7,4,Fashion,Jeans,4360,Yes,9605,No,0,No,Yes,6939,UPI,Standard,4,4.5
SES500205,CUST11155,2025-09-03 00:00:00,32,FEMALE,Ahmedabad,New,0,Mobile,Facebook,9.6,12,3,Books,Academic Book,1091,No,0,No,0,No,No,0,Credit Card,Express,,
SES501642,CUST10715,2025-02-26 00:00:00,31,MALE,Hyderabad,Returning,7,Desktop,Email,5.6,6,2,Books,Fiction Book,1514,No,0,Yes,15,No,Yes,2218,UPI,Same Day,2.6,2.4
SES502015,CUST10703,2025-10-13 00:00:00,32,FEMALE,Jaipur,Returning,10,Mobile,YouTube,0.7,5,3,Beauty,Face Wash,3291,No,0,No,0,No,No,0,Credit Card,Standard,,
SES503254,CUST10219,2026-02-06 00:00:00,34,FEMALE,Mumbai,New,1,Mobile,Referral,3,5,6,Books,Fiction Book,2460,Yes,5342,No,0,No,No,0,UPI,Standard,,
SES500906,CUST10967,2025-02-06 00:00:00,38,MALE,Pune,New,0,Desktop,YouTube,6.8,7,5,Beauty,Perfume,1183,No,0,No,0,No,No,0,Debit Card,Standard,,
SES500632,CUST10900,2025-11-16 00:00:00,40,MALE,Kolkata,New,1,Desktop,Direct,1.8,10,5,Beauty,Face Wash,3480,No,0,No,0,No,No,0,UPI,Express,,
SES504268,CUST10228,2026-03-31 00:00:00,21,MALE,Lucknow,New,0,Mobile,Instagram,19.1,6,10,Sports,Cricket Bat,8403,Yes,11664,Yes,20,Yes,No,0,Credit Card,Standard,,
SES501975,CUST10783,2026-03-19 00:00:00,46,FEMALE,Delhi,New,0,Mobile,Google,15.7,10,7,Fashion,Sneakers,6067,Yes,6417,No,0,No,No,0,Net Banking,Same Day,,
SES500163,CUST10836,2025-07-29 00:00:00,32,MALE,Ahmedabad,Returning,9,Mobile,Google,7.4,2,3,Home & Kitchen,Storage Box,12878,No,0,No,0,No,No,0,Cash on Delivery,Express,,
SES504328,CUST10144,2026-04-12 00:00:00,22,MALE,Delhi,New,0,Mobile,Google,11.5,11,2,Fashion,Jeans,6916,No,0,Yes,10,Yes,No,0,Net Banking,Standard,,
SES504100,CUST10556,2025-01-26 00:00:00,18,FEMALE,Mumbai,Returning,14,Desktop,Direct,6.6,3,3,Fashion,Kurta,1775,Yes,3356,Yes,15,Yes,No,0,Cash on Delivery,Express,,
SES505419,CUST11446,2026-01-01 00:00:00,45,FEMALE,Bangalore,New,0,Mobile,Google,4.3,7,3,Home & Kitchen,Cookware Set,7918,Yes,11734,No,0,No,Yes,10377,UPI,Express,3.5,4.4
SES503553,CUST10054,2025-07-21 00:00:00,28,MALE,Jaipur,Returning,9,Mobile,Referral,1.1,5,4,Electronics,Headphones,8043,Yes,15221,No,0,No,No,0,Wallet,Standard,,
SES500618,CUST11354,2025-07-16 00:00:00,32,MALE,Pune,Returning,7,Tablet,Direct,7.6,7,5,Books,Self Help Book,647,Yes,647,No,0,No,Yes,1024,Credit Card,Standard,3.7,3.6
SES500876,CUST11935,2025-01-21 00:00:00,22,MALE,Delhi,New,0,Desktop,Instagram,14.1,9,7,Books,Academic Book,1035,No,0,Yes,15,Yes,Yes,1376,UPI,Standard,5,4.8
SES501432,CUST12135,2026-05-30 00:00:00,26,MALE,Bangalore,Returning,11,Desktop,YouTube,6.8,5,1,Books,Business Book,574,No,0,Yes,15,Yes,Yes,991,Debit Card,Standard,4.5,4.6
SES502974,CUST10620,2026-04-28 00:00:00,18,MALE,Delhi,New,0,Mobile,Direct,10.8,5,4,Home & Kitchen,Cookware Set,5966,Yes,14557,Yes,10,Yes,No,0,Credit Card,Express,,
SES504170,CUST11476,2025-04-18 00:00:00,22,MALE,Ahmedabad,New,0,Mobile,Referral,0.9,8,3,Beauty,Shampoo,3124,Yes,5121,Yes,10,Yes,Yes,3943,Cash on Delivery,Express,3.9,3.1
SES500548,CUST10224,2026-02-24 00:00:00,37,FEMALE,Bangalore,Returning,3,Mobile,YouTube,5.2,7,4,Sports,Yoga Mat,11365,No,0,Yes,10,Yes,Yes,21709,UPI,Express,3.6,4.1
SES504446,CUST10800,2026-06-25 00:00:00,28,FEMALE,Mumbai,Returning,9,Mobile,Facebook,11.8,7,3,Beauty,Perfume,3166,No,0,Yes,15,Yes,No,0,Credit Card,Express,,
SES505480,CUST10525,2026-04-26 00:00:00,36,FEMALE,Lucknow,Returning,7,Desktop,Email,3.8,3,3,Electronics,Power Bank,28916,No,0,No,0,No,Yes,55145,UPI,Standard,4,3
SES505483,CUST10862,2025-01-15 00:00:00,30,MALE,Jaipur,New,0,Mobile,Direct,22.1,8,5,Books,Academic Book,1817,Yes,3463,No,0,No,Yes,2940,UPI,Standard,3.1,4.1
SES505688,CUST10019,2025-04-19 00:00:00,27,FEMALE,Ahmedabad,New,0,Mobile,Facebook,12.9,8,3,Fashion,Sneakers,6320,Yes,13352,Yes,20,No,Yes,11355,Net Banking,Standard,5,3.1
SES504343,CUST11205,2025-06-07 00:00:00,18,MALE,Bangalore,New,0,Desktop,Google,11.1,5,5,Home & Kitchen,Bedsheet,747,Yes,1462,No,0,No,Yes,906,Credit Card,Express,4.9,3
SES505532,CUST10026,2025-10-23 00:00:00,38,MALE,Bangalore,Returning,9,Mobile,Direct,4,8,4,Electronics,Power Bank,16557,Yes,41123,No,0,No,No,0,Cash on Delivery,Standard,,
SES504916,CUST10073,2026-04-22 00:00:00,28,UNKNOWN,Delhi,New,0,Mobile,YouTube,16.2,6,2,Home & Kitchen,Cookware Set,4358,Yes,6266,Yes,15,Yes,Yes,3709,Credit Card,Standard,3.3,4.9
SES502857,CUST10397,2025-07-21 00:00:00,35,MALE,Mumbai,New,0,Mobile,Instagram,4.5,7,5,Books,Self Help Book,2317,No,0,No,0,No,No,0,Cash on Delivery,Standard,,
SES501862,CUST11383,2025-08-12 00:00:00,37,MALE,Delhi,New,0,Mobile,Email,11.2,8,7,Fashion,Jacket,4062,Yes,6530,Yes,15,Yes,Yes,4158,UPI,Standard,4,2.8
SES502660,CUST10165,2026-04-21 00:00:00,22,MALE,Mumbai,Returning,5,Desktop,Google,15,8,2,Books,Fiction Book,725,No,0,Yes,30,Yes,No,0,Credit Card,Standard,,
SES505818,CUST10418,2025-04-10 00:00:00,18,MALE,Hyderabad,New,0,Mobile,Instagram,5.7,9,7,Home & Kitchen,Table Lamp,13448,No,0,No,0,No,No,0,Wallet,Standard,,
SES500641,CUST10061,2025-07-27 00:00:00,18,MALE,Pune,New,0,Mobile,Google,10.7,6,5,Sports,Cricket Bat,2242,No,0,Yes,20,No,No,0,Cash on Delivery,Standard,,
SES504130,CUST10429,2026-03-26 00:00:00,45,MALE,Delhi,Returning,12,Desktop,Facebook,1.3,5,3,Beauty,Face Wash,2510,No,0,No,0,No,No,0,Credit Card,Same Day,,
SES501010,CUST12082,2026-05-30 00:00:00,19,FEMALE,Delhi,Returning,9,Mobile,Google,24.5,6,5,Electronics,Headphones,3165,No,0,Yes,25,Yes,No,0,Credit Card,Standard,,
SES505897,CUST10750,2025-11-29 00:00:00,35,MALE,Ahmedabad,Returning,15,Mobile,Email,9.9,6,5,Beauty,Face Wash,930,No,0,No,0,No,Yes,2044,Cash on Delivery,Express,4.8,3.9
SES500638,CUST10093,2026-02-26 00:00:00,26,MALE,Kolkata,Returning,13,Mobile,YouTube,18.5,7,9,Home & Kitchen,Cookware Set,5602,No,0,No,0,No,No,0,Credit Card,Standard,,
SES505472,CUST10309,2025-12-23 00:00:00,23,FEMALE,Pune,Returning,14,Mobile,Instagram,8.3,5,6,Fashion,T-Shirt,4608,No,0,Yes,15,Yes,No,0,UPI,Standard,,
SES504528,CUST10600,2025-10-05 00:00:00,41,MALE,Bangalore,New,0,Desktop,Instagram,6,6,3,Books,Fiction Book,1224,Yes,1648,Yes,15,No,Yes,1770,Debit Card,Standard,3.4,4
SES502309,CUST10588,2025-02-28 00:00:00,30,FEMALE,Lucknow,Returning,6,Mobile,Facebook,10.2,7,4,Fashion,Jacket,1718,No,0,Yes,15,Yes,Yes,1436,Cash on Delivery,Standard,4.3,4.5
SES505894,CUST11575,2025-05-09 00:00:00,23,MALE,Hyderabad,New,1,Mobile,Instagram,5.9,2,5,Beauty,Perfume,1649,No,0,Yes,20,Yes,No,0,Credit Card,Same Day,,
SES503146,CUST10407,2026-05-01 00:00:00,30,FEMALE,Chennai,Returning,13,Mobile,Google,4.1,10,3,Fashion,Jacket,6475,Yes,7961,Yes,20,No,Yes,8073,Wallet,Standard,3.7,3.3
SES503823,CUST10406,2026-01-27 00:00:00,29,MALE,Bangalore,New,0,Mobile,Facebook,7.1,8,6,Books,Self Help Book,1403,No,0,No,0,No,No,0,Wallet,Standard,,
SES502097,CUST11327,2026-03-16 00:00:00,29,MALE,Jaipur,New,0,Mobile,Direct,15.1,5,4,Home & Kitchen,Table Lamp,4240,Yes,8267,No,0,No,Yes,5901,Credit Card,Standard,2.6,4
SES503552,CUST11706,2025-03-28 00:00:00,37,MALE,Delhi,New,0,Desktop,Email,7.5,12,3,Fashion,Jacket,3036,No,0,No,0,No,No,0,Net Banking,Standard,,
SES501957,CUST11641,2025-03-19 00:00:00,33,MALE,Kolkata,Returning,10,Desktop,Google,7.9,3,3,Home & Kitchen,Bedsheet,14841,Yes,20970,No,0,No,Yes,23379,Cash on Delivery,Express,3.9,3.4
SES501373,CUST10102,2025-09-10 00:00:00,19,MALE,Hyderabad,New,0,Mobile,Facebook,8.7,4,2,Beauty,Shampoo,1617,Yes,1435,No,0,No,No,0,Cash on Delivery,Express,,
SES505733,CUST10307,2025-02-08 00:00:00,33,MALE,Bangalore,Returning,2,Mobile,Google,10.8,9,2,Home & Kitchen,Storage Box,7073,No,0,Yes,20,Yes,No,0,Credit Card,Standard,,
SES500922,CUST10429,2025-12-10 00:00:00,47,FEMALE,Mumbai,New,0,Mobile,Email,1.6,6,5,Electronics,Power Bank,8446,Yes,8254,Yes,15,Yes,Yes,12615,Debit Card,Express,4.3,5
SES500547,CUST12194,2025-03-09 00:00:00,18,MALE,Hyderabad,New,0,Mobile,Instagram,8,6,4,Books,Biography,571,Yes,1192,No,0,No,Yes,1251,UPI,Standard,3.7,4.8
SES501450,CUST10445,2026-03-21 00:00:00,26,MALE,Jaipur,Returning,6,Mobile,Facebook,3.8,6,3,Books,Business Book,1474,No,0,No,0,No,No,0,Cash on Delivery,Standard,,
SES502805,CUST11961,2025-05-24 00:00:00,24,FEMALE,Delhi,New,0,Mobile,Instagram,3.2,11,3,Sports,Football,4602,Yes,9318,No,0,No,No,0,UPI,Standard,,
SES502611,CUST11842,2025-09-11 00:00:00,26,MALE,Delhi,New,0,Mobile,Instagram,2.7,5,6,Fashion,Jeans,1736,No,0,Yes,15,Yes,No,0,UPI,Standard,,
SES501901,CUST10546,2026-06-26 00:00:00,36,FEMALE,Chennai,New,0,Mobile,Instagram,16.1,8,4,Fashion,T-Shirt,4803,No,0,Yes,15,No,No,0,UPI,Standard,,
SES502758,CUST10162,2025-09-03 00:00:00,35,MALE,Jaipur,Returning,10,Mobile,Google,11.6,5,5,Electronics,Smart Watch,6522,Yes,13738,No,0,No,Yes,8332,Credit Card,Express,4.1,3.5
SES502029,CUST10515,2025-03-13 00:00:00,18,MALE,Kolkata,Returning,12,Mobile,YouTube,22.5,6,4,Electronics,Headphones,12426,No,0,Yes,10,Yes,Yes,15867,Cash on Delivery,Express,4.6,3
SES502302,CUST11419,2025-10-28 00:00:00,33,FEMALE,Delhi,New,1,Mobile,Google,14.2,11,5,Beauty,Lipstick,3304,No,0,Yes,20,No,No,0,UPI,Express,,
SES501886,CUST12010,2025-01-30 00:00:00,52,MALE,Delhi,New,0,Desktop,Google,6.2,6,9,Beauty,Perfume,3162,Yes,2962,No,0,No,Yes,3716,UPI,Standard,4.4,3.8
SES501643,CUST10051,2025-09-06 00:00:00,35,FEMALE,Hyderabad,New,0,Mobile,Email,10.9,7,4,Books,Self Help Book,1135,No,0,No,0,No,No,0,Credit Card,Express,,
SES500973,CUST10514,2025-03-21 00:00:00,18,MALE,Lucknow,New,0,Desktop,Google,17.9,5,5,Home & Kitchen,Cookware Set,897,Yes,1494,Yes,15,No,No,0,Credit Card,Standard,,
SES505798,CUST11644,2025-06-26 00:00:00,26,FEMALE,Ahmedabad,New,0,Desktop,Email,8.6,10,2,Fashion,Kurta,4592,No,0,Yes,10,Yes,No,0,Credit Card,Standard,,
SES502098,CUST10971,2026-03-25 00:00:00,29,FEMALE,Hyderabad,New,1,Desktop,Google,5.7,6,5,Electronics,Headphones,25640,Yes,59078,Yes,10,Yes,No,0,Credit Card,Standard,,
SES505236,CUST10101,2025-07-10 00:00:00,43,MALE,Jaipur,New,0,Mobile,Direct,10.6,9,5,Electronics,Headphones,29797,No,0,No,0,No,No,0,Credit Card,Standard,,
SES504601,CUST10508,2025-12-10 00:00:00,26,FEMALE,Kolkata,Returning,5,Mobile,Email,9.3,9,7,Electronics,Headphones,26542,Yes,37533,Yes,20,No,Yes,27223,Cash on Delivery,Express,4.5,3.6
SES505418,CUST10410,2025-11-28 00:00:00,46,MALE,Delhi,Returning,4,Desktop,Facebook,23.4,4,5,Beauty,Moisturizer,1425,No,0,No,0,No,No,0,UPI,Standard,,
SES505994,CUST11722,2025-11-17 00:00:00,33,MALE,Delhi,New,0,Mobile,Google,17.2,6,4,Home & Kitchen,Storage Box,7361,No,0,No,0,No,No,0,UPI,Standard,,
SES500837,CUST11933,2025-12-30 00:00:00,37,MALE,Kolkata,Returning,6,Desktop,Email,7,7,3,Home & Kitchen,Storage Box,12867,No,0,Yes,20,Yes,No,0,Debit Card,Standard,,
SES500602,CUST11330,2026-03-18 00:00:00,48,FEMALE,Delhi,Returning,8,Desktop,Instagram,15.7,9,3,Home & Kitchen,Bedsheet,1016,No,0,Yes,20,Yes,No,0,Credit Card,Standard,,
SES502185,CUST11337,2026-05-20 00:00:00,50,FEMALE,Pune,New,0,Desktop,Google,9.7,5,6,Home & Kitchen,Table Lamp,4402,No,0,Yes,15,Yes,No,0,Wallet,Standard,,
SES504794,CUST10085,2025-04-11 00:00:00,29,MALE,Kolkata,Returning,9,Mobile,Direct,4,10,2,Home & Kitchen,Table Lamp,6104,No,0,Yes,20,Yes,No,0,Credit Card,Standard,,
SES503556,CUST11849,2026-01-06 00:00:00,20,FEMALE,Delhi,Returning,10,Desktop,Google,4,6,6,Beauty,Perfume,3892,No,0,No,0,No,Yes,3901,Credit Card,Standard,3,4.5
SES505175,CUST10125,2025-06-24 00:00:00,40,MALE,Kolkata,New,0,Mobile,Instagram,8,4,6,Fashion,Jeans,3349,Yes,3316,Yes,20,Yes,No,0,Wallet,Standard,,
SES501583,CUST11988,2026-02-04 00:00:00,37,FEMALE,Chennai,New,0,Desktop,Direct,12.1,11,4,Home & Kitchen,Storage Box,9431,No,0,Yes,30,No,Yes,15897,UPI,Standard,3.1,2.8
SES505170,CUST11040,2025-07-07 00:00:00,34,MALE,Mumbai,Returning,14,Mobile,Direct,5.3,8,3,Books,Business Book,1580,No,0,No,0,No,No,0,Cash on Delivery,Same Day,,
SES503623,CUST10166,2026-01-11 00:00:00,30,MALE,Bangalore,New,0,Mobile,Direct,12.3,9,3,Electronics,Power Bank,31445,No,0,Yes,10,Yes,No,0,UPI,Express,,
SES505204,CUST11633,2025-05-08 00:00:00,20,FEMALE,Mumbai,Returning,6,Mobile,Google,4.7,6,6,Fashion,Sneakers,1027,No,0,No,0,No,Yes,1797,UPI,Standard,3.1,4.3
SES501071,CUST11637,2025-06-21 00:00:00,34,FEMALE,Mumbai,New,1,Mobile,Google,3.4,7,5,Electronics,Bluetooth Speaker,25538,No,0,Yes,10,Yes,No,0,Credit Card,Standard,,
SES501776,CUST11687,2025-09-12 00:00:00,38,MALE,Lucknow,Returning,4,Mobile,Instagram,9.5,3,2,Beauty,Lipstick,969,Yes,1708,No,0,No,Yes,1178,Net Banking,Standard,4,3.7
SES505797,CUST12181,2025-09-18 00:00:00,45,FEMALE,New Delhi,Returning,6,Mobile,YouTube,9.4,9,4,Sports,Football,5333,No,0,No,0,No,No,0,Net Banking,Standard,,
SES501284,CUST10484,2025-05-06 00:00:00,28,FEMALE,Jaipur,Returning,7,Desktop,Google,1.8,7,6,Fashion,Sneakers,6498,No,0,Yes,10,Yes,No,0,Debit Card,Standard,,
SES505013,CUST10611,2025-11-08 00:00:00,39,FEMALE,Delhi,Returning,6,Desktop,Email,13.2,7,2,Electronics,Headphones,14132,Yes,17086,No,0,No,Yes,28440,Cash on Delivery,Standard,4.2,3
SES504404,CUST12040,2025-04-02 00:00:00,33,FEMALE,Bangalore,Returning,2,Mobile,Referral,13.6,8,3,Fashion,Sneakers,2082,Yes,2435,No,0,No,Yes,2241,Wallet,Express,3.9,3.6
SES505732,CUST11993,2026-02-07 00:00:00,34,FEMALE,Mumbai,New,0,Mobile,Direct,8.8,3,5,Fashion,Jeans,2225,Yes,2746,Yes,15,Yes,Yes,2264,CREDIT CARD,Standard,3.9,4
SES501837,CUST10254,2026-02-22 00:00:00,23,FEMALE,Chennai,New,0,Mobile,Direct,19.9,9,6,Books,Fiction Book,2249,Yes,5445,No,0,No,No,0,UPI,Standard,,
SES505099,CUST10295,2026-04-23 00:00:00,30,MALE,Jaipur,New,0,Tablet,Direct,17.8,7,4,Books,Self Help Book,441,No,0,No,0,No,No,0,UPI,Express,,
SES501020,CUST10610,2025-09-08 00:00:00,46,MALE,Bangalore,Returning,11,Mobile,Direct,7.3,10,3,Fashion,T-Shirt,1937,No,0,No,0,No,No,0,UPI,Standard,,
SES500971,CUST11309,2026-03-29 00:00:00,36,MALE,Jaipur,New,0,Mobile,Instagram,16.1,6,2,Home & Kitchen,Bedsheet,5251,No,0,Yes,10,No,No,0,UPI,Express,,
SES501327,CUST11856,2026-01-15 00:00:00,18,MALE,Ahmedabad,Returning,4,Mobile,Instagram,3.1,10,2,Electronics,Headphones,1430,No,0,No,0,No,No,0,Debit Card,Express,,
SES505190,CUST10548,2026-04-01 00:00:00,37,MALE,Mumbai,Returning,2,Mobile,Direct,5.9,11,5,Fashion,T-Shirt,3441,Yes,7701,Yes,25,Yes,Yes,6185,Wallet,Standard,4.5,3.8
SES500476,CUST10653,2026-06-06 00:00:00,18,FEMALE,Mumbai,New,0,Mobile,Direct,9.1,8,5,Books,Academic Book,553,No,0,Yes,15,Yes,No,0,Debit Card,Standard,,
SES502811,CUST11643,2026-01-14 00:00:00,36,FEMALE,Delhi,Returning,2,Mobile,Facebook,19.4,8,2,Electronics,Power Bank,25528,No,0,No,0,No,No,0,UPI,Same Day,,
SES504519,CUST10376,2026-05-08 00:00:00,18,MALE,Mumbai,New,0,Mobile,Email,5.5,5,4,Electronics,Smart Watch,21382,Yes,44807,Yes,20,Yes,Yes,39788,UPI,Same Day,4.5,4.5
SES501652,CUST10964,2025-12-12 00:00:00,20,FEMALE,Kolkata,New,0,Mobile,Instagram,10.1,9,3,Fashion,T-Shirt,3689,Yes,5596,Yes,20,Yes,No,0,Credit Card,Express,,
SES505600,CUST11174,2025-07-24 00:00:00,52,MALE,Bangalore,New,1,Tablet,YouTube,25.8,6,3,Electronics,Headphones,19603,No,0,Yes,10,No,No,0,Credit Card,Express,,
SES505147,CUST11134,2025-04-28 00:00:00,20,MALE,Bangalore,Returning,12,Mobile,Google,3.2,9,3,Fashion,Sneakers,3036,No,0,No,0,No,No,0,UPI,Standard,,
SES502529,CUST10332,2026-06-05 00:00:00,26,FEMALE,Delhi,New,0,Mobile,Facebook,12.2,8,7,Electronics,Smart Watch,23415,Yes,22012,Yes,15,Yes,No,0,Cash on Delivery,Standard,,
SES503732,CUST12041,2026-01-22 00:00:00,22,FEMALE,Lucknow,New,0,Mobile,Direct,16.4,9,5,Books,Biography,1182,Yes,2064,No,0,No,Yes,2511,UPI,Same Day,3.4,4.6
SES503546,CUST11813,2026-04-03 00:00:00,35,MALE,Kolkata,Returning,2,Desktop,Google,3.4,7,3,Electronics,Smart Watch,31034,Yes,31078,No,0,No,No,0,UPI,Express,,
SES503698,CUST10942,2025-04-24 00:00:00,38,FEMALE,Mumbai,New,0,Desktop,Google,13.5,5,3,Beauty,Perfume,2466,Yes,4447,No,0,No,Yes,4903,UPI,Standard,3.8,2.9
SES501374,CUST11416,2026-05-17 00:00:00,27,FEMALE,Pune,New,1,Mobile,Referral,7.3,10,6,Books,Fiction Book,515,Yes,1053,Yes,30,Yes,No,0,UPI,Standard,,
SES500740,CUST10847,2026-06-15 00:00:00,36,MALE,Kolkata,New,0,Mobile,Google,5.9,14,3,Fashion,Jacket,5242,Yes,5714,No,0,No,No,0,Debit Card,Standard,,
SES504634,CUST10844,2025-06-09 00:00:00,36,FEMALE,Kolkata,New,0,Tablet,YouTube,15.4,9,1,Sports,Running Shoes,4038,No,0,No,0,No,No,0,Cash on Delivery,Standard,,
SES504861,CUST11939,2025-02-20 00:00:00,32,FEMALE,Bangalore,New,0,Mobile,Referral,18,6,3,Electronics,Smart Watch,17837,Yes,16087,No,0,No,Yes,28444,Debit Card,Standard,3.8,4.7
SES500868,CUST11431,2025-12-23 00:00:00,44,MALE,Mumbai,New,0,Mobile,Google,24.2,6,5,Beauty,Lipstick,3085,Yes,2490,No,0,No,Yes,6749,UPI,Standard,3.9,4.2
SES502975,CUST12098,2026-03-01 00:00:00,27,MALE,Delhi,New,0,Mobile,Direct,5.5,3,1,Beauty,Perfume,3402,Yes,6640,No,0,No,Yes,5436,UPI,Standard,4.2,5
SES501141,CUST11772,2026-04-10 00:00:00,29,MALE,Delhi,Returning,11,Mobile,Referral,21.8,5,5,Sports,Football,10980,Yes,24326,No,0,No,No,0,Debit Card,Standard,,
SES500998,CUST11305,2026-05-30 00:00:00,28,MALE,Mumbai,New,0,Mobile,Instagram,4.7,8,3,Beauty,Moisturizer,4395,No,0,Yes,15,Yes,No,0,UPI,Same Day,,
SES501338,CUST11051,2025-11-02 00:00:00,28,MALE,Delhi,New,0,Desktop,Google,10.2,9,5,Sports,Running Shoes,4368,No,0,No,0,No,No,0,UPI,Express,,
SES500542,CUST10877,2026-05-13 00:00:00,41,MALE,Mumbai,New,0,Mobile,Facebook,25.1,7,3,Home & Kitchen,Bedsheet,3715,Yes,4648,No,0,No,Yes,7645,Debit Card,Standard,5,4.5
SES501100,CUST10827,2025-06-18 00:00:00,42,FEMALE,Pune,New,1,Mobile,Direct,14.9,3,4,Sports,Cricket Bat,6042,No,0,Yes,15,No,No,0,UPI,Standard,,
SES501133,CUST10958,2025-08-14 00:00:00,27,MALE,Bangalore,New,0,Mobile,Referral,9.1,3,4,Home & Kitchen,Coffee Maker,10794,Yes,15876,No,0,No,No,0,Debit Card,Standard,,
SES505851,CUST10667,2025-11-28 00:00:00,43,FEMALE,Delhi,Returning,9,Desktop,Google,6.5,8,2,Electronics,Power Bank,6502,No,0,Yes,15,Yes,No,0,Credit Card,Standard,,
SES503886,CUST11867,2025-11-23 00:00:00,33,FEMALE,Jaipur,New,0,Mobile,Instagram,2.7,4,4,Sports,Yoga Mat,5151,No,0,No,0,No,No,0,UPI,Same Day,,
SES502259,CUST10905,2025-01-16 00:00:00,18,MALE,Delhi,New,0,Desktop,Direct,3.1,6,8,Electronics,Power Bank,23301,Yes,42474,Yes,10,Yes,Yes,18932,UPI,Express,4.3,5
SES504869,CUST11463,2026-03-30 00:00:00,25,MALE,Kolkata,New,0,Mobile,Google,4.9,7,1,Books,Academic Book,949,Yes,2260,No,0,No,Yes,2076,Wallet,Standard,4.3,2
SES503391,CUST10964,2025-02-24 00:00:00,45,FEMALE,Lucknow,Returning,3,Desktop,Email,11,5,2,Fashion,Sneakers,757,No,0,Yes,20,Yes,Yes,1090,cash on delivery,Express,3.1,5
SES502963,CUST11947,2025-05-26 00:00:00,45,MALE,Mumbai,Returning,9,Mobile,Google,12.7,6,1,Home & Kitchen,Coffee Maker,12931,Yes,14732,Yes,5,No,No,0,UPI,Standard,,
SES500060,CUST10338,2025-10-31 00:00:00,39,MALE,Kolkata,New,0,Mobile,Direct,13.7,4,5,Books,Biography,1915,Yes,4381,No,0,No,Yes,2647,Credit Card,Standard,3.1,3.2
SES503260,CUST10403,2026-05-06 00:00:00,19,MALE,Pune,Returning,8,Mobile,Facebook,11.7,11,1,Beauty,Perfume,2728,No,0,No,0,No,No,0,Debit Card,Express,,
SES502207,CUST10529,2026-06-24 00:00:00,31,MALE,Mumbai,Returning,5,Mobile,Google,8.5,7,7,Beauty,Face Wash,3675,No,0,Yes,10,No,Yes,5244,UPI,Standard,4,2.9
SES501939,CUST10436,2025-03-19 00:00:00,36,MALE,Hyderabad,Returning,11,Tablet,YouTube,7,8,3,Electronics,Headphones,32431,Yes,31573,Yes,10,Yes,No,0,Credit Card,Express,,
SES503691,CUST11960,2025-06-23 00:00:00,20,MALE,Delhi,New,0,Desktop,Google,5.3,4,4,Beauty,Lipstick,4193,Yes,5652,No,0,No,No,0,credit card,Express,,
SES505959,CUST11987,2025-06-05 00:00:00,36,FEMALE,Delhi,New,0,Mobile,YouTube,7,6,3,Electronics,Bluetooth Speaker,8809,Yes,10250,No,0,No,No,0,Wallet,Express,,
SES503435,CUST10638,2025-05-30 00:00:00,24,MALE,Mumbai,Returning,9,Mobile,Referral,15.1,13,2,Books,Academic Book,2255,No,0,Yes,5,Yes,Yes,3040,Cash on Delivery,Standard,4.5,4.5
SES502814,CUST11698,2025-03-27 00:00:00,18,MALE,Mumbai,Returning,4,Mobile,Instagram,16.8,9,2,Electronics,Bluetooth Speaker,6779,No,0,No,0,No,No,0,Wallet,Standard,,
SES505219,CUST11984,2025-08-20 00:00:00,42,FEMALE,Hyderabad,New,0,Mobile,Google,1.1,4,3,Beauty,Perfume,268,No,0,No,0,No,No,0,Credit Card,Standard,,
SES503460,CUST10093,2025-10-27 00:00:00,23,MALE,Ahmedabad,New,0,Mobile,Instagram,11,8,7,Beauty,Shampoo,3482,No,0,Yes,5,No,No,0,Debit Card,Express,,
SES501079,CUST11800,2026-06-13 00:00:00,22,FEMALE,Chennai,New,0,Mobile,Google,7.2,4,4,Fashion,Kurta,6189,No,0,No,0,No,No,0,Debit Card,Standard,,
SES504557,CUST12127,2026-05-26 00:00:00,47,MALE,Delhi,Returning,9,Mobile,Facebook,8.3,11,4,Beauty,Shampoo,2524,Yes,2948,Yes,10,Yes,Yes,3906,UPI,Standard,5,3.3
SES505779,CUST12043,2025-09-17 00:00:00,30,MALE,Pune,New,0,Desktop,Direct,2.6,5,5,Fashion,Sneakers,1542,No,0,Yes,20,Yes,No,0,Credit Card,Same Day,,
SES504296,CUST11033,2026-05-21 00:00:00,30,FEMALE,Delhi,New,0,Mobile,Google,4.8,8,1,Beauty,Face Wash,1461,No,0,No,0,No,Yes,3210,Cash on Delivery,Standard,4,2.9
SES503756,CUST11880,2025-07-12 00:00:00,35,FEMALE,Pune,New,0,Mobile,Referral,4.5,7,1,Beauty,Lipstick,3807,No,0,No,0,No,No,0,Debit Card,Standard,,
SES505207,CUST10617,2026-04-12 00:00:00,34,FEMALE,Jaipur,Returning,2,Mobile,Direct,5.2,4,6,Beauty,Perfume,3504,No,0,No,0,No,Yes,3339,UPI,Standard,4.1,5
SES502631,CUST10068,2025-10-18 00:00:00,41,MALE,Delhi,Returning,5,Mobile,Instagram,18.9,5,3,Home & Kitchen,Coffee Maker,727,No,0,No,0,No,No,0,UPI,Express,,
SES504827,CUST12149,2026-04-14 00:00:00,24,FEMALE,Bangalore,New,0,Mobile,Instagram,5.9,12,1,Beauty,Perfume,1355,Yes,2495,No,0,No,Yes,2090,Net Banking,Standard,4,4.6
SES503564,CUST10791,2025-02-18 00:00:00,31,FEMALE,Pune,New,0,Mobile,Referral,9.4,9,5,Home & Kitchen,Table Lamp,12096,Yes,16576,No,0,No,No,0,Debit Card,Standard,,
SES503448,CUST11533,2026-06-19 00:00:00,20,MALE,Kolkata,Returning,2,Tablet,Direct,15.7,13,3,Fashion,Jacket,2075,No,0,Yes,10,Yes,No,0,UPI,Express,,
SES500941,CUST12135,2025-06-23 00:00:00,18,FEMALE,Chennai,New,0,Mobile,Referral,5.8,7,4,Home & Kitchen,Storage Box,3633,Yes,8587,Yes,15,Yes,No,0,UPI,Same Day,,
SES501081,CUST11509,2025-08-28 00:00:00,32,MALE,Delhi,Returning,3,Desktop,Direct,8,8,4,Sports,Running Shoes,7599,No,0,No,0,No,No,0,UPI,Express,,
SES500188,CUST11803,2025-05-06 00:00:00,51,FEMALE,Ahmedabad,New,0,Desktop,Google,4.6,5,2,Electronics,Smart Watch,12348,No,0,No,0,No,No,0,Cash on Delivery,Standard,,
SES505844,CUST10688,2025-04-05 00:00:00,22,MALE,Chennai,New,1,Tablet,Google,3.6,7,5,Electronics,Power Bank,16321,No,0,No,0,No,No,0,Debit Card,Express,,
SES504155,CUST11642,2025-09-14 00:00:00,20,FEMALE,Delhi,New,1,Mobile,Google,7.3,7,2,Books,Academic Book,1271,Yes,2486,Yes,15,Yes,Yes,,UPI,Standard,5,3.3
SES502086,CUST10432,2025-03-05 00:00:00,48,MALE,Jaipur,Returning,3,Desktop,Facebook,10.1,9,4,Electronics,Bluetooth Speaker,29345,No,0,Yes,10,Yes,No,0,Credit Card,Standard,,
SES502250,CUST11815,2025-02-10 00:00:00,18,MALE,Kolkata,Returning,3,Mobile,Instagram,13.1,11,3,Books,Academic Book,741,No,0,No,0,No,No,0,Wallet,Standard,,
SES503729,CUST10906,2025-04-07 00:00:00,19,FEMALE,Jaipur,New,0,Mobile,Google,11.3,8,7,Electronics,Power Bank,33638,Yes,65639,Yes,15,No,Yes,34592,UPI,Same Day,3.4,3.1
SES505903,CUST10049,2026-06-01 00:00:00,22,MALE,Delhi,Returning,8,Tablet,Direct,4.1,10,5,Electronics,Headphones,3312,No,0,Yes,30,Yes,No,0,UPI,Standard,,
SES502024,CUST12184,2025-12-25 00:00:00,37,FEMALE,Unknown,New,0,Mobile,Direct,6.9,7,2,Fashion,Kurta,3777,No,0,No,0,No,No,0,Debit Card,Express,,
SES503836,CUST11279,2025-10-06 00:00:00,18,FEMALE,Mumbai,New,0,Mobile,Facebook,11.7,6,5,Fashion,Sneakers,3121,No,0,No,0,No,No,0,UPI,Same Day,,
SES501493,CUST10381,2025-02-07 00:00:00,31,MALE,Delhi,New,0,Mobile,Instagram,5.1,3,5,Fashion,Sneakers,3237,No,0,No,0,No,No,0,Cash on Delivery,Express,,
SES504627,CUST11994,2026-03-12 00:00:00,18,FEMALE,Delhi,Returning,5,Desktop,Facebook,8,7,8,Sports,Football,5930,Yes,8401,Yes,5,Yes,Yes,4733,UPI,Express,5,4.7
SES504087,CUST11954,2025-11-19 00:00:00,26,MALE,Delhi,New,0,Desktop,Facebook,6,5,4,Electronics,Power Bank,2510,Yes,3097,Yes,15,Yes,No,0,Credit Card,Same Day,,
SES500227,CUST10398,2025-05-17 00:00:00,25,MALE,Jaipur,Returning,11,Mobile,Referral,4,5,8,Books,Fiction Book,716,No,0,Yes,5,Yes,No,0,UPI,Standard,,
SES501014,CUST11623,2025-01-26 00:00:00,18,FEMALE,Mumbai,New,0,Mobile,YouTube,12.6,4,2,Books,Fiction Book,1978,No,0,No,0,No,No,0,Cash on Delivery,Standard,,
SES502584,CUST10833,2025-11-07 00:00:00,39,UNKNOWN,Kolkata,New,0,Mobile,Google,10.1,4,3,Beauty,Lipstick,3410,Yes,2764,No,0,No,Yes,4957,Cash on Delivery,Standard,2.8,4.4
SES501930,CUST10087,2026-05-22 00:00:00,18,MALE,Delhi,New,0,Mobile,Facebook,8.1,7,2,Fashion,Sneakers,6140,No,0,No,0,No,No,0,Net Banking,Express,,
SES504386,CUST10321,2025-09-29 00:00:00,37,MALE,Delhi,Returning,2,Mobile,Google,7.2,6,4,Beauty,Perfume,914,No,0,Yes,15,Yes,No,0,Credit Card,Express,,
SES505413,CUST10854,2025-06-17 00:00:00,34,FEMALE,Pune,New,0,Desktop,Instagram,6.6,6,2,Electronics,Wireless Earbuds,27145,Yes,40683,No,0,No,No,0,UPI,Standard,,
SES501405,CUST11987,2025-11-07 00:00:00,21,MALE,Delhi,New,0,Mobile,Instagram,13.4,4,6,Fashion,Jacket,2816,Yes,6661,Yes,15,Yes,No,0,Credit Card,Express,,
SES502180,CUST11496,2025-01-02 00:00:00,18,MALE,Hyderabad,New,0,Tablet,YouTube,11.7,10,4,Fashion,Sneakers,1193,Yes,2933,Yes,10,Yes,Yes,1361,Debit Card,Same Day,4.2,3.4
SES500698,CUST11604,2025-02-03 00:00:00,18,FEMALE,Bangalore,Returning,8,Mobile,Referral,0.5,7,3,Electronics,Bluetooth Speaker,4474,No,0,No,0,No,No,0,Credit Card,Standard,,
SES501125,CUST10251,2025-06-03 00:00:00,24,FEMALE,Ahmedabad,New,0,Mobile,Email,4.6,4,2,Beauty,Lipstick,3287,No,0,Yes,5,Yes,Yes,3632,Credit Card,Standard,4.5,3.6
SES503283,CUST10025,2025-10-02 00:00:00,47,MALE,Mumbai,New,0,Mobile,Facebook,5.9,4,5,Books,Fiction Book,428,No,0,Yes,20,No,No,0,UPI,Standard,,
SES504004,CUST10739,2025-04-29 00:00:00,39,MALE,Jaipur,Returning,15,Mobile,Google,8.4,5,5,Fashion,Sneakers,2063,Yes,2667,No,0,No,No,0,Wallet,Same Day,,
SES505298,CUST11153,2025-05-07 00:00:00,18,MALE,Chennai,New,0,Mobile,YouTube,10.1,4,6,Books,Academic Book,758,Yes,759,Yes,25,No,Yes,662,credit card,Express,2.5,3.6
SES501779,CUST10341,2025-05-21 00:00:00,33,FEMALE,Kolkata,Returning,15,Mobile,Direct,7.1,9,2,Sports,Dumbbells,806,Yes,1709,No,0,No,Yes,1736,UPI,Standard,4.1,4.3
SES502635,CUST11403,2026-04-16 00:00:00,18,MALE,Pune,Returning,13,Tablet,Instagram,9,10,2,Fashion,Sneakers,5443,No,0,No,0,No,Yes,6796,UPI,Same Day,5,2.4
SES503092,CUST10181,2025-06-13 00:00:00,47,MALE,Hyderabad,Returning,2,Mobile,Referral,16,7,6,Home & Kitchen,Cookware Set,10070,Yes,21200,No,0,No,Yes,12613,Credit Card,Standard,4.3,4.9
SES504094,CUST12194,2025-03-23 00:00:00,32,MALE,Mumbai,Returning,4,Tablet,Email,15.3,4,3,Beauty,Shampoo,1109,No,0,No,0,No,No,0,UPI,Standard,,
SES501038,CUST10187,2025-12-01 00:00:00,29,FEMALE,Hyderabad,Returning,11,Mobile,Google,1.6,6,2,Home & Kitchen,Table Lamp,5058,No,0,Yes,15,Yes,No,0,Net Banking,Express,,
SES505020,CUST11048,2026-05-01 00:00:00,27,FEMALE,Delhi,New,0,Desktop,Referral,15.7,7,2,Electronics,Headphones,19058,Yes,22688,Yes,5,Yes,Yes,37307,Net Banking,Standard,3.7,2.4
SES502257,CUST11321,2026-04-30 00:00:00,21,FEMALE,Delhi,Returning,2,Desktop,Facebook,6.7,8,4,Electronics,Smart Watch,8642,No,0,No,0,No,No,0,Debit Card,Standard,,
SES505801,CUST10908,2025-12-14 00:00:00,37,MALE,Kolkata,New,0,Tablet,Google,4.1,7,4,Sports,Running Shoes,4878,Yes,10690,No,0,No,No,0,UPI,Same Day,,
SES505965,CUST10581,2026-04-08 00:00:00,20,MALE,Mumbai,Returning,2,Mobile,YouTube,11.6,8,3,Electronics,Power Bank,15681,Yes,18368,No,0,No,No,0,Credit Card,Same Day,,
SES500314,CUST11127,2025-11-09 00:00:00,30,FEMALE,Lucknow,Returning,10,Mobile,Email,4,3,2,Electronics,Headphones,31995,No,0,Yes,5,No,No,0,Credit Card,Same Day,,
SES502650,CUST11628,2026-04-18 00:00:00,37,FEMALE,Chennai,New,0,Desktop,Direct,4.3,5,2,Sports,Running Shoes,8458,Yes,17950,Yes,25,No,No,0,Debit Card,Standard,,
SES502282,CUST11911,2025-11-15 00:00:00,27,MALE,Mumbai,Returning,6,Mobile,Facebook,6.1,6,3,Sports,Dumbbells,9545,No,0,No,0,No,No,0,UPI,Standard,,
SES503735,CUST11320,2025-04-30 00:00:00,24,FEMALE,Hyderabad,Returning,5,Mobile,Google,9.4,7,2,Electronics,Bluetooth Speaker,22230,Yes,24846,Yes,5,Yes,Yes,33875,Wallet,Standard,4.5,3.5
SES504311,CUST11171,2026-05-20 00:00:00,28,MALE,Jaipur,New,1,Mobile,Facebook,3.6,8,2,Fashion,T-Shirt,5932,Yes,5737,No,0,No,Yes,11407,Debit Card,Standard,4.6,3.1
SES502548,CUST11936,2025-03-03 00:00:00,25,MALE,Delhi,New,0,Mobile,YouTube,4.5,7,2,Sports,Running Shoes,929,No,0,Yes,20,No,No,0,UPI,Express,,
SES501417,CUST10111,2025-03-31 00:00:00,39,MALE,Delhi,New,0,Desktop,Google,4.3,9,2,Fashion,Kurta,3511,Yes,4050,Yes,10,Yes,Yes,2967,Credit Card,Express,4.2,4.6
SES501037,CUST11137,2026-01-07 00:00:00,39,MALE,Hyderabad,Returning,13,Mobile,Referral,7.8,10,4,Beauty,Lipstick,4703,No,0,No,0,No,No,0,Cash on Delivery,Standard,,
SES502160,CUST10632,2026-04-19 00:00:00,22,FEMALE,Hyderabad,Returning,11,Mobile,Email,9.3,3,7,Books,Business Book,842,No,0,No,0,No,No,0,UPI,Express,,
SES502985,CUST11163,2025-07-09 00:00:00,19,MALE,Mumbai,New,0,Mobile,Instagram,2.2,4,3,Electronics,Power Bank,24015,Yes,28262,No,0,No,No,0,UPI,Express,,
SES503138,CUST11215,2025-02-11 00:00:00,34,MALE,Bangalore,Returning,2,Mobile,Direct,10.5,5,4,Beauty,Shampoo,1350,Yes,1998,No,0,No,Yes,2909,UPI,Express,3.9,4.3
SES505007,CUST11413,2025-03-02 00:00:00,35,MALE,Bangalore,Returning,7,Mobile,Instagram,10.8,7,4,Fashion,Sneakers,6305,Yes,10608,No,0,No,No,0,UPI,Standard,,
SES501755,CUST10657,2025-03-03 00:00:00,36,MALE,Lucknow,New,0,Desktop,Facebook,8.1,9,6,Electronics,Headphones,30192,Yes,36140,No,0,No,No,0,Cash on Delivery,Standard,,
SES505387,CUST11421,2026-04-25 00:00:00,36,MALE,Mumbai,New,0,Desktop,Google,11.8,8,2,Beauty,Lipstick,301,Yes,447,Yes,25,Yes,Yes,374,UPI,Express,4.1,4
SES504274,CUST10285,2025-11-03 00:00:00,19,FEMALE,Hyderabad,New,0,Mobile,YouTube,5.5,10,4,Fashion,Kurta,6335,Yes,15722,No,0,No,No,0,Credit Card,Standard,,
SES503860,CUST11521,2026-03-26 00:00:00,22,MALE,Bangalore,New,0,Desktop,Instagram,11.7,8,3,Home & Kitchen,Table Lamp,5359,Yes,9705,No,0,No,Yes,10467,Debit Card,Express,4.7,4.3
SES503667,CUST10833,2025-09-05 00:00:00,35,MALE,Pune,New,0,Desktop,YouTube,3.3,4,4,Fashion,Jeans,2081,No,0,No,0,No,No,0,Credit Card,Standard,,
SES502521,CUST11348,2026-03-11 00:00:00,32,FEMALE,Hyderabad,Returning,10,Mobile,Facebook,12.2,9,6,Electronics,Headphones,20922,Yes,31583,No,0,No,Yes,27749,Debit Card,Express,4.1,5
SES500874,CUST10567,2026-05-11 00:00:00,18,MALE,Pune,New,0,Mobile,Facebook,3.7,8,6,Sports,Dumbbells,10477,Yes,18084,No,0,No,No,0,UPI,Express,,
SES504454,CUST10508,2025-07-04 00:00:00,34,MALE,Mumbai,Returning,2,Tablet,YouTube,6.7,4,5,Home & Kitchen,Table Lamp,10485,Yes,9585,Yes,15,Yes,No,0,Credit Card,Express,,
SES504513,CUST11601,2025-06-13 00:00:00,36,FEMALE,Chennai,New,0,Desktop,Instagram,1.5,7,5,Home & Kitchen,Table Lamp,3971,No,0,Yes,10,Yes,No,0,UPI,Express,,
SES501507,CUST11448,2026-01-07 00:00:00,18,FEMALE,Ahmedabad,New,0,Desktop,Google,8.4,9,1,Sports,Yoga Mat,1475,No,0,No,0,No,No,0,Wallet,Standard,,
SES503935,CUST10308,2025-08-06 00:00:00,18,MALE,Bangalore,New,0,Desktop,YouTube,22.5,5,5,Fashion,Jeans,1524,Yes,2141,Yes,15,Yes,Yes,1835,UPI,Standard,3.8,3.9
SES501924,CUST10856,2025-02-04 00:00:00,31,MALE,Jaipur,New,1,Mobile,Google,7.1,6,2,Beauty,Face Wash,590,No,0,No,0,No,No,0,UPI,Standard,,
SES500449,CUST11543,2025-05-03 00:00:00,26,FEMALE,Mumbai,New,1,Tablet,Facebook,15.5,10,2,Fashion,Jeans,2317,Yes,5122,No,0,No,Yes,4466,UPI,Same Day,3.5,4
SES503500,CUST10542,2025-02-10 00:00:00,36,FEMALE,Pune,New,0,Desktop,YouTube,10.5,4,5,Beauty,Face Wash,731,Yes,706,Yes,20,Yes,No,0,Cash on Delivery,Same Day,,
SES503615,CUST11905,2025-07-02 00:00:00,30,FEMALE,Hyderabad,New,0,Mobile,Google,10.7,10,6,Sports,Yoga Mat,5716,Yes,9626,No,0,No,No,0,UPI,Standard,,
SES505996,CUST11241,2025-03-28 00:00:00,41,FEMALE,Chennai,Returning,12,Mobile,Instagram,18.1,8,6,Beauty,Moisturizer,2124,No,0,No,0,No,Yes,1824,Debit Card,Standard,4.4,3.2
SES505909,CUST11398,2026-02-14 00:00:00,45,MALE,Ahmedabad,New,0,Mobile,Google,6.3,10,4,Electronics,Headphones,31460,No,0,Yes,10,Yes,No,0,Debit Card,Same Day,,
SES503258,CUST10950,2025-07-08 00:00:00,31,MALE,Bangalore,New,0,Mobile,Direct,2.9,7,5,Electronics,Wireless Earbuds,7341,No,0,No,0,No,No,0,UPI,Standard,,
SES500362,CUST11228,2026-04-04 00:00:00,25,MALE,Pune,Returning,10,Mobile,Instagram,11.7,6,6,Beauty,Face Wash,2063,Yes,3757,Yes,20,Yes,Yes,2502,UPI,Standard,4,3.5
SES502184,CUST12190,2025-01-01 00:00:00,18,FEMALE,Delhi,New,0,Mobile,Instagram,17.6,8,3,Electronics,Bluetooth Speaker,23892,Yes,57679,Yes,15,Yes,Yes,44740,UPI,Standard,4.7,4.9
SES501135,CUST10477,2025-01-31 00:00:00,33,FEMALE,Mumbai,Returning,14,Mobile,Referral,8.2,4,4,Electronics,Power Bank,9034,No,0,Yes,15,No,No,0,UPI,Standard,,
SES504856,CUST10491,2025-04-05 00:00:00,28,MALE,Mumbai,New,0,Mobile,Direct,7.3,7,2,Fashion,Jeans,2695,Yes,2515,Yes,10,Yes,No,0,UPI,Express,,
SES503200,CUST10451,2026-04-13 00:00:00,37,FEMALE,Delhi,New,1,Mobile,Facebook,5.6,6,6,Home & Kitchen,Coffee Maker,831,No,0,No,0,No,No,0,UPI,Express,,
SES505323,CUST11953,2025-06-15 00:00:00,30,MALE,Chennai,New,0,Desktop,Direct,14.5,10,2,Home & Kitchen,Coffee Maker,12696,Yes,26202,No,0,No,Yes,21355,upi,Standard,4.4,2.6
SES503439,CUST12031,2026-06-05 00:00:00,44,MALE,Lucknow,New,1,Mobile,Google,5.9,11,5,Home & Kitchen,Coffee Maker,6726,No,0,Yes,5,Yes,No,0,Wallet,Same Day,,
SES502156,CUST10903,2025-08-26 00:00:00,50,MALE,Lucknow,New,0,Mobile,Facebook,17.9,5,4,Fashion,T-Shirt,4828,Yes,5392,Yes,15,Yes,No,0,Credit Card,Standard,,
SES501831,CUST10846,2025-02-27 00:00:00,49,FEMALE,Delhi,New,1,Mobile,Referral,5.9,7,5,Home & Kitchen,Table Lamp,11016,No,0,Yes,15,Yes,No,0,UPI,Standard,,
SES501054,CUST11525,2025-08-05 00:00:00,53,FEMALE,Pune,Returning,14,Mobile,YouTube,14.1,5,3,Electronics,Bluetooth Speaker,29438,Yes,51314,Yes,5,No,No,0,Debit Card,Same Day,,
SES502461,CUST10441,2025-05-21 00:00:00,39,MALE,Delhi,Returning,12,Mobile,Google,2,9,3,Home & Kitchen,Coffee Maker,10210,Yes,8633,No,0,No,Yes,17374,Debit Card,Standard,3.8,4.4
SES500023,CUST11083,2025-08-24 00:00:00,18,MALE,Delhi,New,0,Mobile,YouTube,5.8,10,5,Fashion,Jacket,911,Yes,1476,Yes,25,Yes,No,0,Credit Card,Standard,,
SES502067,CUST10941,2025-06-01 00:00:00,23,MALE,Mumbai,Returning,6,Desktop,Direct,15.6,7,3,Electronics,Wireless Earbuds,12408,Yes,25135,Yes,15,No,Yes,24726,UPI,Standard,4,3.7
SES501654,CUST11693,2026-01-31 00:00:00,21,FEMALE,Kolkata,New,0,Mobile,YouTube,14.4,4,5,Fashion,T-Shirt,6404,Yes,10427,No,0,No,No,0,credit card,Same Day,,
SES504900,CUST10623,2025-10-29 00:00:00,34,MALE,Bangalore,New,0,Desktop,Google,5.3,5,4,Home & Kitchen,Bedsheet,13094,No,0,Yes,20,Yes,No,0,Net Banking,Standard,,
SES504355,CUST11120,2026-02-04 00:00:00,37,MALE,Chennai,New,0,Desktop,Google,4.8,8,1,Beauty,Moisturizer,3987,Yes,9525,No,0,No,Yes,7465,UPI,Same Day,2.9,4.2
SES502744,CUST12015,2025-12-22 00:00:00,24,MALE,Mumbai,New,0,Mobile,Referral,9.9,7,2,Fashion,Kurta,6558,No,0,No,0,No,No,0,Debit Card,Standard,,
SES504292,CUST10841,2025-09-04 00:00:00,18,FEMALE,Chennai,New,0,Mobile,Google,10.2,10,2,Home & Kitchen,Table Lamp,1583,No,0,No,0,No,Yes,2361,UPI,Express,4.3,5
SES504898,CUST12127,2025-05-04 00:00:00,37,MALE,Bangalore,New,0,Tablet,YouTube,11.4,14,2,Beauty,Perfume,1003,No,0,Yes,10,No,No,0,Cash on Delivery,Standard,,
SES502469,CUST11876,2026-02-16 00:00:00,23,MALE,Pune,Returning,3,Desktop,Referral,6.5,7,4,Sports,Football,11741,Yes,18602,No,0,No,No,0,UPI,Express,,
SES502326,CUST10931,2025-12-14 00:00:00,29,MALE,Kolkata,New,0,Mobile,Direct,16.4,6,6,Electronics,Headphones,22047,No,0,No,0,No,No,0,Credit Card,Same Day,,
SES500461,CUST11366,2025-07-31 00:00:00,32,FEMALE,Pune,New,0,Mobile,Instagram,7.4,9,5,Fashion,Sneakers,2748,No,0,Yes,20,No,No,0,Net Banking,Express,,
SES501068,CUST10172,2026-04-14 00:00:00,29,FEMALE,Ahmedabad,Returning,12,Desktop,Referral,5.7,10,7,Books,Business Book,1539,Yes,1995,Yes,5,No,Yes,2171,UPI,Standard,3.9,4.3
SES500088,CUST10805,2025-03-15 00:00:00,43,FEMALE,Delhi,Returning,15,Mobile,Facebook,7.6,11,3,Home & Kitchen,Coffee Maker,4786,No,0,Yes,25,Yes,No,0,Credit Card,Express,,
SES501431,CUST10971,2026-05-04 00:00:00,25,FEMALE,Hyderabad,New,1,Tablet,Instagram,5.8,9,4,Home & Kitchen,Table Lamp,14162,No,0,No,0,No,No,0,Credit Card,Standard,,
SES503781,CUST12154,2025-09-10 00:00:00,25,FEMALE,Mumbai,Returning,8,Tablet,Instagram,7.2,8,1,Fashion,Jacket,6626,Yes,10727,Yes,5,Yes,Yes,5851,Debit Card,Standard,4.2,3.2
SES500283,CUST10246,2025-09-15 00:00:00,18,FEMALE,Kolkata,Returning,8,Desktop,Direct,2.6,7,4,Fashion,Sneakers,6662,No,0,No,0,No,Yes,7451,Wallet,Standard,2.9,5
SES502484,CUST10341,2025-10-10 00:00:00,32,FEMALE,Pune,New,0,Mobile,Instagram,12.9,6,3,Fashion,T-Shirt,2248,No,0,No,0,No,No,0,UPI,Standard,,
SES500463,CUST11681,2026-06-18 00:00:00,18,FEMALE,Mumbai,New,0,Desktop,Instagram,18.8,3,8,Beauty,Face Wash,4289,Yes,9899,No,0,No,No,0,Cash on Delivery,Express,,
SES500213,CUST11444,2026-05-08 00:00:00,24,MALE,Mumbai,Returning,14,Mobile,Instagram,8.6,5,3,Electronics,Headphones,32964,No,0,No,0,No,No,0,UPI,Express,,
SES502589,CUST11451,2025-12-22 00:00:00,19,FEMALE,Bangalore,New,0,Desktop,Direct,10.2,6,4,Electronics,Wireless Earbuds,12131,No,0,No,0,No,No,0,UPI,Standard,,
SES505754,CUST11750,2026-06-29 00:00:00,35,MALE,Chennai,New,0,Mobile,Google,2.2,7,3,Electronics,Bluetooth Speaker,10648,Yes,17530,Yes,15,Yes,No,0,Cash on Delivery,Standard,,
SES502908,CUST11760,2025-10-13 00:00:00,38,MALE,Pune,New,0,Mobile,YouTube,3.8,6,4,Home & Kitchen,Bedsheet,7421,No,0,Yes,30,Yes,No,0,Credit Card,Express,,
SES502582,CUST10007,2026-01-16 00:00:00,27,FEMALE,Delhi,Returning,5,Desktop,Referral,5.8,8,5,Electronics,Headphones,30938,No,0,No,0,No,No,0,Cash on Delivery,Standard,,
SES501369,CUST12059,2025-03-18 00:00:00,21,MALE,Chennai,Returning,14,Mobile,YouTube,7.2,7,2,Home & Kitchen,Cookware Set,2403,Yes,3686,No,0,No,No,0,UPI,Standard,,
SES500235,CUST10401,2025-06-24 00:00:00,45,FEMALE,Bangalore,Returning,8,Mobile,Direct,4.5,6,4,Home & Kitchen,Bedsheet,12185,No,0,Yes,25,Yes,No,0,cash on delivery,Standard,,
SES504699,CUST10557,2025-02-01 00:00:00,30,FEMALE,Bangalore,New,0,Desktop,Google,9.1,11,3,Fashion,Kurta,2251,No,0,No,0,No,No,0,UPI,Standard,,
SES500598,CUST12123,2026-06-10 00:00:00,22,FEMALE,Chennai,Returning,3,Mobile,Direct,5.1,4,5,Books,Academic Book,2109,Yes,3078,No,0,No,Yes,4125,UPI,Standard,3.9,5
SES505556,CUST10878,2025-08-10 00:00:00,34,FEMALE,Hyderabad,New,1,Mobile,Facebook,2.8,10,1,Beauty,Lipstick,4473,No,0,No,0,No,No,0,Credit Card,Standard,,
SES502251,CUST11202,2025-06-28 00:00:00,40,MALE,Chennai,Returning,15,Desktop,Google,18.7,6,4,Fashion,T-Shirt,2483,Yes,2388,Yes,10,Yes,Yes,3150,UPI,Standard,3.4,3.9
SES502284,CUST10670,2025-03-28 00:00:00,30,FEMALE,Hyderabad,Returning,4,Mobile,YouTube,12.5,4,4,Electronics,Smart Watch,24630,No,0,No,0,No,No,0,UPI,Same Day,,
SES500663,CUST11277,2025-02-28 00:00:00,25,MALE,Jaipur,Returning,15,Mobile,Instagram,15.5,8,3,Beauty,Perfume,1930,Yes,2819,Yes,20,Yes,Yes,3529,Credit Card,Standard,4.8,3.5
SES505990,CUST10888,2025-11-17 00:00:00,30,FEMALE,Bangalore,New,0,Mobile,Google,19,5,4,Beauty,Moisturizer,4977,Yes,5109,Yes,10,No,Yes,9671,Credit Card,Standard,2.7,4.6
SES502286,CUST11284,2025-10-16 00:00:00,34,MALE,Bangalore,Returning,14,Mobile,Google,1.9,10,3,Books,Self Help Book,2182,Yes,4976,No,0,No,Yes,2691,UPI,Standard,5,2.9
SES503432,CUST10758,2025-05-23 00:00:00,18,MALE,Chennai,Returning,5,Desktop,YouTube,14.4,4,1,Home & Kitchen,Storage Box,2602,Yes,2493,Yes,5,No,Yes,2824,UPI,Standard,4.2,3.9
SES505687,CUST11629,2025-05-25 00:00:00,27,FEMALE,Bangalore,Returning,12,Desktop,Facebook,6.3,6,4,Fashion,T-Shirt,6207,Yes,12755,No,0,No,Yes,7334,UPI,Standard,4.4,2.2
SES504344,CUST11410,2025-10-18 00:00:00,32,MALE,Chennai,New,0,Mobile,Instagram,11.7,5,4,Sports,Yoga Mat,6949,Yes,12380,No,0,No,Yes,11223,Debit Card,Standard,4.3,4.4
SES505840,CUST11507,2025-04-20 00:00:00,21,FEMALE,Kolkata,New,1,Desktop,Google,9.1,3,4,Electronics,Headphones,30359,No,0,Yes,25,Yes,Yes,47615,Debit Card,Standard,4.9,3.4
SES505504,CUST11132,2025-07-13 00:00:00,35,MALE,Bangalore,New,0,Mobile,Direct,8.3,5,4,Fashion,T-Shirt,3339,No,0,Yes,20,No,No,0,UPI,Express,,
SES503469,CUST10071,2025-12-05 00:00:00,30,MALE,Bangalore,Returning,5,Mobile,Facebook,5.1,10,8,Books,Academic Book,1055,No,0,No,0,No,No,0,Cash on Delivery,Standard,,
SES503581,CUST12008,2026-03-17 00:00:00,18,FEMALE,Delhi,Returning,10,Mobile,Google,3.5,1,8,Fashion,T-Shirt,4206,No,0,Yes,15,No,No,0,UPI,Standard,,
SES502991,CUST12002,2026-02-09 00:00:00,29,MALE,Mumbai,Returning,2,Desktop,Facebook,11.2,6,3,Sports,Yoga Mat,5334,Yes,8331,No,0,No,No,0,Credit Card,Express,,
SES505363,CUST11411,2026-05-06 00:00:00,28,MALE,Chennai,New,0,Mobile,Email,8.2,8,2,Beauty,Perfume,3140,No,0,No,0,No,No,0,Cash on Delivery,Express,,
SES500780,CUST10236,2025-10-04 00:00:00,18,FEMALE,Mumbai,Returning,2,Tablet,Instagram,11.2,6,4,Fashion,Kurta,542,Yes,739,No,0,No,Yes,623,UPI,Standard,4.5,3.3
SES502545,CUST11629,2025-05-30 00:00:00,19,MALE,Hyderabad,New,0,Mobile,Direct,5.3,9,5,Electronics,Bluetooth Speaker,31435,No,0,Yes,5,Yes,No,0,Cash on Delivery,Express,,
SES504479,CUST10276,2025-11-27 00:00:00,42,MALE,Delhi,New,0,Mobile,Direct,5.2,5,7,Sports,Yoga Mat,10281,Yes,11364,Yes,30,Yes,Yes,11665,UPI,Standard,3.8,4
SES504508,CUST10942,2025-08-23 00:00:00,32,FEMALE,Bangalore,New,0,Desktop,Referral,12.5,7,6,Home & Kitchen,Coffee Maker,14997,Yes,31994,Yes,25,Yes,Yes,17723,Wallet,Standard,3.9,5
SES504413,CUST10148,2026-04-24 00:00:00,38,MALE,Mumbai,Returning,9,Mobile,Email,4.6,5,3,Fashion,Sneakers,1875,Yes,2058,Yes,20,Yes,Yes,3170,UPI,Standard,3.4,3.5
SES504348,CUST11195,2025-04-24 00:00:00,33,FEMALE,Jaipur,New,0,Mobile,Facebook,6.6,8,4,Sports,Football,9682,Yes,23024,No,0,No,No,0,Credit Card,Same Day,,
SES504957,CUST11756,2026-01-05 00:00:00,44,FEMALE,Delhi,Returning,9,Mobile,Facebook,4.7,8,3,Fashion,Kurta,530,Yes,873,No,0,No,No,0,UPI,Express,,
SES505831,CUST11553,2025-10-23 00:00:00,25,FEMALE,Bangalore,Returning,13,Mobile,Referral,4.1,8,3,Home & Kitchen,Cookware Set,2738,Yes,2248,Yes,10,Yes,Yes,2439,UPI,Same Day,3.5,5
SES500686,CUST10485,2026-04-10 00:00:00,44,FEMALE,Kolkata,New,1,Desktop,Google,18.7,5,4,Beauty,Lipstick,2310,Yes,4652,Yes,10,Yes,Yes,4506,UPI,Standard,4.5,4.5
SES505293,CUST11799,2025-07-05 00:00:00,33,FEMALE,Pune,Returning,5,Mobile,Instagram,18.1,6,4,Electronics,Smart Watch,23881,No,0,No,0,No,No,0,Cash on Delivery,Standard,,
SES505781,CUST11203,2025-06-18 00:00:00,18,FEMALE,Mumbai,Returning,14,Mobile,Google,4.2,9,1,Electronics,Smart Watch,8034,No,0,No,0,No,No,0,Net Banking,Same Day,,
SES503244,CUST11713,2026-03-13 00:00:00,24,MALE,Chennai,New,1,Mobile,Google,3.5,13,3,Sports,Dumbbells,2591,Yes,5287,No,0,No,No,0,Net Banking,Express,,
SES501749,CUST11869,2026-06-20 00:00:00,46,FEMALE,Delhi,New,0,Mobile,Direct,3.2,3,8,Sports,Running Shoes,751,No,0,No,0,No,No,0,Net Banking,Express,,
SES503932,CUST10293,2025-03-07 00:00:00,55,MALE,Delhi,New,0,Mobile,Facebook,10.4,5,3,Books,Business Book,1546,Yes,2476,Yes,15,Yes,Yes,2100,UPI,Same Day,3.5,5
SES504664,CUST11787,2026-02-04 00:00:00,18,FEMALE,Delhi,Returning,7,Tablet,Google,5.5,6,3,Books,Academic Book,1980,Yes,4059,No,0,No,Yes,2579,UPI,Standard,3.4,4.4
SES502838,CUST11747,2025-11-27 00:00:00,21,MALE,Delhi,New,0,Desktop,YouTube,11.2,12,4,Electronics,Wireless Earbuds,11760,Yes,29232,Yes,20,Yes,No,0,Credit Card,Standard,,
SES503033,CUST10629,2025-01-17 00:00:00,36,MALE,Bangalore,New,1,Mobile,Direct,20.6,12,4,Fashion,T-Shirt,578,Yes,860,No,0,No,No,0,Debit Card,Standard,,
SES502172,CUST10875,2026-06-01 00:00:00,30,FEMALE,Hyderabad,New,0,Mobile,Google,19.1,11,4,Electronics,Headphones,32630,Yes,58941,No,0,No,Yes,45266,UPI,Express,3.9,4.5
SES503809,CUST10310,2026-05-29 00:00:00,18,MALE,Mumbai,Returning,9,Mobile,Google,7.3,12,1,Fashion,Sneakers,4743,No,0,Yes,10,Yes,No,0,Wallet,Express,,
SES501851,CUST10149,2026-06-29 00:00:00,51,MALE,Hyderabad,Returning,15,Desktop,Google,7.7,5,4,Electronics,Headphones,18527,Yes,27241,Yes,5,No,No,0,Debit Card,Standard,,
SES500488,CUST10505,2026-04-21 00:00:00,20,FEMALE,Bangalore,Returning,8,Mobile,Direct,0.7,13,3,Electronics,Bluetooth Speaker,4530,No,0,Yes,30,No,Yes,5638,UPI,Standard,4.1,3.8
SES501689,CUST10859,2026-01-12 00:00:00,44,MALE,Chennai,New,0,Mobile,Email,8.1,11,2,Fashion,T-Shirt,4572,Yes,11288,Yes,10,No,Yes,7730,Cash on Delivery,Standard,4.1,3.6
SES502231,CUST11178,2025-12-27 00:00:00,18,MALE,Jaipur,Returning,8,Desktop,Email,19.8,7,2,Fashion,Sneakers,3613,No,0,No,0,No,No,0,Net Banking,Standard,,
SES503474,CUST11338,2026-06-26 00:00:00,34,FEMALE,Delhi,Returning,11,Mobile,Direct,4.9,9,3,Sports,Cricket Bat,7504,No,0,Yes,5,No,No,0,UPI,Standard,,
SES504398,CUST11893,2025-06-22 00:00:00,24,FEMALE,Bangalore,New,0,Mobile,Google,13.7,11,7,Home & Kitchen,Bedsheet,9691,Yes,13334,No,0,No,Yes,15443,Debit Card,Standard,3.8,3.9
SES502321,CUST10338,2025-05-24 00:00:00,26,MALE,Jaipur,New,0,Mobile,Direct,7.7,7,3,Fashion,T-Shirt,2314,No,0,No,0,No,No,0,Credit Card,Standard,,
SES500783,CUST11909,2025-10-09 00:00:00,27,FEMALE,Chennai,Returning,12,Mobile,Email,6.5,5,1,Electronics,Wireless Earbuds,26532,Yes,37055,Yes,10,Yes,Yes,23599,UPI,Express,3.8,4.5
SES500522,CUST11372,2025-10-24 00:00:00,25,MALE,Delhi,New,0,Mobile,Direct,4,7,5,Home & Kitchen,Bedsheet,7402,Yes,18498,Yes,20,No,Yes,12914,UPI,Standard,3.5,4
SES500523,CUST10090,2025-09-05 00:00:00,20,MALE,Bangalore,Returning,5,Mobile,Direct,5.4,8,7,Sports,Dumbbells,1736,Yes,1463,Yes,15,Yes,Yes,2795,UPI,Standard,3.1,4.3
SES504717,CUST10306,2026-06-16 00:00:00,22,FEMALE,Delhi,New,0,Mobile,Email,8.4,8,4,Electronics,Headphones,24424,Yes,58179,No,0,No,No,0,UPI,Standard,,
SES502940,CUST10278,2025-04-12 00:00:00,31,MALE,Delhi,Returning,4,Mobile,Instagram,10.6,9,5,Fashion,Jeans,1971,Yes,3965,No,0,No,No,0,Cash on Delivery,Standard,,
SES504706,CUST11638,2026-01-26 00:00:00,19,FEMALE,Hyderabad,New,0,Mobile,Direct,9.5,3,4,Electronics,Smart Watch,17317,No,0,Yes,5,Yes,No,0,Wallet,Express,,
SES504852,CUST12049,2026-04-11 00:00:00,33,MALE,Mumbai,New,0,Mobile,YouTube,12,10,3,Electronics,Wireless Earbuds,14517,No,0,No,0,No,No,0,UPI,Standard,,
SES502399,CUST11732,2025-03-22 00:00:00,29,MALE,Mumbai,New,0,Mobile,Google,7.3,10,7,Sports,Dumbbells,2967,No,0,Yes,20,Yes,No,0,Cash on Delivery,Standard,,
SES502208,CUST11634,2025-11-08 00:00:00,30,FEMALE,Bangalore,Returning,7,Mobile,YouTube,12.2,7,6,Books,Self Help Book,2133,Yes,2415,No,0,No,No,0,UPI,Same Day,,
SES505935,CUST10351,2025-12-29 00:00:00,33,MALE,Mumbai,New,0,Mobile,Facebook,7.8,7,2,Electronics,Smart Watch,7716,Yes,7366,No,0,No,No,0,Net Banking,Express,,
SES500781,CUST11970,2025-06-16 00:00:00,36,FEMALE,Delhi,Returning,9,Mobile,Referral,17.3,9,4,Books,Biography,2211,Yes,5475,Yes,20,Yes,Yes,2239,Credit Card,Express,3.8,3.8
SES504713,CUST11515,2026-05-03 00:00:00,38,FEMALE,Bangalore,New,0,Mobile,YouTube,9.5,5,5,Home & Kitchen,Cookware Set,4175,Yes,3991,Yes,30,Yes,No,0,UPI,Standard,,
SES504041,CUST10606,2025-02-18 00:00:00,27,FEMALE,Delhi,New,0,Desktop,Google,18.2,2,6,Sports,Yoga Mat,1945,Yes,3012,Yes,10,No,Yes,2784,Debit Card,Standard,4.4,3.5
SES501512,CUST11994,2025-09-11 00:00:00,19,MALE,Delhi,Returning,5,Desktop,Google,4.4,6,4,Books,Business Book,2325,No,0,Yes,20,Yes,Yes,3753,UPI,Standard,4.1,5
SES501883,CUST11447,2025-07-25 00:00:00,37,MALE,Ahmedabad,New,0,Desktop,Google,12.7,6,3,Home & Kitchen,Bedsheet,1356,Yes,2174,No,0,No,No,0,UPI,Standard,,
SES500652,CUST12095,2025-11-21 00:00:00,38,FEMALE,Delhi,Returning,9,Desktop,Google,10.6,11,2,Books,Fiction Book,871,No,0,Yes,20,Yes,No,0,UPI,Express,,
SES504704,CUST12063,2026-04-04 00:00:00,40,FEMALE,Ahmedabad,Returning,7,Desktop,Direct,4.7,8,7,Home & Kitchen,Cookware Set,12374,No,0,No,0,No,No,0,UPI,Standard,,
SES501802,CUST10134,2025-02-24 00:00:00,33,MALE,Bangalore,Returning,3,Mobile,Google,2.5,4,1,Home & Kitchen,Table Lamp,2395,Yes,5343,Yes,25,Yes,Yes,3770,Wallet,Standard,4.2,4
SES500370,CUST11782,2025-08-14 00:00:00,30,FEMALE,Chennai,New,0,Desktop,Facebook,14.7,7,3,Fashion,Sneakers,3510,No,0,No,0,No,No,0,Wallet,Standard,,
SES505262,CUST12149,2025-04-12 00:00:00,29,FEMALE,Hyderabad,Returning,6,Mobile,Instagram,5.7,10,3,Electronics,Power Bank,1977,No,0,No,0,No,No,0,Net Banking,Same Day,,
SES505626,CUST12199,2025-09-02 00:00:00,27,MALE,Ahmedabad,Returning,12,Mobile,Referral,17.1,5,3,Sports,Yoga Mat,6794,Yes,9756,Yes,10,No,No,0,Credit Card,Express,,
SES500119,CUST11364,2026-06-19 00:00:00,27,MALE,Mumbai,Returning,6,Mobile,Direct,23.6,7,4,Fashion,Jeans,6540,Yes,9418,Yes,20,Yes,No,0,Credit Card,Express,,
SES500378,CUST10896,2025-02-06 00:00:00,37,MALE,Pune,New,0,Mobile,Direct,20.5,10,8,Electronics,Bluetooth Speaker,7167,Yes,9354,No,0,No,Yes,13581,Debit Card,Express,3.9,5
SES500217,CUST11497,2026-06-06 00:00:00,30,MALE,Pune,New,1,Desktop,Google,12.6,11,1,Fashion,Jacket,6242,No,0,No,0,No,No,0,Cash on Delivery,Standard,,
SES502217,CUST11904,2026-01-31 00:00:00,29,FEMALE,Delhi,New,0,Tablet,Email,5.8,5,5,Beauty,Moisturizer,3420,Yes,3842,No,0,No,No,0,UPI,Same Day,,
SES505282,CUST11717,2025-11-11 00:00:00,27,FEMALE,Bangalore,Returning,9,Mobile,Google,3.1,8,2,Electronics,Bluetooth Speaker,9390,No,0,No,0,No,No,0,Cash on Delivery,Express,,
SES501614,CUST10305,2025-07-06 00:00:00,36,FEMALE,Delhi,Returning,7,Mobile,YouTube,12.4,6,4,Home & Kitchen,Cookware Set,6956,No,0,Yes,15,No,Yes,13510,Debit Card,Standard,4.2,4.6
SES502884,CUST12102,2026-04-06 00:00:00,43,MALE,Chennai,New,0,Mobile,Google,4,5,4,Electronics,Smart Watch,11694,Yes,15878,No,0,No,Yes,22929,UPI,Express,5,3.1
SES504319,CUST11631,2025-09-09 00:00:00,34,MALE,Lucknow,Returning,13,Mobile,Referral,29.7,9,3,Electronics,Power Bank,17908,No,0,Yes,20,Yes,No,0,Debit Card,Standard,,
SES505412,CUST11778,2026-01-25 00:00:00,20,MALE,Kolkata,Returning,9,Desktop,Facebook,5.8,5,6,Electronics,Power Bank,8620,Yes,18441,No,0,No,Yes,13401,Cash on Delivery,Standard,4.3,4.8
SES500963,CUST12002,2025-09-22 00:00:00,44,MALE,Hyderabad,Returning,14,Mobile,YouTube,18.5,9,3,Sports,Running Shoes,5798,No,0,No,0,No,Yes,8913,UPI,Standard,4.8,2.2
SES505428,CUST11075,2026-02-06 00:00:00,18,MALE,Jaipur,New,1,Mobile,Google,4.1,8,2,Books,Biography,2252,No,0,Yes,5,Yes,No,0,Debit Card,Standard,,
SES502511,CUST12151,2026-05-10 00:00:00,18,MALE,Mumbai,Returning,7,Tablet,Email,27.7,3,6,Electronics,Smart Watch,3154,Yes,3263,No,0,No,No,0,UPI,Standard,,
SES505661,CUST11599,2025-12-27 00:00:00,36,FEMALE,Kolkata,Returning,8,Mobile,Direct,16.5,7,5,Home & Kitchen,Bedsheet,3044,Yes,4974,No,0,No,No,0,UPI,Express,,
SES504589,CUST10457,2025-11-11 00:00:00,22,MALE,Unknown,New,0,Desktop,Google,6.3,7,6,Books,Fiction Book,2232,No,0,Yes,25,Yes,No,0,Net Banking,Express,,
SES504072,CUST10496,2026-06-24 00:00:00,34,MALE,Lucknow,New,1,Mobile,YouTube,20.8,8,5,Fashion,T-Shirt,5305,No,0,No,0,No,No,0,UPI,Express,,
SES500360,CUST10958,2025-09-30 00:00:00,43,FEMALE,Mumbai,New,1,Tablet,YouTube,16.8,5,4,Beauty,Perfume,3057,No,0,Yes,20,Yes,Yes,2912,Credit Card,Standard,3.8,3.5
SES501247,CUST12055,2026-01-04 00:00:00,28,FEMALE,Unknown,Returning,2,Mobile,Email,24.4,9,4,Home & Kitchen,Coffee Maker,11361,Yes,23346,No,0,No,Yes,23349,Credit Card,Standard,4.8,4.9
SES503409,CUST11201,2025-12-20 00:00:00,23,MALE,Bangalore,New,0,Desktop,YouTube,17.9,2,2,Books,Business Book,1641,No,0,Yes,15,No,No,0,UPI,Standard,,
SES504757,CUST10495,2025-08-24 00:00:00,40,MALE,Delhi,New,0,Desktop,Google,1,9,4,Beauty,Perfume,3987,No,0,Yes,15,Yes,No,0,Credit Card,Same Day,,
SES502416,CUST11349,2026-01-24 00:00:00,40,MALE,Lucknow,New,0,Desktop,Google,24.2,3,3,Home & Kitchen,Cookware Set,2313,Yes,1983,Yes,25,Yes,Yes,3495,Net Banking,Express,4.6,4.5
SES505610,CUST11192,2025-12-29 00:00:00,36,FEMALE,Chennai,Returning,6,Desktop,Google,7.6,8,8,Fashion,Sneakers,1157,No,0,No,0,No,No,0,Debit Card,Express,,
SES505682,CUST11813,2026-06-04 00:00:00,41,FEMALE,Bangalore,New,1,Mobile,Facebook,4.9,9,2,Fashion,Jeans,5742,No,0,Yes,25,Yes,No,0,UPI,Express,,
SES502186,CUST10165,2025-06-14 00:00:00,38,MALE,Jaipur,New,1,Mobile,Facebook,3.8,13,8,Beauty,Face Wash,4440,No,0,Yes,5,Yes,No,0,Debit Card,Standard,,
SES504040,CUST10732,2026-06-23 00:00:00,22,FEMALE,Delhi,Returning,3,Mobile,Referral,6.6,9,5,Fashion,Sneakers,5637,No,0,Yes,30,Yes,Yes,8120,Credit Card,Standard,4.4,4.2
SES502568,CUST11054,2026-05-05 00:00:00,26,MALE,Mumbai,New,0,Mobile,Direct,9.4,12,1,Fashion,T-Shirt,5096,No,0,No,0,No,No,0,UPI,Express,,
SES503424,CUST11069,2025-11-25 00:00:00,36,FEMALE,Delhi,New,0,Mobile,Email,6.5,1,5,Electronics,Wireless Earbuds,31041,No,0,No,0,No,No,0,Credit Card,Standard,,
SES502038,CUST10923,2025-01-12 00:00:00,19,MALE,Delhi,New,0,Desktop,YouTube,5,4,4,Fashion,Kurta,5438,No,0,No,0,No,No,0,Cash on Delivery,Standard,,
SES505122,CUST11868,2026-03-18 00:00:00,26,MALE,Delhi,New,0,Mobile,Google,10.2,9,4,Sports,Yoga Mat,4894,No,0,No,0,No,No,0,UPI,Standard,,
SES500773,CUST11343,2026-02-16 00:00:00,31,FEMALE,Chennai,New,1,Desktop,Referral,7,8,7,Fashion,Kurta,2177,Yes,4931,No,0,No,Yes,3566,Wallet,Same Day,4.4,3.8
SES501285,CUST11266,2025-01-22 00:00:00,21,MALE,Kolkata,New,0,Mobile,Instagram,5.1,11,5,Fashion,Jeans,4045,Yes,6640,No,0,No,Yes,5908,Debit Card,Standard,4.9,4.6
SES505543,CUST10189,2025-03-12 00:00:00,56,MALE,Ahmedabad,Returning,2,Mobile,Google,13,8,6,Sports,Yoga Mat,3206,Yes,2957,Yes,5,Yes,No,0,UPI,Express,,
SES503563,CUST10858,2026-03-09 00:00:00,28,MALE,Mumbai,Returning,13,Desktop,Direct,21.7,8,7,Home & Kitchen,Coffee Maker,11834,Yes,20526,No,0,No,Yes,22641,Credit Card,Standard,4,4.4
SES505711,CUST11346,2026-03-12 00:00:00,47,MALE,Mumbai,New,0,Tablet,Instagram,9.9,13,3,Fashion,Jeans,1024,No,0,No,0,No,No,0,UPI,Same Day,,
SES502588,CUST11443,2025-05-19 00:00:00,27,FEMALE,Pune,New,1,Mobile,Google,18.9,3,2,Fashion,Kurta,494,Yes,439,Yes,20,Unknown,Yes,541,UPI,Standard,2.2,5
SES505725,CUST11397,2025-03-22 00:00:00,35,MALE,Pune,New,0,Mobile,Google,3.5,7,4,Home & Kitchen,Bedsheet,4684,Yes,5670,Yes,10,Yes,No,0,Credit Card,Standard,,
SES501415,CUST11108,2025-05-24 00:00:00,18,MALE,Hyderabad,New,1,Mobile,YouTube,15.8,5,3,Electronics,Headphones,30102,No,0,No,0,No,No,0,UPI,Standard,,
SES501235,CUST11773,2025-12-11 00:00:00,26,MALE,Kolkata,Returning,14,Desktop,Instagram,3.9,8,3,Fashion,T-Shirt,4647,No,0,Yes,15,Yes,No,0,Cash on Delivery,Standard,,
SES504419,CUST10965,2025-02-28 00:00:00,26,FEMALE,Delhi,New,1,Desktop,Email,23,4,4,Beauty,Shampoo,3248,Yes,4360,Yes,15,No,Yes,3770,Wallet,Standard,4.3,2.1
SES500436,CUST11493,2025-03-25 00:00:00,24,FEMALE,Hyderabad,New,0,Mobile,Google,2.2,6,4,Electronics,Wireless Earbuds,17630,No,0,No,0,No,No,0,Credit Card,Standard,,
SES501675,CUST11709,2026-03-23 00:00:00,45,FEMALE,Hyderabad,Returning,10,Desktop,Direct,22,6,4,Books,Business Book,2030,Yes,4572,No,0,No,Yes,3091,Net Banking,Standard,4.6,3.7
SES503300,CUST12102,2025-02-24 00:00:00,45,MALE,Delhi,New,0,Mobile,Google,10.6,6,4,Books,Self Help Book,2300,Yes,4600,Yes,30,Yes,Yes,2122,Net Banking,Same Day,4.1,4.1
SES500366,CUST11758,2025-06-21 00:00:00,33,FEMALE,Lucknow,New,0,Mobile,Instagram,7.7,6,7,Sports,Football,10774,No,0,No,0,No,No,0,Credit Card,Standard,,
SES503783,CUST11999,2026-02-26 00:00:00,18,FEMALE,Ahmedabad,Returning,13,Mobile,Google,6.3,11,4,Fashion,Jeans,4783,No,0,Yes,15,No,No,0,upi,Express,,
SES500232,CUST11416,2025-02-13 00:00:00,30,MALE,Delhi,Returning,15,Mobile,Facebook,13.3,3,5,Fashion,Jacket,1948,No,0,No,0,No,Yes,3694,Credit Card,Standard,3.1,3.9
SES505344,CUST10278,2025-03-12 00:00:00,30,MALE,Delhi,New,0,Mobile,Email,10.9,10,6,Beauty,Lipstick,955,No,0,Yes,15,No,No,0,UPI,Standard,,
SES500148,CUST11637,2025-02-25 00:00:00,22,FEMALE,Delhi,Returning,13,Mobile,YouTube,5.8,6,5,Fashion,Jeans,3462,Yes,4152,No,0,No,Yes,3602,Debit Card,Express,4.4,4.3
SES505295,CUST10408,2025-08-25 00:00:00,38,MALE,Ahmedabad,Returning,10,Mobile,Facebook,5.2,10,2,Electronics,Smart Watch,20144,No,0,No,0,No,No,0,UPI,Same Day,,
SES503089,CUST10581,2025-12-26 00:00:00,35,FEMALE,Lucknow,New,0,Mobile,Direct,5.6,9,1,Beauty,Moisturizer,1087,No,0,No,0,No,No,0,UPI,Standard,,
SES504082,CUST11016,2025-08-31 00:00:00,43,MALE,Delhi,Returning,4,Mobile,Instagram,15.2,7,6,Sports,Dumbbells,1138,Yes,1136,Yes,15,No,Yes,1239,UPI,Express,3.4,3.9
SES503555,CUST11083,2025-05-22 00:00:00,32,FEMALE,Delhi,Returning,5,Desktop,YouTube,6.1,7,6,Beauty,Shampoo,4827,Yes,4191,No,0,No,Yes,7580,UPI,Standard,3.8,5
SES500408,CUST11572,2026-01-31 00:00:00,29,FEMALE,Chennai,New,0,Mobile,Referral,13.7,4,4,Fashion,Jacket,3011,Yes,5935,No,0,No,Yes,3324,UPI,Standard,3.8,4
SES505569,CUST11797,2026-02-03 00:00:00,38,MALE,Hyderabad,Returning,2,Mobile,Facebook,9.3,7,4,Beauty,Lipstick,894,Yes,741,Yes,5,No,No,0,Cash on Delivery,Standard,,
SES503457,CUST11523,2025-06-14 00:00:00,38,FEMALE,Bangalore,New,0,Mobile,Email,1.6,4,5,Beauty,Moisturizer,641,No,0,Yes,30,No,No,0,Wallet,Same Day,,
SES502091,CUST11207,2025-10-02 00:00:00,44,FEMALE,Delhi,Returning,6,Mobile,Instagram,5.5,7,2,Books,Fiction Book,586,Yes,856,No,0,No,No,0,UPI,Standard,,
SES500087,CUST11752,2026-06-06 00:00:00,33,MALE,Chennai,New,0,Mobile,Direct,6.6,12,3,Beauty,Lipstick,1181,No,0,Yes,15,Yes,No,0,UPI,Standard,,
SES503577,CUST10975,2025-07-25 00:00:00,33,FEMALE,Lucknow,New,0,Mobile,Facebook,4.7,5,2,Electronics,Headphones,23591,Yes,45052,No,0,No,Yes,22609,Credit Card,Express,4.3,3.2
SES503272,CUST11083,2025-04-10 00:00:00,39,FEMALE,Pune,Returning,13,Mobile,Direct,11.2,10,3,Books,Academic Book,2347,No,0,Yes,15,No,Yes,3336,Debit Card,Standard,4.1,4
SES500845,CUST10794,2026-05-21 00:00:00,26,FEMALE,Mumbai,New,0,Mobile,Instagram,4.5,7,3,Sports,Cricket Bat,5227,Yes,5211,Yes,10,Yes,Yes,8694,UPI,Same Day,4.3,3.2
SES501032,CUST10794,2025-06-15 00:00:00,37,FEMALE,Ahmedabad,New,0,Mobile,YouTube,6,7,2,Books,Academic Book,926,No,0,No,0,No,No,0,UPI,Same Day,,
SES503760,CUST12144,2026-06-23 00:00:00,30,FEMALE,Delhi,New,0,Mobile,Facebook,7.8,9,6,Beauty,Moisturizer,4673,Yes,4492,No,0,No,Yes,4839,Credit Card,Standard,3.7,4.2
SES504353,CUST12078,2025-12-31 00:00:00,18,FEMALE,Bangalore,New,0,Mobile,Email,10.2,11,3,Fashion,Jacket,1816,No,0,Yes,15,No,No,0,Net Banking,Standard,,
SES503898,CUST12155,2026-06-18 00:00:00,36,MALE,Bangalore,Returning,14,Mobile,YouTube,4.1,3,2,Beauty,Face Wash,1823,Yes,3411,Yes,15,No,Yes,3117,Credit Card,Standard,4.4,4.9
SES502988,CUST12007,2026-01-17 00:00:00,37,MALE,Jaipur,Returning,7,Tablet,Direct,9.5,4,2,Electronics,Wireless Earbuds,25565,Yes,33744,Yes,10,Yes,Yes,27716,Cash on Delivery,Express,4.5,4.2
SES504374,CUST11498,2026-03-10 00:00:00,30,FEMALE,Hyderabad,Returning,12,Mobile,Google,6,11,4,Electronics,Wireless Earbuds,2671,Yes,5215,No,0,No,Yes,3921,UPI,Express,5,5
SES502629,CUST12157,2026-03-16 00:00:00,44,FEMALE,Bangalore,New,0,Mobile,Direct,20.6,6,4,Home & Kitchen,Cookware Set,7362,No,0,Yes,10,Yes,No,0,UPI,Express,,
SES503795,CUST11463,2025-01-29 00:00:00,18,MALE,Delhi,Returning,7,Mobile,Instagram,7.7,7,3,Sports,Running Shoes,6279,No,0,No,0,No,No,0,Cash on Delivery,Standard,,
SES503817,CUST10053,2025-01-16 00:00:00,26,MALE,Ahmedabad,New,0,Mobile,Google,8.8,5,5,Fashion,T-Shirt,3755,No,0,No,0,No,No,0,UPI,Standard,,
SES500856,CUST12189,2025-05-19 00:00:00,32,FEMALE,Jaipur,Returning,2,Mobile,Email,11.5,6,4,Beauty,Lipstick,1083,No,0,Yes,15,Yes,No,0,Credit Card,Standard,,
SES503004,CUST10520,2026-04-05 00:00:00,46,MALE,Jaipur,Returning,4,Mobile,Facebook,3.3,8,1,Fashion,T-Shirt,707,No,0,No,0,No,No,0,UPI,Standard,,
SES500079,CUST10379,2025-07-25 00:00:00,39,MALE,Delhi,New,0,Mobile,Email,26.9,5,8,Books,Academic Book,249,Yes,519,Yes,15,No,Yes,416,UPI,Standard,4.8,4.2
SES502993,CUST11284,2025-04-06 00:00:00,25,MALE,Delhi,Returning,15,Tablet,Email,6.7,6,5,Sports,Cricket Bat,4623,Yes,6796,No,0,No,Yes,7615,Debit Card,Express,4.7,3.4
SES502248,CUST11012,2025-09-25 00:00:00,36,MALE,Pune,Returning,10,Desktop,Google,14.6,4,2,Fashion,Jacket,434,Yes,752,Yes,15,Yes,Yes,579,Credit Card,Standard,4.5,2.8
SES505912,CUST10832,2025-12-06 00:00:00,25,MALE,Mumbai,Returning,5,Desktop,YouTube,6.7,4,4,Electronics,Power Bank,13694,No,0,No,0,No,No,0,UPI,Standard,,
SES505506,CUST11282,2025-12-03 00:00:00,23,FEMALE,Pune,Returning,15,Tablet,Email,6.6,6,4,Electronics,Headphones,8057,No,0,No,0,No,No,0,UPI,Standard,,
SES505546,CUST10616,2025-05-25 00:00:00,28,FEMALE,Kolkata,New,1,Mobile,YouTube,3.3,6,5,Fashion,Kurta,2470,No,0,No,0,No,No,0,Cash on Delivery,Standard,,
SES500759,CUST11918,2026-06-16 00:00:00,34,FEMALE,Delhi,New,0,Tablet,Instagram,8.1,8,5,Books,Business Book,423,Yes,369,Yes,5,Yes,No,0,UPI,Same Day,,
SES504330,CUST10245,2025-09-30 00:00:00,37,MALE,Delhi,New,0,Mobile,Referral,9.9,7,5,Fashion,Kurta,3360,No,0,Yes,15,No,No,0,Credit Card,Standard,,
SES503356,CUST11874,2026-01-13 00:00:00,21,MALE,Mumbai,New,0,Mobile,Instagram,8.5,6,2,Home & Kitchen,Bedsheet,8972,No,0,No,0,No,No,0,Cash on Delivery,Standard,,
SES500789,CUST11373,2025-03-30 00:00:00,38,MALE,Delhi,New,0,Mobile,Direct,10.5,14,1,Electronics,Bluetooth Speaker,20036,Yes,17789,No,0,No,No,0,UPI,Standard,,
SES502280,CUST11153,2026-06-22 00:00:00,30,FEMALE,Kolkata,New,0,Desktop,Instagram,10.7,10,2,Electronics,Smart Watch,10682,No,0,No,0,No,No,0,UPI,Express,,
SES504305,CUST11826,2025-08-11 00:00:00,23,FEMALE,Delhi,New,1,Desktop,Email,5,5,6,Fashion,Kurta,2431,No,0,Yes,15,Yes,No,0,Cash on Delivery,Standard,,
SES504271,CUST10618,2026-01-28 00:00:00,33,MALE,Bangalore,New,0,Mobile,Direct,1.4,5,4,Home & Kitchen,Cookware Set,1885,Yes,2395,No,0,No,Yes,2093,UPI,Standard,4,4.1
SES505003,CUST11508,2025-06-18 00:00:00,22,FEMALE,Delhi,New,0,Mobile,Email,7.6,6,5,Sports,Cricket Bat,8292,Yes,9728,Yes,5,No,Yes,12427,Debit Card,Standard,3.6,4.1
SES505961,CUST10210,2026-04-08 00:00:00,35,FEMALE,Ahmedabad,New,0,Desktop,Instagram,12.9,7,5,Books,Self Help Book,1084,No,0,Yes,15,No,Yes,2335,UPI,Standard,3.7,4.2
SES503632,CUST12186,2025-03-04 00:00:00,18,MALE,Chennai,Returning,2,Mobile,Instagram,6.1,8,7,Electronics,Headphones,18928,No,0,No,0,No,No,0,Wallet,Same Day,,
SES504510,CUST10742,2025-03-31 00:00:00,36,FEMALE,Mumbai,Returning,6,Desktop,Direct,4.3,8,7,Beauty,Perfume,3867,Yes,5328,Yes,20,Yes,No,0,Cash on Delivery,Standard,,
SES504946,CUST10144,2025-01-21 00:00:00,46,MALE,Mumbai,New,0,Mobile,Instagram,7.4,9,3,Books,Fiction Book,661,No,0,Yes,15,Yes,No,0,UPI,Same Day,,
SES502177,CUST12002,2025-02-23 00:00:00,18,MALE,Kolkata,New,0,Desktop,Instagram,17.4,10,2,Fashion,Jeans,5733,No,0,No,0,No,No,0,UPI,Standard,,
SES500425,CUST11636,2026-04-24 00:00:00,21,MALE,Bangalore,New,1,Desktop,YouTube,10.8,3,5,Electronics,Bluetooth Speaker,31514,Yes,60868,Yes,20,Yes,Yes,57538,Debit Card,Standard,3.7,5
SES500393,CUST12083,2025-05-02 00:00:00,26,FEMALE,Chennai,New,0,Desktop,Instagram,2.6,3,2,Fashion,Jacket,1092,No,0,Yes,15,Yes,No,0,Credit Card,Same Day,,
SES504688,CUST10035,2025-12-10 00:00:00,28,MALE,Bangalore,Returning,7,Mobile,Facebook,15.9,7,5,Fashion,Jacket,1135,No,0,Yes,15,Yes,No,0,Debit Card,Standard,,
SES505697,CUST10237,2025-01-27 00:00:00,29,MALE,Delhi,New,0,Mobile,Direct,12.1,9,3,Books,Academic Book,1604,No,0,Yes,20,Yes,Yes,2933,UPI,Same Day,4,3.7
SES502240,CUST10881,2025-03-08 00:00:00,35,FEMALE,Chennai,New,0,Mobile,Email,4.1,3,1,Beauty,Face Wash,3600,No,0,No,0,No,No,0,UPI,Standard,,
SES500105,CUST11021,2026-06-18 00:00:00,36,FEMALE,Mumbai,Returning,13,Tablet,Facebook,12.9,7,3,Beauty,Shampoo,1280,No,0,No,0,No,No,0,Debit Card,Standard,,
SES502673,CUST10476,2025-12-06 00:00:00,18,MALE,Chennai,New,0,Mobile,Google,7.7,8,4,Electronics,Headphones,10549,Yes,18050,Yes,10,Yes,No,0,UPI,Standard,,
SES505516,CUST11421,2025-02-15 00:00:00,22,FEMALE,Hyderabad,Returning,4,Mobile,Google,13.2,8,3,Home & Kitchen,Storage Box,8328,Yes,9233,No,0,No,Yes,8538, UPI ,Same Day,4.2,3.9
SES505485,CUST11303,2025-09-02 00:00:00,18,FEMALE,Lucknow,New,0,Mobile,Direct,6.7,8,2,Home & Kitchen,Table Lamp,8477,Yes,12957,Yes,25,Yes,No,0,Debit Card,Standard,,
SES502069,CUST10336,2026-01-17 00:00:00,34,MALE,Kolkata,New,0,Mobile,Google,33.6,7,2,Beauty,Shampoo,3635,No,0,Yes,15,No,No,0,UPI,Express,,
SES505016,CUST11392,2025-05-07 00:00:00,43,FEMALE,Lucknow,New,0,Desktop,Direct,19.4,10,4,Beauty,Moisturizer,3758,Yes,6405,Yes,5,Yes,Yes,3635,Debit Card,Standard,3.9,4.9
SES503494,CUST10339,2025-05-11 00:00:00,20,MALE,Bangalore,Returning,11,Desktop,Referral,13.7,3,6,Sports,Cricket Bat,6463,Yes,5509,No,0,No,Yes,10785,Credit Card,Standard,4.1,4.1
SES501949,CUST11574,2025-03-23 00:00:00,24,MALE,Delhi,New,0,Mobile,Google,6.1,11,4,Sports,Yoga Mat,7411,Yes,15185,No,0,No,Yes,13741,Net Banking,Express,4,4.5
SES501460,CUST10957,2026-05-11 00:00:00,20,MALE,Kolkata,New,0,Tablet,Email,12.4,9,2,Beauty,Moisturizer,2739,No,0,Yes,15,No,No,0,Cash on Delivery,Standard,,
SES501769,CUST10456,2026-02-20 00:00:00,39,MALE,Hyderabad,Returning,9,Desktop,Direct,13.1,9,4,Sports,Football,10556,No,0,No,0,No,No,0,UPI,Standard,,
SES503299,CUST11819,2026-02-14 00:00:00,35,MALE,Chennai,New,1,Mobile,Facebook,11.3,8,6,Beauty,Moisturizer,3696,No,0,No,0,No,Yes,6180,UPI,Express,4.3,3.6
SES504013,CUST10573,2026-04-09 00:00:00,41,FEMALE,Jaipur,New,0,Mobile,Facebook,7.7,4,7,Beauty,Moisturizer,2367,Yes,5469,Yes,30,Yes,No,0,Debit Card,Standard,,
SES504208,CUST11802,2025-10-21 00:00:00,31,FEMALE,Delhi,Returning,6,Tablet,Facebook,7.5,4,4,Books,Fiction Book,1281,Yes,2205,No,0,No,Yes,2216,Wallet,Express,3.9,4.6
SES505774,CUST11186,2025-06-04 00:00:00,28,FEMALE,Bangalore,Returning,10,Desktop,Instagram,9.8,7,7,Books,Academic Book,2214,Yes,3669,No,0,No,Yes,3376,UPI,Standard,3.8,5
SES501588,CUST11093,2026-02-11 00:00:00,27,MALE,Hyderabad,New,0,Mobile,Email,10.6,5,1,Home & Kitchen,Coffee Maker,12201,Yes,30270,No,0,No,No,0,Net Banking,Standard,,
SES504665,CUST10144,2026-02-25 00:00:00,21,MALE,Mumbai,New,0,Mobile,Facebook,10.1,5,3,Beauty,Face Wash,2283,Yes,3260,Yes,5,No,No,0,UPI,Standard,,
SES501732,CUST11805,2025-08-07 00:00:00,39,MALE,Delhi,New,0,Mobile,Instagram,4.3,8,5,Sports,Running Shoes,2840,No,0,No,0,No,No,0,Cash on Delivery,Express,,
SES505745,CUST11303,2026-05-30 00:00:00,37,MALE,Delhi,Returning,2,Mobile,Email,18.3,6,3,Electronics,Power Bank,8824,Yes,15975,Yes,5,Yes,Yes,11091,Net Banking,Express,2.8,3.2
SES504698,CUST10451,2025-08-03 00:00:00,37,FEMALE,Kolkata,New,0,Mobile,Facebook,8.1,4,4,Fashion,Jacket,917,No,0,Yes,25,Yes,No,0,Wallet,Express,,
SES500183,CUST11844,2026-05-17 00:00:00,40,MALE,Hyderabad,Returning,9,Desktop,Instagram,22.8,9,4,Sports,Football,1688,Yes,2084,Yes,10,Yes,Yes,2893,Wallet,Express,4.5,4.1
SES501792,CUST11340,2025-06-26 00:00:00,18,MALE,Chennai,Returning,2,Mobile,Google,9.2,9,4,Home & Kitchen,Cookware Set,725,Yes,850,Yes,20,No,No,0,UPI,Express,,
SES502356,CUST10845,2025-10-17 00:00:00,21,FEMALE,Delhi,New,1,Mobile,Instagram,17.2,8,4,Sports,Football,4883,No,0,No,0,No,No,0,Credit Card,Standard,,
SES501941,CUST11235,2026-03-06 00:00:00,40,MALE,Lucknow,Returning,5,Tablet,Direct,21.3,8,2,Books,Fiction Book,1005,No,0,Yes,10,Yes,Yes,813,Debit Card,Express,4.2,5
SES500703,CUST12159,2026-05-21 00:00:00,36,MALE,Delhi,New,0,Desktop,YouTube,4.7,9,1,Fashion,T-Shirt,4133,No,0,Yes,20,No,No,0,UPI,Standard,,
SES502443,CUST10772,2026-04-15 00:00:00,35,MALE,Kolkata,New,0,Mobile,YouTube,8.3,7,6,Fashion,Kurta,6668,No,0,No,0,No,No,0,Debit Card,Standard,,
SES504025,CUST11538,2025-05-26 00:00:00,18,MALE,New Delhi,Returning,9,Tablet,Referral,25,12,2,Fashion,Kurta,3029,Yes,3402,No,0,No,No,0,Net Banking,Standard,,
SES500497,CUST10685,2025-06-11 00:00:00,28,MALE,Bangalore,New,0,Mobile,Facebook,25.9,3,4,Home & Kitchen,Coffee Maker,9863,Yes,10466,No,0,No,No,0,Wallet,Standard,,
SES504819,CUST11456,2025-05-15 00:00:00,33,FEMALE,Delhi,Returning,13,Mobile,Google,12.6,8,4,Beauty,Face Wash,2697,Yes,6257,No,0,No,Yes,4905,Debit Card,Standard,5,3.2
SES500465,CUST10217,2025-08-20 00:00:00,18,FEMALE,Pune,Returning,5,Mobile,Google,4.7,4,5,Fashion,Jacket,1464,Yes,2890,No,0,No,Yes,1298,UPI,Same Day,3.6,3.7
SES503842,CUST11620,2025-05-16 00:00:00,40,FEMALE,Jaipur,Returning,7,Mobile,YouTube,13,4,4,Fashion,Jeans,2714,Yes,3870,Yes,10,Yes,Yes,4997,Net Banking,Express,3.7,3.3
SES505211,CUST10670,2026-01-23 00:00:00,38,UNKNOWN,Bangalore,Returning,3,Mobile,Google,13.5,6,4,Home & Kitchen,Cookware Set,6019,No,0,Yes,5,No,No,0,Debit Card,Standard,,
SES500173,CUST11148,2025-07-26 00:00:00,35,FEMALE,Bangalore,Returning,4,Mobile,Google,4.5,7,4,Books,Self Help Book,964,No,0,Yes,25,Yes,No,0,UPI,Standard,,
SES502021,CUST12156,2025-06-11 00:00:00,18,FEMALE,Jaipur,Returning,12,Tablet,Google,6.6,4,6,Electronics,Wireless Earbuds,8827,No,0,Yes,30,No,No,0,Cash on Delivery,Standard,,
SES505783,CUST11422,2025-06-27 00:00:00,28,FEMALE,Mumbai,New,0,Desktop,Email,6.8,5,2,Sports,Football,9349,Yes,13205,No,0,No,Yes,20207,Credit Card,Standard,4.5,3.9
SES505369,CUST10889,2025-10-30 00:00:00,25,MALE,Chennai,New,0,Desktop,Direct,20.4,7,4,Beauty,Shampoo,4188,No,0,Yes,5,Yes,No,0,Debit Card,Express,,
SES502541,CUST10563,2025-03-01 00:00:00,34,FEMALE,Ahmedabad,New,0,Tablet,Email,10.6,6,2,Fashion,Sneakers,4902,Yes,6960,No,0,No,Yes,9065,Net Banking,Standard,4.9,2.7
SES505983,CUST11281,2025-04-13 00:00:00,27,FEMALE,Lucknow,New,0,Tablet,Google,4.4,6,4,Books,Academic Book,1171,No,0,Yes,15,Yes,No,0,Debit Card,Standard,,
SES502010,CUST11068,2026-01-31 00:00:00,40,FEMALE,Bangalore,New,0,Mobile,Email,4.9,6,2,Beauty,Shampoo,346,Yes,837,No,0,No,No,0,UPI,Standard,,
SES502261,CUST11968,2025-08-18 00:00:00,32,FEMALE,Delhi,New,0,Mobile,Instagram,13.2,6,3,Fashion,Kurta,3019,Yes,6342,Yes,25,No,No,0,Credit Card,Standard,,
SES503085,CUST10994,2025-01-10 00:00:00,54,MALE,Pune,Returning,12,Mobile,Email,11.3,5,2,Electronics,Smart Watch,34854,Yes,36129,Yes,10,Yes,Yes,64470,Credit Card,Standard,3.9,3.2
SES502113,CUST12172,2025-08-26 00:00:00,39,MALE,Jaipur,Returning,8,Mobile,Direct,21.3,6,6,Home & Kitchen,Coffee Maker,2913,No,0,Yes,15,No,Yes,5638,Debit Card,Standard,4.1,4.7
SES500901,CUST10285,2025-10-15 00:00:00,43,FEMALE,Jaipur,New,0,Desktop,YouTube,19,14,3,Home & Kitchen,Bedsheet,9895,Yes,16102,No,0,No,Yes,19686,UPI,Express,4.7,1.7
SES501447,CUST11738,2025-07-06 00:00:00,31,MALE,Bangalore,New,0,Mobile,Instagram,4.7,6,5,Sports,Yoga Mat,10301,No,0,Yes,15,Yes,No,0,Net Banking,Standard,,
SES501912,CUST10393,2025-05-15 00:00:00,54,MALE,Pune,Returning,4,Mobile,Instagram,6.6,9,4,Fashion,T-Shirt,1410,No,0,No,0,No,No,0,Credit Card,Express,,
SES503543,CUST10220,2026-04-08 00:00:00,32,MALE,Hyderabad,New,0,Desktop,Google,9.3,7,3,Electronics,Power Bank,27669,No,0,Yes,15,Yes,No,0,Wallet,Standard,,
SES502698,CUST10604,2025-02-28 00:00:00,48,MALE,Pune,Returning,10,Mobile,Instagram,4.7,11,5,Beauty,Shampoo,2098,No,0,Yes,15,No,No,0,Net Banking,Standard,,
SES504060,CUST10022,2025-01-20 00:00:00,24,MALE,Mumbai,Returning,10,Desktop,Instagram,11.9,7,3,Sports,Cricket Bat,5723,Yes,10384,No,0,No,Yes,8114,Debit Card,Standard,4.2,2.7
SES503663,CUST11001,2026-06-13 00:00:00,44,MALE,Delhi,New,0,Mobile,Email,1.3,5,2,Books,Biography,2135,Yes,2717,No,0,No,No,0,UPI,Express,,
SES500742,CUST11459,2026-06-21 00:00:00,18,MALE,Delhi,Returning,13,Desktop,Referral,6.3,11,5,Sports,Running Shoes,11203,Yes,18627,Yes,15,Yes,Yes,21510,UPI,Standard,2.8,3.7
SES502294,CUST12179,2025-03-21 00:00:00,23,MALE,Hyderabad,Returning,8,Mobile,YouTube,6.8,9,7,Electronics,Power Bank,10578,No,0,Yes,5,Yes,No,0,credit card,Same Day,,
SES502453,CUST11111,2026-01-02 00:00:00,29,MALE,Jaipur,New,0,Desktop,Referral,6.6,7,2,Books,Academic Book,2042,No,0,No,0,No,No,0,Debit Card,Standard,,
SES503859,CUST10781,2025-12-13 00:00:00,21,MALE,Mumbai,Returning,7,Mobile,Google,16.8,8,4,Sports,Running Shoes,9485,No,0,No,0,No,No,0,UPI,Standard,,
SES504923,CUST11856,2025-02-11 00:00:00,40,MALE,Hyderabad,Returning,14,Mobile,Referral,9.5,7,3,Home & Kitchen,Coffee Maker,7704,Yes,13188,Yes,20,Yes,Yes,10197,Credit Card,Express,3.4,2.5
SES501207,CUST10521,2026-04-02 00:00:00,27,FEMALE,Chennai,New,1,Mobile,Referral,6.2,5,6,Sports,Dumbbells,4404,No,0,Yes,15,Yes,Yes,7604,Cash on Delivery,Standard,2.9,3.5
SES500510,CUST11550,2026-01-07 00:00:00,40,FEMALE,Mumbai,New,0,Mobile,Unknown,2.1,10,2,Fashion,T-Shirt,3604,No,0,No,0,No,No,0,UPI,Standard,,
SES503717,CUST11333,2025-06-20 00:00:00,31,FEMALE,Bangalore,New,0,Tablet,Email,9.9,6,4,Beauty,Lipstick,3520,Yes,3984,Yes,15,Yes,No,0,Cash on Delivery,Express,,
SES504998,CUST11147,2026-05-17 00:00:00,40,FEMALE,Mumbai,New,0,Tablet,Direct,14.6,4,3,Books,Academic Book,283,No,0,No,0,No,No,0,Cash on Delivery,Standard,,
SES505084,CUST11568,2025-05-04 00:00:00,33,MALE,Bangalore,New,0,Mobile,Facebook,13.4,7,4,Fashion,Jeans,2670,Yes,2248,Yes,10,Yes,Yes,3887,Credit Card,Standard,4.4,3.7
SES504012,CUST10203,2025-09-17 00:00:00,18,FEMALE,Chennai,New,0,Mobile,Email,10.5,8,5,Electronics,Bluetooth Speaker,29311,No,0,Yes,25,Yes,Yes,49781,Wallet,Express,4.4,4.4
SES505462,CUST10289,2026-01-09 00:00:00,32,FEMALE,Pune,New,0,Mobile,Google,30.1,7,6,Fashion,Jeans,3261,Yes,5899,No,0,No,Yes,2925,UPI,Standard,4.1,4.4
SES501550,CUST11275,2026-02-02 00:00:00,42,FEMALE,Lucknow,Returning,6,Desktop,Instagram,17.5,6,6,Beauty,Lipstick,4219,Yes,8385,No,0,No,Yes,4254,UPI,Standard,2.9,3.7
SES503030,CUST10601,2025-08-31 00:00:00,39,FEMALE,Bangalore,Returning,2,Desktop,Referral,17.6,7,10,Beauty,Face Wash,4817,Yes,9677,No,0,No,Yes,4267,UPI,Standard,5,3.4
SES504547,CUST10538,2025-05-20 00:00:00,34,FEMALE,Pune,New,0,Mobile,Direct,18,12,2,Home & Kitchen,Table Lamp,6215,Yes,12753,Yes,20,No,Yes,11568,Cash on Delivery,Express,3.5,2.7
SES502203,CUST12076,2026-04-03 00:00:00,34,FEMALE,Lucknow,Returning,3,Mobile,Google,9.5,5,5,Beauty,Face Wash,3236,No,0,No,0,No,No,0,UPI,Standard,,
SES502567,CUST12022,2025-04-22 00:00:00,37,MALE,Kolkata,New,0,Mobile,Facebook,9.1,7,6,Fashion,Jeans,3593,No,0,Yes,20,Yes,No,0,UPI,Standard,,
SES503831,CUST10699,2025-09-14 00:00:00,29,FEMALE,Mumbai,Returning,11,Mobile,YouTube,7.7,14,2,Electronics,Power Bank,906,No,0,No,0,No,No,0,Debit Card,Standard,,
SES502045,CUST11657,2025-09-18 00:00:00,25,MALE,Ahmedabad,New,0,Desktop,Google,28.9,5,5,Beauty,Face Wash,4646,Yes,9975,Yes,10,Yes,Yes,6279,UPI,Standard,4.6,4.6
SES500768,CUST11674,2026-05-06 00:00:00,25,MALE,Jaipur,New,1,Mobile,Google,2,6,2,Home & Kitchen,Bedsheet,8588,No,0,Yes,10,Yes,No,0,Credit Card,Standard,,
SES505882,CUST11571,2025-04-17 00:00:00,18,FEMALE,Delhi,New,0,Mobile,Instagram,18,3,8,Beauty,Perfume,1250,No,0,No,0,No,No,0,Credit Card,Standard,,
SES503700,CUST11771,2025-09-17 00:00:00,22,MALE,Delhi,New,1,Mobile,Google,9,3,3,Fashion,Sneakers,5907,No,0,No,0,No,No,0,UPI,Standard,,
SES501509,CUST10301,2025-11-09 00:00:00,,FEMALE,Delhi,New,0,Desktop,Instagram,7.9,5,1,Books,Fiction Book,2267,No,0,No,0,No,No,0,Net Banking,Standard,,
SES503135,CUST10153,2026-05-02 00:00:00,32,FEMALE,Delhi,Returning,6,Desktop,Instagram,17.9,8,5,Electronics,Bluetooth Speaker,30107,Yes,28333,No,0,No,Yes,55050,UPI,Standard,3.8,3.9
SES505868,CUST10442,2026-06-04 00:00:00,43,MALE,Kolkata,New,0,Mobile,Referral,16.2,8,7,Books,Academic Book,773,Yes,1732,No,0,No,Yes,1499,Credit Card,Standard,4.3,4.1
SES500422,CUST11366,2026-02-06 00:00:00,33,MALE,Mumbai,New,0,Desktop,Instagram,3.4,8,3,Beauty,Lipstick,1424,No,0,No,0,No,No,0,UPI,Standard,,
SES500124,CUST12039,2025-02-24 00:00:00,42,FEMALE,Jaipur,New,0,Mobile,Google,11.6,8,4,Beauty,Face Wash,2912,Yes,2620,Yes,15,Yes,Yes,4995,Credit Card,Express,3.9,3.5
SES505006,CUST10383,2025-02-19 00:00:00,22,MALE,Chennai,New,1,Desktop,Referral,4,10,1,Fashion,Jacket,788,Yes,1577,Yes,15,Yes,Yes,1524,Cash on Delivery,Express,3.3,4.5
SES504986,CUST11224,2025-12-18 00:00:00,30,MALE,Hyderabad,Returning,7,Mobile,Direct,9.4,8,5,Beauty,Perfume,4017,Yes,6014,Yes,15,Yes,No,0,Credit Card,Standard,,
SES503293,CUST12094,2025-10-06 00:00:00,19,FEMALE,Delhi,Returning,15,Mobile,Direct,2.9,6,4,Electronics,Bluetooth Speaker,5817,Yes,11095,No,0,No,Yes,11520,UPI,Standard,4.2,4.8
SES500820,CUST11472,2025-01-11 00:00:00,37,MALE,Kolkata,Returning,5,Mobile,Instagram,12.2,5,2,Books,Business Book,2424,Yes,5823,No,0,No,Yes,3471,Credit Card,Standard,4.2,5
SES501404,CUST10317,2025-08-04 00:00:00,42,MALE,Pune,New,0,Mobile,Instagram,22.1,6,6,Electronics,Bluetooth Speaker,24236,Yes,34258,Yes,20,Yes,Yes,21884,Cash on Delivery,Express,4.8,4.4
SES501383,CUST12140,2026-06-15 00:00:00,18,FEMALE,Delhi,New,0,Mobile,Direct,7.7,8,3,Beauty,Shampoo,1686,No,0,No,0,No,No,0,Net Banking,Standard,,
SES502149,CUST10985,2026-01-20 00:00:00,33,MALE,Hyderabad,Returning,14,Desktop,Direct,5.2,9,3,Fashion,Sneakers,5783,No,0,No,0,No,No,0,Cash on Delivery,Same Day,,
SES505070,CUST11450,2025-09-07 00:00:00,36,FEMALE,Ahmedabad,New,0,Mobile,Google,13.6,7,3,Home & Kitchen,Cookware Set,867,Yes,996,No,0,No,Yes,1356,Credit Card,Express,4.8,4.3
SES501576,CUST12162,2025-01-09 00:00:00,28,MALE,Delhi,Returning,9,Mobile,Facebook,2,12,5,Beauty,Face Wash,1687,No,0,No,0,No,No,0,Debit Card,Same Day,,
SES501639,CUST11839,2025-07-11 00:00:00,47,FEMALE,Chennai,Returning,8,Desktop,Direct,6.5,7,3,Fashion,Sneakers,6096,Yes,8457,No,0,No,Yes,8223,Cash on Delivery,Standard,4.2,3.6
SES501796,CUST10561,2025-06-07 00:00:00,18,MALE,Mumbai,New,0,Mobile,Google,21.1,3,4,Electronics,Bluetooth Speaker,16112,Yes,14453,Yes,25,No,No,0,Net Banking,Standard,,
SES503332,CUST11552,2025-02-10 00:00:00,26,FEMALE,Mumbai,Returning,9,Mobile,Direct,6.1,7,5,Electronics,Smart Watch,24894,Yes,25949,No,0,No,No,0,Wallet,Same Day,,
SES505804,CUST11132,2025-05-11 00:00:00,35,FEMALE,Delhi,New,0,Mobile,Google,6,7,3,Home & Kitchen,Cookware Set,14579,Yes,19213,No,0,No,No,0,UPI,Standard,,
SES505367,CUST10405,2025-09-26 00:00:00,35,FEMALE,Ahmedabad,New,0,Tablet,Google,12.8,4,5,Home & Kitchen,Coffee Maker,9544,No,0,Yes,15,Yes,No,0,UPI,Standard,,
SES500400,CUST10826,2026-05-26 00:00:00,27,MALE,Hyderabad,New,0,Mobile,Instagram,9.7,6,3,Beauty,Moisturizer,1787,Yes,3344,Yes,20,No,Yes,3382,Cash on Delivery,Express,3.8,4.4
SES503152,CUST10681,2025-11-27 00:00:00,24,MALE,Bangalore,Returning,9,Mobile,YouTube,7.6,8,4,Books,Business Book,1815,No,0,No,0,No,Yes,1844,Credit Card,Standard,4.4,4.6
SES502311,CUST11822,2025-09-16 00:00:00,31,MALE,Bangalore,New,0,Desktop,Instagram,15.8,12,3,Fashion,Sneakers,2835,Yes,5577,No,0,No,Yes,5944,UPI,Standard,4.5,3.5
SES500883,CUST11626,2025-10-08 00:00:00,24,MALE,Delhi,Returning,15,Desktop,Google,7.9,5,4,Fashion,Sneakers,4072,No,0,Yes,10,Yes,No,0,Credit Card,Same Day,,
SES503566,CUST11393,2025-05-31 00:00:00,33,MALE,Chennai,New,0,Mobile,Facebook,24.7,7,5,Fashion,Jeans,6375,Yes,7534,Yes,5,Yes,Yes,12265,Debit Card,Same Day,3.9,2.5
SES506000,CUST10629,2025-01-09 00:00:00,18,MALE,Jaipur,New,0,Mobile,Facebook,9.5,11,3,Beauty,Face Wash,2677,Yes,3589,No,0,No,No,0,Cash on Delivery,Express,,
SES501180,CUST11797,2026-06-10 00:00:00,18,FEMALE,Chennai,Returning,4,Mobile,Instagram,21.7,8,4,Fashion,Jacket,1179,No,0,Yes,20,No,No,0,UPI,Standard,,
SES501353,CUST11017,2026-01-05 00:00:00,33,MALE,Delhi,New,0,Mobile,Google,7.3,9,3,Fashion,Sneakers,2450,Yes,2654,No,0,No,No,0,UPI,Express,,
SES505307,CUST10090,2025-06-20 00:00:00,18,FEMALE,Bangalore,New,0,Desktop,Google,4.9,4,4,Fashion,Jeans,2567,Yes,4801,Yes,10,Yes,No,0,Credit Card,Same Day,,
SES505486,CUST11275,2025-05-27 00:00:00,45,FEMALE,Kolkata,New,0,Mobile,Email,8,9,3,Beauty,Perfume,1415,No,0,No,0,No,No,0,CREDIT CARD,Standard,,
SES502131,CUST10922,2026-03-30 00:00:00,26,MALE,Hyderabad,New,0,Desktop,Facebook,5.4,7,3,Books,Fiction Book,1873,Yes,2653,No,0,No,Yes,2614,UPI,Express,3.5,4.9
SES500983,CUST10934,2026-01-22 00:00:00,40,MALE,Mumbai,New,0,Mobile,Email,8.5,9,1,Books,Fiction Book,1215,No,0,No,0,No,No,0,Debit Card,Same Day,,
SES500457,CUST11446,2025-01-18 00:00:00,31,MALE,Hyderabad,New,1,Mobile,Google,17.3,6,4,Fashion,Sneakers,1026,Yes,1677,No,0,No,Yes,2152,Cash on Delivery,Express,3.8,4.4
SES501487,CUST10526,2025-01-12 00:00:00,38,FEMALE,Bangalore,New,0,Mobile,Instagram,14.3,7,3,Home & Kitchen,Table Lamp,9924,Yes,21002,Yes,10,Yes,Yes,9009,Wallet,Standard,5,3.7
SES501080,CUST11751,2025-09-01 00:00:00,29,MALE,Bangalore,New,0,Mobile,Direct,14,7,5,Sports,Running Shoes,6047,No,0,Yes,15,Yes,No,0,UPI,Same Day,,
SES501951,CUST11247,2026-06-18 00:00:00,35,FEMALE,Pune,New,0,Tablet,Google,10.1,9,5,Home & Kitchen,Storage Box,1292,Yes,2062,No,0,No,No,0,UPI,Same Day,,
SES505184,CUST12093,2026-04-27 00:00:00,25,FEMALE,Pune,New,0,Desktop,Instagram,3.5,15,3,Fashion,T-Shirt,5594,Yes,12175,No,0,No,Yes,7334,Credit Card,Standard,4,2.9
SES500690,CUST11977,2025-04-21 00:00:00,26,FEMALE,Mumbai,Returning,10,Mobile,Google,19.9,9,4,Books,Fiction Book,1467,Yes,3022,No,0,No,Yes,1650,Credit Card,Express,4.2,5
SES502430,CUST10527,2025-08-08 00:00:00,33,FEMALE,Pune,New,1,Tablet,Google,10.4,5,3,Beauty,Moisturizer,1144,Yes,939,Yes,30,No,No,0,Cash on Delivery,Standard,,
SES500642,CUST11029,2026-04-08 00:00:00,31,FEMALE,Bangalore,Returning,15,Mobile,Email,8,6,6,Sports,Yoga Mat,4824,Yes,10914,Yes,10,Yes,Yes,8837,Credit Card,Standard,3.9,3.7
SES502393,CUST12137,2026-05-12 00:00:00,48,MALE,Mumbai,Returning,12,Mobile,Google,3.4,12,4,Electronics,Wireless Earbuds,4896,Yes,4441,Yes,10,Yes,Yes,8984,UPI,Standard,4.1,3.7
SES502826,CUST10906,2025-11-25 00:00:00,25,MALE,Jaipur,Returning,15,Mobile,Instagram,16.6,9,5,Fashion,Kurta,4006,Yes,8407,No,0,No,Yes,6294,UPI,Standard,4.5,3.4
SES501954,CUST10963,2025-02-09 00:00:00,26,MALE,Pune,Returning,4,Mobile,Direct,9.5,9,3,Beauty,Lipstick,1805,Yes,3149,No,0,No,Yes,2370,UPI,Standard,2.4,3.5
SES503539,CUST11235,2025-01-04 00:00:00,27,MALE,Delhi,New,0,Mobile,Instagram,1.8,6,2,Fashion,Jacket,2456,No,0,Yes,15,Yes,No,0,Debit Card,Express,,
SES503933,CUST12106,2025-11-20 00:00:00,26,FEMALE,Mumbai,New,0,Mobile,Instagram,27.2,7,1,Beauty,Face Wash,4436,Yes,6539,Yes,15,Yes,Yes,5479,Credit Card,Express,4.4,4.2
SES503059,CUST10651,2026-02-10 00:00:00,33,MALE,Delhi,New,0,Mobile,Instagram,7.3,5,3,Home & Kitchen,Storage Box,2770,No,0,No,0,No,No,0,UPI,Standard,,
SES503959,CUST11274,2025-10-24 00:00:00,22,FEMALE,Delhi,New,0,Mobile,Google,2.1,6,3,Beauty,Moisturizer,915,No,0,Yes,15,No,No,0,Credit Card,Express,,
SES505927,CUST12176,2026-04-17 00:00:00,23,MALE,Ahmedabad,New,0,Mobile,Facebook,4.1,8,4,Home & Kitchen,Cookware Set,14815,No,0,Yes,10,No,No,0,Net Banking,Express,,
SES502711,CUST11037,2025-10-14 00:00:00,27,MALE,Kolkata,New,0,Mobile,Referral,1.3,6,5,Electronics,Power Bank,13082,No,0,No,0,No,No,0,Debit Card,Express,,
SES501084,CUST11113,2025-04-18 00:00:00,35,MALE,Delhi,New,0,Desktop,Google,4.6,7,4,Electronics,Wireless Earbuds,27632,Yes,59803,No,0,No,No,0,Cash on Delivery,Standard,,
SES504472,CUST10008,2026-04-12 00:00:00,32,MALE,Delhi,Returning,2,Tablet,YouTube,21.7,6,4,Sports,Running Shoes,9743,Yes,10024,Yes,10,Yes,No,0,UPI,Standard,,
SES505747,CUST10641,2025-09-04 00:00:00,27,FEMALE,Pune,New,0,Mobile,Email,15,7,7,Fashion,T-Shirt,5431,Yes,7967,No,0,No,Yes,6459,UPI,Standard,4.6,3.5
SES504142,CUST10103,2025-03-22 00:00:00,18,MALE,Unknown,Returning,8,Mobile,Google,9.8,2,5,Electronics,Headphones,22426,Yes,54696,No,0,No,Yes,43176,Debit Card,Standard,3.6,5
SES501885,CUST12113,2025-04-02 00:00:00,42,FEMALE,Delhi,New,1,Mobile,Referral,9.9,9,2,Sports,Yoga Mat,2613,Yes,4448,Yes,15,No,No,0,UPI,Standard,,
SES505275,CUST10531,2025-02-26 00:00:00,20,FEMALE,Ahmedabad,New,0,Desktop,Instagram,1.2,8,3,Home & Kitchen,Coffee Maker,14875,Yes,24254,Yes,15,Yes,No,0,Debit Card,Standard,,
SES500390,CUST10012,2025-08-09 00:00:00,43,FEMALE,Chennai,New,0,Mobile,Direct,20,4,2,Home & Kitchen,Table Lamp,3322,No,0,No,0,No,No,0,UPI,Standard,,
SES502495,CUST11813,2026-04-08 00:00:00,24,MALE,Bangalore,Returning,10,Mobile,Google,10.1,6,6,Sports,Dumbbells,9827,Yes,21151,No,0,No,Yes,16214,UPI,Standard,4.3,4.4
SES501852,CUST11353,2025-07-15 00:00:00,39,FEMALE,Hyderabad,New,0,Desktop,Referral,16,3,3,Home & Kitchen,Storage Box,7197,Yes,17601,No,0,No,No,0,UPI,Express,,
SES503037,CUST10116,2025-11-07 00:00:00,30,FEMALE,Pune,New,0,Desktop,Referral,0.9,10,3,Fashion,Kurta,5230,No,0,No,0,No,No,0,Net Banking,Express,,
SES504739,CUST10814,2026-01-08 00:00:00,18,FEMALE,Hyderabad,New,0,Tablet,Instagram,4.4,8,4,Fashion,T-Shirt,4648,Yes,7154,Yes,25,No,No,0,UPI,Standard,,
SES503604,CUST10893,2025-10-23 00:00:00,28,FEMALE,Mumbai,New,0,Mobile,YouTube,10.8,4,6,Books,Biography,1331,No,0,No,0,No,No,0,UPI,Standard,,
SES500846,CUST11835,2026-05-04 00:00:00,29,FEMALE,Delhi,New,0,Mobile,YouTube,5.8,6,3,Fashion,Jacket,2498,Yes,4194,No,0,No,Yes,2899,Debit Card,Standard,3.5,2.8
SES500543,CUST11029,2025-12-17 00:00:00,22,FEMALE,Pune,Returning,2,Mobile,Direct,3.1,4,7,Home & Kitchen,Bedsheet,11384,Yes,27213,Yes,10,Yes,No,0,UPI,Express,,
SES503725,CUST11095,2026-02-02 00:00:00,18,FEMALE,Mumbai,New,0,Mobile,Google,8.5,9,5,Electronics,Bluetooth Speaker,3156,Yes,5054,Yes,15,Yes,No,0,Credit Card,Standard,,
SES500092,CUST10961,2025-05-29 00:00:00,25,FEMALE,Jaipur,New,0,Mobile,Google,4.2,8,4,Home & Kitchen,Coffee Maker,3985,No,0,No,0,No,Yes,6421,UPI,Standard,4.4,4.8
SES503680,CUST11320,2025-10-12 00:00:00,18,UNKNOWN,Kolkata,Returning,13,Desktop,Direct,15.6,10,6,Home & Kitchen,Table Lamp,12274,Yes,20732,No,0,No,No,0,Cash on Delivery,Standard,,
SES505673,CUST10092,2025-11-19 00:00:00,18,FEMALE,Bangalore,New,0,Mobile,Google,9.9,10,3,Books,Fiction Book,1060,Yes,2248,No,0,No,No,0,UPI,Same Day,,
SES503948,CUST11962,2025-01-24 00:00:00,40,MALE,Delhi,New,0,Tablet,Email,15.9,8,5,Sports,Dumbbells,9098,No,0,Yes,15,No,No,0,UPI,Standard,,
SES501980,CUST10846,2025-08-20 00:00:00,38,MALE,Mumbai,Returning,7,Desktop,Google,5.3,6,5,Home & Kitchen,Cookware Set,4604,No,0,Yes,20,Yes,No,0,Debit Card,Standard,,
SES503245,CUST10778,2025-09-16 00:00:00,32,FEMALE,Bangalore,Returning,13,Mobile,Google,9.6,7,3,Electronics,Headphones,31364,Yes,35780,Yes,15,No,No,0,Net Banking,Standard,,
SES504935,CUST11130,2026-04-06 00:00:00,22,MALE,Jaipur,New,0,Desktop,Direct,11.2,4,4,Home & Kitchen,Bedsheet,4352,No,0,No,0,No,No,0,Net Banking,Same Day,,
SES503151,CUST10763,2025-04-15 00:00:00,26,FEMALE,Delhi,New,0,Desktop,Google,23.8,7,1,Sports,Cricket Bat,4245,Yes,8818,No,0,No,No,0,Credit Card,Same Day,,
SES504926,CUST10179,2026-04-12 00:00:00,23,FEMALE,Delhi,Returning,15,Mobile,Facebook,1.8,8,2,Electronics,Smart Watch,17343,Yes,33969,No,0,No,Yes,32383,Debit Card,Standard,4.8,4.9
SES504128,CUST11214,2025-08-24 00:00:00,21,MALE,Kolkata,Returning,5,Desktop,Facebook,2.7,7,2,Home & Kitchen,Coffee Maker,3597,Yes,5834,Yes,15,Yes,No,0,Credit Card,Standard,,
SES504385,CUST10578,2025-07-01 00:00:00,35,MALE,Bangalore,New,1,Mobile,Email,15.4,7,7,Fashion,Kurta,852,No,0,No,0,No,Yes,1402,Wallet,Standard,4.7,4.2
SES502965,CUST11146,2025-08-01 00:00:00,34,MALE,Bangalore,New,0,Mobile,Instagram,15.7,8,3,Books,Business Book,708,Yes,1644,Yes,20,Yes,No,0,UPI,Standard,,
SES503464,CUST10245,2025-06-27 00:00:00,18,FEMALE,Mumbai,New,0,Mobile,Facebook,23.5,11,7,Home & Kitchen,Storage Box,10940,Yes,22455,Yes,20,Yes,No,0,UPI,Standard,,
SES502530,CUST12089,2025-04-15 00:00:00,28,MALE,Bangalore,Returning,11,Desktop,Facebook,9.6,9,2,Fashion,Sneakers,6683,No,0,No,0,No,No,0,Debit Card,Standard,,
SES505644,CUST10778,2026-05-02 00:00:00,27,MALE,Chennai,Returning,3,Mobile,Direct,4.2,7,4,Fashion,T-Shirt,2310,No,0,Yes,20,Yes,No,0,Credit Card,Express,,
SES501677,CUST12189,2025-07-17 00:00:00,18,FEMALE,Mumbai,Returning,8,Mobile,Google,7.7,7,5,Sports,Yoga Mat,8592,No,0,Yes,25,Yes,Yes,6769,UPI,Standard,0,4.9
SES501049,CUST11763,2025-10-13 00:00:00,18,MALE,Bangalore,New,0,Mobile,Instagram,8.3,7,8,Books,Biography,949,No,0,Yes,15,Yes,Yes,1840,UPI,Standard,3.5,4
SES502950,CUST11995,2026-06-11 00:00:00,24,MALE,Mumbai,Returning,10,Desktop,Direct,2.4,10,2,Electronics,Bluetooth Speaker,6724,No,0,No,0,No,Yes,11664,UPI,Same Day,3.7,4
SES501961,CUST10190,2025-02-02 00:00:00,36,MALE,Hyderabad,New,0,Mobile,Instagram,9.2,6,3,Books,Business Book,539,Yes,736,Yes,20,Yes,No,0,Net Banking,Express,,
SES502531,CUST11794,2025-05-10 00:00:00,23,FEMALE,Mumbai,New,0,Mobile,Google,5.8,5,4,Fashion,Sneakers,1929,Yes,3037,Yes,15,Yes,Yes,2834,Credit Card,Standard,4.2,3.3
SES504645,CUST10274,2025-07-22 00:00:00,29,FEMALE,Delhi,New,0,Mobile,Google,11.7,5,3,Home & Kitchen,Table Lamp,4142,No,0,Yes,15,No,No,0,Credit Card,Standard,,
SES504929,CUST10799,2026-04-29 00:00:00,48,FEMALE,Chennai,New,1,Mobile,Direct,16.9,7,3,Books,Biography,2108,No,0,No,0,No,Yes,2715,UPI,Standard,4.9,4.7
SES503983,CUST10852,2025-05-05 00:00:00,28,MALE,Delhi,New,0,Mobile,Direct,3.7,6,3,Electronics,Smart Watch,10445,No,0,Yes,15,Yes,No,0,Credit Card,Express,,
SES500238,CUST10955,2025-03-21 00:00:00,25,FEMALE,Chennai,Returning,2,Mobile,Facebook,9.7,8,2,Fashion,Sneakers,6120,Yes,8123,No,0,No,No,0,Net Banking,Same Day,,
SES504173,CUST10726,2025-05-03 00:00:00,32,MALE,Delhi,New,1,Mobile,YouTube,2.1,7,6,Books,Business Book,721,No,0,No,0,No,No,0,UPI,Standard,,
SES505557,CUST11869,2025-03-19 00:00:00,34,MALE,Delhi,Returning,14,Tablet,Google,3.8,9,2,Fashion,Sneakers,3812,No,0,No,0,No,No,0,Wallet,Standard,,
SES501134,CUST12033,2025-04-01 00:00:00,37,FEMALE,Mumbai,New,0,Mobile,Email,12.7,9,2,Sports,Yoga Mat,9042,No,0,No,0,No,Yes,9500,Cash on Delivery,Standard,4.3,3.7
SES502881,CUST11549,2025-10-11 00:00:00,26,MALE,Kolkata,Returning,9,Mobile,Direct,22.1,7,4,Beauty,Moisturizer,1852,Yes,2255,Yes,10,Yes,Yes,2026,UPI,Standard,3.9,4.2
SES501806,CUST11429,2025-08-17 00:00:00,31,MALE,Delhi,Returning,4,Mobile,Referral,11.6,4,6,Fashion,Jeans,3188,No,0,Yes,15,Yes,No,0,Debit Card,Standard,,
SES504984,CUST11645,2026-03-28 00:00:00,37,UNKNOWN,Jaipur,Returning,14,Mobile,Direct,10.4,8,5,Fashion,Kurta,2970,No,0,Yes,20,No,No,0,Debit Card,Standard,,
SES500164,CUST10203,2025-09-10 00:00:00,28,FEMALE,Bangalore,New,1,Mobile,Facebook,5.2,8,3,Fashion,Jeans,3050,No,0,Yes,10,Yes,No,0,UPI,Standard,,
SES505953,CUST10338,2025-02-13 00:00:00,31,FEMALE,Mumbai,New,0,Desktop,Instagram,11.5,3,5,Books,Biography,1627,Yes,2597,Yes,30,Yes,Yes,2152,UPI,Standard,4.1,3.6
SES505737,CUST11962,2025-04-29 00:00:00,35,MALE,Delhi,New,1,Mobile,Instagram,10.5,9,1,Sports,Running Shoes,5086,Yes,9937,Yes,20,Yes,Yes,8683,Cash on Delivery,Standard,5,3.5
SES505679,CUST10694,2025-03-27 00:00:00,49,MALE,Hyderabad,New,0,Mobile,Direct,25.9,10,4,Electronics,Headphones,8936,Yes,10158,Yes,10,No,No,0,Credit Card,Standard,,
SES504542,CUST11462,2026-02-13 00:00:00,37,MALE,Lucknow,Returning,3,Desktop,Google,6.3,7,3,Beauty,Shampoo,4984,No,0,Yes,10,Yes,Yes,6341,Cash on Delivery,Express,3.2,5
SES504535,CUST12164,2025-11-11 00:00:00,40,MALE,Delhi,New,0,Mobile,YouTube,9.8,6,3,Home & Kitchen,Storage Box,2375,No,0,Yes,5,Yes,No,0,Net Banking,Express,,
SES504350,CUST10195,2025-04-12 00:00:00,42,MALE,Jaipur,New,0,Desktop,Google,6.4,5,8,Fashion,T-Shirt,3443,No,0,No,0,No,No,0,Credit Card,Standard,,
SES500266,CUST11140,2025-06-08 00:00:00,31,FEMALE,Hyderabad,Returning,13,Mobile,Google,4.4,5,2,Fashion,T-Shirt,2625,Yes,2937,No,0,No,Yes,5173,Debit Card,Express,4.5,3.4
SES503840,CUST10766,2025-09-24 00:00:00,22,MALE,Lucknow,Returning,15,Mobile,Instagram,2,7,8,Beauty,Moisturizer,2295,No,0,No,0,No,No,0,Credit Card,Standard,,
SES502002,CUST11369,2026-04-11 00:00:00,26,FEMALE,Delhi,Returning,4,Tablet,Referral,12.6,7,5,Fashion,T-Shirt,5024,No,0,Yes,5,No,No,0, UPI ,Standard,,
SES501812,CUST11986,2025-05-23 00:00:00,39,FEMALE,Delhi,Returning,15,Desktop,Facebook,7.5,8,5,Fashion,Jacket,5173,No,0,Yes,5,No,No,0,Credit Card,Express,,
SES503278,CUST10662,2025-09-18 00:00:00,20,MALE,Pune,New,0,Mobile,Direct,8.4,4,5,Home & Kitchen,Coffee Maker,5816,Yes,9952,No,0,No,No,0,credit card,Standard,,
SES503890,CUST12188,2025-01-28 00:00:00,32,MALE,Delhi,New,0,Desktop,Email,7.3,8,3,Electronics,Smart Watch,31375,No,0,Yes,5,Yes,No,0,Debit Card,Standard,,
SES502979,CUST11606,2025-07-14 00:00:00,18,MALE,Delhi,Returning,13,Mobile,Facebook,7.6,7,2,Fashion,T-Shirt,5386,No,0,No,0,No,No,0,Debit Card,Standard,,
SES504284,CUST10471,2025-09-28 00:00:00,31,MALE,Pune,New,0,Desktop,Google,5.8,8,7,Electronics,Wireless Earbuds,2411,Yes,5150,No,0,No,Yes,4470,Wallet,Express,5,4.3
SES502907,CUST11445,2025-05-16 00:00:00,38,MALE,Mumbai,Returning,12,Desktop,Instagram,16.5,4,2,Fashion,Sneakers,1199,Yes,2933,Yes,30,Yes,Yes,1993,Credit Card,Express,3.2,5
SES504314,CUST10384,2025-01-05 00:00:00,27,FEMALE,Hyderabad,Returning,5,Mobile,YouTube,9,10,2,Beauty,Moisturizer,2600,No,0,No,0,No,No,0,Debit Card,Standard,,
SES505528,CUST11167,2025-01-16 00:00:00,25,MALE,Jaipur,New,0,Mobile,Facebook,5.4,5,2,Sports,Dumbbells,9102,No,0,Yes,25,Yes,No,0,Cash on Delivery,Express,,
SES501429,CUST10874,2026-06-24 00:00:00,34,FEMALE,Delhi,Returning,7,Tablet,Direct,15.8,8,3,Beauty,Lipstick,3882,No,0,No,0,No,No,0,Cash on Delivery,Standard,,
SES500399,CUST10617,2025-08-29 00:00:00,42,MALE,Ahmedabad,Returning,15,Desktop,Google,6.2,9,3,Books,Self Help Book,2251,Yes,2611,Yes,15,Yes,Yes,2400,Net Banking,Express,3.5,4.5
SES505142,CUST10273,2026-04-10 00:00:00,50,MALE,Mumbai,New,0,Desktop,Facebook,13.1,9,3,Home & Kitchen,Cookware Set,8448,No,0,No,0,No,No,0,Debit Card,Standard,,
SES505031,CUST10984,2025-02-04 00:00:00,23,MALE,Bangalore,Returning,11,Desktop,Instagram,9.8,10,6,Fashion,Jacket,6882,Yes,10563,Yes,10,Yes,No,0,UPI,Standard,,
SES500948,CUST12008,2025-05-02 00:00:00,22,FEMALE,Delhi,New,0,Mobile,Instagram,11.1,6,3,Fashion,Jeans,2088,Yes,2872,No,0,No,No,0,Cash on Delivery,Standard,,
SES503079,CUST11914,2026-05-22 00:00:00,24,FEMALE,Pune,New,0,Mobile,Email,11.4,9,2,Fashion,Kurta,6975,No,0,Yes,15,Yes,No,0,Debit Card,Standard,,
SES503139,CUST11753,2025-09-11 00:00:00,34,MALE,Bangalore,New,0,Desktop,Direct,5.3,8,4,Fashion,Jeans,3941,No,0,No,0,No,No,0,UPI,Same Day,,
SES505378,CUST12167,2025-10-21 00:00:00,18,MALE,Pune,Returning,8,Mobile,Email,10.4,7,2,Fashion,Kurta,4575,Yes,7590,No,0,No,Yes,5092,UPI,Express,4.6,4.5
SES505578,CUST10215,2026-03-23 00:00:00,48,FEMALE,Mumbai,New,0,Mobile,YouTube,7.8,8,5,Home & Kitchen,Bedsheet,4356,Yes,8213,No,0,No,Yes,8887,UPI,Express,4.2,4.2
SES505604,CUST10836,2025-04-09 00:00:00,40,MALE,Mumbai,Returning,7,Tablet,Google,11.2,9,3,Electronics,Smart Watch,21522,Yes,31772,No,0,No,No,0,Cash on Delivery,Express,,
SES505620,CUST11660,2026-04-18 00:00:00,26,MALE,Delhi,Returning,4,Desktop,YouTube,22.1,6,3,Beauty,Moisturizer,1490,No,0,No,0,No,No,0,Net Banking,Express,,
SES503230,CUST11416,2025-01-20 00:00:00,29,FEMALE,Ahmedabad,Returning,3,Mobile,Email,14.7,4,7,Fashion,Jacket,3685,Yes,3610,Yes,25,Yes,Yes,3322,Cash on Delivery,Express,3.9,5
SES504039,CUST11462,2025-04-03 00:00:00,40,MALE,Delhi,Returning,5,Mobile,Instagram,8.6,6,2,Home & Kitchen,Table Lamp,4256,No,0,No,0,No,No,0,Credit Card,Standard,,
SES501453,CUST11231,2025-08-17 00:00:00,42,FEMALE,Bangalore,Returning,8,Mobile,Email,4.1,11,5,Beauty,Moisturizer,1117,Yes,1499,No,0,No,Yes,1607,UPI,Express,4.3,3.6
SES500594,CUST11849,2026-03-11 00:00:00,33,MALE,Bangalore,Returning,15,Mobile,Instagram,18.1,8,3,Fashion,T-Shirt,6572,Yes,7317,Yes,10,Yes,Yes,5306,Debit Card,Standard,4.3,2.6
SES502726,CUST10019,2026-03-02 00:00:00,28,MALE,Hyderabad,New,0,Mobile,Direct,11,4,3,Fashion,Jacket,5278,No,0,No,0,No,No,0,UPI,Express,,
SES500042,CUST11479,2025-08-13 00:00:00,37,MALE,Delhi,New,0,Desktop,Instagram,8.4,7,6,Sports,Cricket Bat,999,Yes,1335,Yes,10,No,Yes,1583,Credit Card,Standard,3.7,5
SES500561,CUST10518,2025-11-15 00:00:00,30,MALE,Bangalore,New,0,Desktop,Instagram,14.9,8,2,Electronics,Bluetooth Speaker,6192,Yes,11274,Yes,15,No,No,0,Wallet,Express,,
SES504857,CUST10345,2025-12-06 00:00:00,18,MALE,Bangalore,Returning,4,Mobile,Google,3.5,13,2,Fashion,Jeans,3661,No,0,Yes,15,No,No,0,Debit Card,Express,,
SES504950,CUST11491,2025-10-23 00:00:00,35,FEMALE,Mumbai,New,0,Mobile,Instagram,10.8,9,5,Home & Kitchen,Cookware Set,1991,No,0,Yes,15,Yes,Yes,3326,UPI,Same Day,4.5,4.6
SES500490,CUST11532,2026-02-05 00:00:00,24,FEMALE,Pune,New,0,Mobile,Facebook,9.7,5,2,Electronics,Headphones,21026,No,0,No,0,No,No,0,UPI,Standard,,
SES500244,CUST11800,2026-05-04 00:00:00,31,FEMALE,Hyderabad,New,0,Mobile,Direct,5.4,9,3,Beauty,Lipstick,4567,Yes,7971,Yes,30,Yes,No,0,Debit Card,Same Day,,
SES503173,CUST10043,2026-05-04 00:00:00,18,FEMALE,Bangalore,Returning,3,Tablet,Google,6.3,6,5,Fashion,Kurta,6509,No,0,No,0,No,No,0,UPI,Standard,,
SES501340,CUST12036,2026-03-24 00:00:00,28,UNKNOWN,Lucknow,New,0,Desktop,Google,12.7,8,2,Home & Kitchen,Storage Box,7110,No,0,Yes,15,Yes,Yes,8413,UPI,Express,4.4,3.3
SES503980,CUST10670,2026-01-22 00:00:00,39,FEMALE,Delhi,New,1,Desktop,YouTube,6.7,7,4,Home & Kitchen,Storage Box,12321,No,0,No,0,No,No,0,Credit Card,Standard,,
SES504166,CUST10811,2025-06-18 00:00:00,43,MALE,Pune,Returning,7,Mobile,Email,15.1,5,6,Beauty,Face Wash,2697,No,0,Yes,15,Yes,Yes,3940,Cash on Delivery,Express,3.4,4.8
SES500406,CUST11893,2025-03-04 00:00:00,40,MALE,Ahmedabad,Returning,5,Mobile,Direct,10.5,2,4,Beauty,Moisturizer,1467,No,0,No,0,No,No,0,Debit Card,Standard,,
SES501443,CUST10662,2025-06-24 00:00:00,27,MALE,Bangalore,New,0,Mobile,Google,11.7,9,3,Beauty,Lipstick,3542,No,0,No,0,No,No,0,Cash on Delivery,Same Day,,
SES500262,CUST10181,2026-01-31 00:00:00,39,FEMALE,Mumbai,Returning,6,Mobile,Instagram,13.6,3,4,Beauty,Lipstick,4284,No,0,No,0,No,No,0,Net Banking,Standard,,
SES503956,CUST11399,2026-04-25 00:00:00,18,MALE,Hyderabad,Returning,2,Mobile,YouTube,15,8,2,Fashion,Jeans,5712,Yes,14002,Yes,25,Yes,Yes,6517,UPI,Standard,4.6,3.1
SES503538,CUST11504,2026-03-07 00:00:00,18,MALE,Chennai,Returning,7,Mobile,Instagram,15.4,5,6,Fashion,Sneakers,1048,Yes,2123,No,0,No,Yes,1751,Credit Card,Standard,4.8,4.1
SES505499,CUST11363,2026-05-09 00:00:00,39,MALE,Bangalore,New,0,Desktop,Direct,7.8,6,4,Electronics,Headphones,29105,Yes,48580,No,0,No,No,0,Cash on Delivery,Standard,,
SES501690,CUST11317,2025-12-25 00:00:00,29,FEMALE,Mumbai,Returning,10,Mobile,Direct,12.3,6,4,Electronics,Bluetooth Speaker,9630,No,0,Yes,20,Yes,No,0,UPI,Standard,,
SES503479,CUST11777,2026-03-24 00:00:00,18,MALE,Hyderabad,New,1,Desktop,YouTube,25.6,7,2,Sports,Yoga Mat,11211,Yes,13036,No,0,No,No,0,Credit Card,Standard,,
SES501726,CUST11923,2025-12-17 00:00:00,47,MALE,Mumbai,New,0,Mobile,Instagram,8.1,6,5,Electronics,Bluetooth Speaker,19488,No,0,No,0,No,No,0,UPI,Express,,
SES501204,CUST10921,2025-12-23 00:00:00,33,FEMALE,Bangalore,Returning,15,Mobile,Email,6.9,4,3,Beauty,Lipstick,2674,Yes,6199,No,0,No,Yes,4814,UPI,Standard,3.3,3.8
SES500835,CUST11866,2025-02-18 00:00:00,18,MALE,Delhi,New,0,Mobile,Instagram,10.9,14,4,Sports,Yoga Mat,1685,No,0,Yes,5,Yes,No,0,Wallet,Standard,,
SES501867,CUST10124,2025-03-13 00:00:00,29,MALE,Chennai,New,0,Mobile,Referral,9.2,9,3,Fashion,Jeans,1337,Yes,1438,Yes,15,Yes,No,0,Credit Card,Standard,,
SES502497,CUST11575,2025-11-17 00:00:00,25,MALE,Kolkata,New,0,Desktop,Google,9.8,6,6,Home & Kitchen,Coffee Maker,1714,No,0,No,0,No,No,0,Wallet,Same Day,,
SES503017,CUST11752,2026-06-11 00:00:00,18,MALE,Jaipur,Returning,5,Mobile,Referral,10.9,9,4,Sports,Yoga Mat,5715,Yes,11777,No,0,No,No,0,UPI,Express,,
SES504536,CUST10260,2026-05-19 00:00:00,45,MALE,Delhi,Returning,8,Mobile,Facebook,21.1,6,5,Fashion,Kurta,1133,Yes,2372,Yes,15,Yes,Yes,1587,Cash on Delivery,Express,3.3,4.4
SES502011,CUST10461,2025-10-19 00:00:00,41,FEMALE,Bangalore,Returning,10,Desktop,Email,14,9,5,Sports,Yoga Mat,11587,Yes,18070,No,0,No,Yes,21058,Credit Card,Standard,4.1,4.1
SES505500,CUST11821,2026-01-22 00:00:00,18,MALE,Kolkata,Returning,9,Mobile,Facebook,4.7,11,1,Fashion,Sneakers,2841,Yes,3955,No,0,No,Yes,3228,Net Banking,Express,3.8,4.6
SES500341,CUST10634,2025-07-31 00:00:00,38,MALE,Ahmedabad,Returning,8,Desktop,Google,11.6,7,4,Home & Kitchen,Table Lamp,10811,Yes,19796,No,0,No,No,0,Debit Card,Standard,,
SES504196,CUST10495,2026-03-06 00:00:00,36,MALE,Chennai,Returning,3,Mobile,Direct,10.2,5,4,Beauty,Perfume,3622,No,0,Yes,15,Yes,No,0,Debit Card,Express,,
SES501602,CUST10851,2025-01-15 00:00:00,32,MALE,Lucknow,Returning,7,Desktop,Direct,2.3,3,4,Books,Biography,2451,Yes,2285,Yes,15,Yes,No,0,Credit Card,Standard,,
SES502797,CUST11465,2026-02-11 00:00:00,46,FEMALE,Chennai,Returning,15,Desktop,Google,17,12,4,Home & Kitchen,Table Lamp,8923,Yes,7518,No,0,No,No,0,Cash on Delivery,Same Day,,
SES504875,CUST11888,2025-07-01 00:00:00,25,MALE,Mumbai,Returning,4,Mobile,YouTube,7.5,10,1,Fashion,Jeans,4941,No,0,Yes,20,Yes,Yes,6986,Wallet,Express,4.4,2.2
SES505662,CUST12195,2025-09-01 00:00:00,35,MALE,Delhi,New,0,Mobile,YouTube,2.9,7,3,Fashion,Kurta,1991,No,0,No,0,No,No,0,UPI,Express,,
SES500481,CUST10456,2025-09-13 00:00:00,29,MALE,Pune,Returning,10,Desktop,Instagram,8.4,3,3,Sports,Football,9900,No,0,Yes,10,No,No,0,UPI,Standard,,
SES503876,CUST11491,2026-04-25 00:00:00,37,FEMALE,Kolkata,New,0,Desktop,YouTube,11,6,6,Books,Biography,1949,No,0,Yes,25,Yes,No,0,Wallet,Express,,
SES503726,CUST11826,2025-12-23 00:00:00,41,MALE,Jaipur,New,0,Mobile,Referral,14.2,6,5,Electronics,Bluetooth Speaker,33402,Yes,73084,Yes,15,Yes,Yes,56198,Net Banking,Standard,3.3,4.6
SES504394,CUST10527,2025-08-03 00:00:00,34,FEMALE,Mumbai,New,0,Mobile,Direct,8.3,11,1,Electronics,Smart Watch,33031,Yes,31431,No,0,No,Yes,61105,UPI,Standard,3.5,3.9
SES502786,CUST11046,2025-11-13 00:00:00,18,MALE,Bangalore,New,0,Mobile,YouTube,0.8,4,1,Home & Kitchen,Table Lamp,2063,No,0,No,0,No,No,0,UPI,Same Day,,
SES501524,CUST12021,2026-04-20 00:00:00,37,FEMALE,Pune,New,0,Desktop,Referral,2,7,4,Books,Biography,1418,No,0,No,0,No,No,0,UPI,Express,,
SES503622,CUST11328,2026-01-06 00:00:00,18,FEMALE,Chennai,New,0,Mobile,Instagram,12.5,7,2,Fashion,Kurta,605,No,0,No,0,No,No,0,Credit Card,Standard,,
SES504491,CUST11067,2026-02-05 00:00:00,18,FEMALE,Bangalore,New,0,Desktop,YouTube,14.3,13,5,Fashion,T-Shirt,2111,Yes,4279,No,0,No,Yes,3833,UPI,Same Day,3,4.8
SES505350,CUST11095,2026-04-10 00:00:00,29,FEMALE,New Delhi,New,0,Mobile,Instagram,8.2,9,6,Electronics,Bluetooth Speaker,14545,Yes,15002,No,0,No,No,0,UPI,Express,,
SES505591,CUST10434,2025-09-03 00:00:00,37,FEMALE,Delhi,Returning,7,Mobile,Google,12.3,8,5,Home & Kitchen,Storage Box,4417,No,0,No,0,No,No,0,UPI,Same Day,,
SES505960,CUST11075,2025-11-08 00:00:00,33,FEMALE,Hyderabad,Returning,15,Desktop,Facebook,10.7,5,2,Electronics,Power Bank,14322,No,0,No,0,No,No,0,Debit Card,Express,,
SES500800,CUST11066,2025-01-09 00:00:00,27,FEMALE,Mumbai,Returning,13,Mobile,Google,4.9,7,3,Books,Biography,1733,No,0,Yes,15,No,No,0,Net Banking,Standard,,
SES501767,CUST10149,2025-10-01 00:00:00,18,FEMALE,Jaipur,New,0,Tablet,Facebook,7.1,10,5,Electronics,Headphones,23711,No,0,Yes,5,Yes,No,0,UPI,Standard,,
SES505988,CUST10863,2025-12-18 00:00:00,40,FEMALE,Jaipur,Returning,3,Mobile,Direct,9.2,10,5,Fashion,Jacket,6727,No,0,Yes,25,Yes,No,0,UPI,Express,,
SES503026,CUST11462,2026-06-09 00:00:00,32,MALE,Mumbai,Returning,3,Mobile,Instagram,3.5,4,4,Sports,Dumbbells,11163,Yes,10128,Yes,15,Yes,Yes,21174,UPI,Express,4.4,2.8
SES502454,CUST11937,2025-06-07 00:00:00,18,MALE,Jaipur,Returning,9,Desktop,Instagram,4.3,10,3,Sports,Running Shoes,7606,No,0,No,0,No,No,0,Wallet,Standard,,
SES504368,CUST11261,2026-06-09 00:00:00,30,MALE,Mumbai,Returning,15,Mobile,Google,12.1,6,10,Fashion,Jeans,1916,No,0,Yes,20,Yes,No,0,UPI,Standard,,
SES504765,CUST10374,2025-06-24 00:00:00,23,MALE,Ahmedabad,New,0,Mobile,Email,9,9,6,Sports,Football,6572,No,0,Yes,30,Yes,No,0,Cash on Delivery,Express,,
SES504881,CUST10274,2025-09-01 00:00:00,34,FEMALE,Delhi,Returning,2,Mobile,Facebook,6.1,9,3,Electronics,Bluetooth Speaker,12293,No,0,Yes,15,Yes,Yes,9884,Credit Card,Same Day,4.4,4.1
SES503705,CUST10944,2025-05-04 00:00:00,42,MALE,Chennai,New,0,Mobile,YouTube,2.9,9,2,Electronics,Bluetooth Speaker,20827,No,0,Yes,10,Yes,No,0,Credit Card,Express,,
SES505641,CUST10546,2025-03-19 00:00:00,48,FEMALE,Hyderabad,Returning,5,Mobile,Unknown,6.4,8,6,Fashion,Sneakers,3039,Yes,5866,No,0,No,Yes,5217,Debit Card,Same Day,4.5,4.1
SES500364,CUST11636,2026-05-08 00:00:00,31,MALE,Kolkata,Returning,11,Desktop,Instagram,3.7,9,5,Fashion,T-Shirt,5749,Yes,5179,Yes,20,Yes,Yes,6546,UPI,Standard,3.6,5
SES501272,CUST10586,2025-04-14 00:00:00,28,MALE,Hyderabad,Returning,3,Desktop,Referral,11.2,5,2,Home & Kitchen,Coffee Maker,10035,No,0,No,0,No,No,0,Credit Card,Standard,,
SES502004,CUST10213,2025-03-22 00:00:00,50,FEMALE,Bangalore,New,0,Desktop,Google,8.6,9,2,Fashion,Jeans,4947,Yes,4535,Yes,15,Yes,Yes,7254,UPI,Same Day,3.2,4.3
SES505425,CUST11470,2025-05-13 00:00:00,43,MALE,Delhi,New,1,Mobile,Google,11.8,5,5,Electronics,Bluetooth Speaker,10834,No,0,No,0,No,No,0,Debit Card,Standard,,
SES505400,CUST11026,2026-06-27 00:00:00,40,MALE,Jaipur,New,0,Desktop,Direct,9.5,11,6,Sports,Football,11514,Yes,21635,No,0,No,No,0,Wallet,Standard,,
SES505655,CUST10085,2025-12-19 00:00:00,24,FEMALE,Hyderabad,Returning,13,Desktop,YouTube,3.5,2,4,Home & Kitchen,Cookware Set,2853,No,0,No,0,No,No,0,Wallet,Standard,,
SES504983,CUST11351,2025-12-03 00:00:00,28,FEMALE,Bangalore,Returning,4,Mobile,Direct,5.2,5,1,Beauty,Lipstick,1478,Yes,3498,No,0,No,No,0,UPI,Standard,,
SES500348,CUST11213,2026-01-30 00:00:00,43,UNKNOWN,Bangalore,Returning,9,Mobile,Direct,10.9,7,3,Books,Academic Book,1413,No,0,Yes,10,Yes,No,0,UPI,Standard,,
SES503351,CUST10390,2025-12-28 00:00:00,33,FEMALE,Bangalore,Returning,10,Desktop,Facebook,9.7,5,1,Fashion,Jacket,4087,No,0,Yes,25,Yes,Yes,7023,Debit Card,Standard,3.1,5
SES505847,CUST10473,2026-04-12 00:00:00,26,MALE,Bangalore,New,0,Mobile,Instagram,3.1,6,3,Books,Fiction Book,1690,Yes,2955,No,0,No,Yes,1491,Debit Card,Express,3.8,4.8
SES503614,CUST10351,2026-02-09 00:00:00,43,MALE,Mumbai,Returning,11,Desktop,Instagram,3.6,15,5,Electronics,Bluetooth Speaker,30746,No,0,Yes,20,Yes,Yes,49323,Credit Card,Express,3.7,5
SES505570,CUST10221,2026-05-07 00:00:00,18,FEMALE,Kolkata,Returning,10,Mobile,Google,23.3,6,2,Home & Kitchen,Cookware Set,1143,Yes,2833,No,0,No,Yes,1478,Cash on Delivery,Express,3.7,3.6
SES502563,CUST11131,2025-03-27 00:00:00,49,FEMALE,Kolkata,Returning,11,Mobile,Instagram,6,5,3,Beauty,Face Wash,1923,Yes,4620,No,0,No,Yes,3661,Credit Card,Express,4,4.6
SES503028,CUST11523,2025-11-23 00:00:00,27,MALE,Delhi,Returning,11,Mobile,Google,9,6,3,Sports,Running Shoes,10960,Yes,13779,Yes,10,No,Yes,10556,Cash on Delivery,Standard,3.7,2.8
SES504735,CUST11696,2026-05-29 00:00:00,23,FEMALE,Jaipur,New,0,Mobile,YouTube,16.6,12,3,Electronics,Power Bank,18473,Yes,22383,No,0,No,Yes,32277,Wallet,Standard,4,3.2
SES505529,CUST11877,2025-04-23 00:00:00,35,MALE,Pune,Returning,7,Mobile,Google,7.6,7,9,Electronics,Wireless Earbuds,14456,No,0,Yes,10,No,No,0,Credit Card,Express,,
SES501424,CUST10022,2026-04-11 00:00:00,29,FEMALE,Delhi,Returning,5,Mobile,Instagram,1.2,6,4,Fashion,Kurta,3622,Yes,8073,Yes,20,No,Yes,3625,UPI,Standard,3.9,5
SES500657,CUST10337,2026-05-26 00:00:00,20,MALE,Delhi,New,0,Mobile,Facebook,4.8,6,4,Fashion,Jeans,4996,No,0,No,0,No,No,0,UPI,Standard,,
SES503084,CUST11983,2025-05-19 00:00:00,36,FEMALE,Pune,Returning,13,Mobile,Google,7.1,5,5,Sports,Dumbbells,9507,Yes,15666,No,0,No,Yes,18011,Credit Card,Express,3.1,5
SES505555,CUST10197,2025-05-05 00:00:00,31,MALE,Delhi,Returning,4,Mobile,Email,4.3,5,5,Fashion,Jacket,2998,No,0,Yes,10,No,No,0,UPI,Express,,
SES502103,CUST10198,2025-06-14 00:00:00,40,MALE,Kolkata,New,0,Mobile,YouTube,14.2,5,4,Electronics,Headphones,1741,Yes,3618,No,0,No,No,0,Credit Card,Same Day,,
SES500633,CUST10360,2026-05-11 00:00:00,24,MALE,Mumbai,Returning,8,Mobile,Direct,10,5,4,Electronics,Headphones,31621,Yes,52223,No,0,No,No,0,UPI,Standard,,
SES504886,CUST10479,2025-10-09 00:00:00,46,FEMALE,Delhi,New,0,Mobile,Facebook,18.7,7,2,Books,Biography,2481,No,0,Yes,15,Yes,No,0,Debit Card,Standard,,
SES502494,CUST10856,2026-05-16 00:00:00,25,FEMALE,Mumbai,New,0,Mobile,Instagram,11.7,5,3,Sports,Yoga Mat,7215,No,0,No,0,No,No,0,UPI,Standard,,
SES502666,CUST12112,2025-10-17 00:00:00,38,MALE,Chennai,Returning,5,Desktop,Instagram,6.1,13,3,Books,Fiction Book,1393,No,0,Yes,15,No,No,0,Wallet,Standard,,
SES504648,CUST11772,2025-12-05 00:00:00,33,FEMALE,Kolkata,New,1,Mobile,Instagram,4.6,11,4,Beauty,Face Wash,4120,Yes,4656,Yes,15,Yes,Yes,3902,Credit Card,Standard,2.5,4.2
SES504668,CUST11436,2025-11-30 00:00:00,26,MALE,Ahmedabad,New,0,Tablet,Instagram,0.5,7,1,Fashion,Jacket,2588,No,0,Yes,10,Yes,No,0,Debit Card,Same Day,,
SES504273,CUST12075,2025-04-20 00:00:00,35,FEMALE,Ahmedabad,Returning,12,Desktop,Email,16,6,5,Electronics,Power Bank,7251,Yes,8906,Yes,10,Yes,Yes,8161,UPI,Same Day,5,2.6
SES502335,CUST11959,2025-06-18 00:00:00,27,MALE,Bangalore,New,0,Desktop,Instagram,4.3,7,3,Electronics,Bluetooth Speaker,9148,No,0,No,0,No,No,0,UPI,Standard,,
SES503549,CUST10490,2025-07-13 00:00:00,18,FEMALE,Pune,Returning,6,Desktop,Instagram,9.8,5,4,Beauty,Face Wash,3549,Yes,6761,No,0,No,Yes,3791,Credit Card,Express,4.4,4.6
SES504619,CUST11114,2025-10-14 00:00:00,48,FEMALE,Kolkata,New,0,Desktop,Direct,8.1,6,5,Beauty,Perfume,1234,Yes,2749,No,0,No,Yes,1113,Debit Card,Standard,4.5,4.1
SES502501,CUST10907,2025-01-10 00:00:00,28,FEMALE,Lucknow,Returning,15,Tablet,Google,8.3,8,4,Beauty,Lipstick,4292,No,0,No,0,No,No,0,Debit Card,Express,,
SES503620,CUST12047,2026-04-28 00:00:00,34,MALE,Bangalore,New,0,Desktop,Google,5.9,11,5,Electronics,Smart Watch,24811,No,0,Yes,15,No,No,0,Credit Card,Standard,,
SES501466,CUST12200,2025-05-01 00:00:00,20,MALE,Chennai,New,0,Desktop,Google,12.5,5,4,Fashion,Sneakers,3537,No,0,No,0,No,No,0,UPI,Same Day,,
SES504849,CUST11908,2026-04-27 00:00:00,20,MALE,Delhi,New,0,Desktop,YouTube,2.8,10,8,Home & Kitchen,Coffee Maker,11974,No,0,Yes,20,Yes,No,0,UPI,Standard,,
SES505657,CUST10049,2026-05-27 00:00:00,41,FEMALE,Hyderabad,New,0,Desktop,Instagram,9.7,13,2,Beauty,Shampoo,3455,No,0,Yes,10,Yes,No,0,upi,Standard,,
SES504872,CUST10045,2025-01-13 00:00:00,30,MALE,Delhi,New,0,Mobile,Instagram,14,8,3,Beauty,Perfume,2205,Yes,3360,Yes,10,Yes,Yes,3466,Credit Card,Standard,4.7,4.6
SES500116,CUST10796,2025-08-15 00:00:00,18,FEMALE,Mumbai,New,0,Mobile,Referral,3.3,9,5,Beauty,Shampoo,3292,No,0,Yes,10,Yes,No,0,UPI,Standard,,
SES501822,CUST11049,2025-09-29 00:00:00,24,MALE,Bangalore,Returning,5,Mobile,Instagram,6.1,5,3,Sports,Dumbbells,10541,Yes,13206,Yes,5,No,No,0,Debit Card,Standard,,
SES501495,CUST10014,2025-03-28 00:00:00,18,MALE,Kolkata,Returning,13,Mobile,Facebook,13,5,6,Fashion,Jacket,2413,No,0,No,0,No,No,0,Wallet,Standard,,
SES502402,CUST11800,2025-08-10 00:00:00,37,MALE,Delhi,Returning,14,Mobile,Instagram,11.7,7,5,Electronics,Headphones,7829,No,0,No,0,No,No,0,Debit Card,Express,,
SES503875,CUST11591,2025-04-18 00:00:00,21,FEMALE,Kolkata,New,0,Mobile,YouTube,14.2,4,3,Beauty,Moisturizer,1560,No,0,No,0,No,No,0,Cash on Delivery,Express,,
SES501233,CUST12088,2025-07-14 00:00:00,36,FEMALE,Delhi,Returning,15,Mobile,Google,8.9,7,3,Home & Kitchen,Storage Box,4662,Yes,5455,No,0,No,Yes,7832,UPI,Express,3.8,5
SES502662,CUST11308,2026-04-08 00:00:00,42,FEMALE,Mumbai,Returning,15,Desktop,Email,11.6,6,3,Electronics,Power Bank,11273,No,0,Yes,20,Yes,No,0,Wallet,Standard,,
SES502818,CUST12189,2025-10-07 00:00:00,18,MALE,Hyderabad,Returning,9,Mobile,Direct,7.8,8,5,Fashion,Jeans,4671,Yes,9870,Yes,15,Yes,No,0,UPI,Standard,,
SES501196,CUST10580,2025-07-04 00:00:00,29,MALE,Mumbai,New,0,Mobile,Instagram,3.1,8,3,Books,Fiction Book,1106,No,0,Yes,5,No,No,0,Debit Card,Standard,,
SES505509,CUST10282,2026-05-27 00:00:00,42,FEMALE,Delhi,Returning,11,Mobile,YouTube,4.3,3,9,Home & Kitchen,Storage Box,3736,Yes,5667,Yes,10,Yes,Yes,6865,UPI,Same Day,3.5,3.4
SES501154,CUST10432,2025-08-30 00:00:00,22,FEMALE,Mumbai,Returning,5,Mobile,Google,10.2,5,1,Fashion,T-Shirt,525,Yes,1201,No,0,No,Yes,1017,Net Banking,Express,4.1,5
SES503910,CUST10493,2025-07-06 00:00:00,38,FEMALE,Chennai,New,0,Mobile,Google,20.7,12,6,Electronics,Power Bank,11112,Yes,22258,Yes,30,No,No,0,UPI,Standard,,
SES505082,CUST11707,2025-06-21 00:00:00,40,MALE,Mumbai,New,0,Desktop,Referral,5.2,6,2,Beauty,Moisturizer,1229,No,0,No,0,No,No,0,Credit Card,Express,,
SES505356,CUST10143,2026-01-19 00:00:00,33,FEMALE,Pune,Returning,2,Desktop,Google,2,13,5,Fashion,Sneakers,1444,Yes,2825,No,0,No,No,0,UPI,Standard,,
SES500058,CUST11276,2026-02-16 00:00:00,25,MALE,Bangalore,Returning,14,Mobile,Facebook,14.8,5,6,Beauty,Moisturizer,1510,Yes,2480,No,0,No,Yes,2646,Credit Card,Standard,3.9,4.4
SES504826,CUST11613,2026-02-11 00:00:00,21,MALE,Mumbai,Returning,14,Desktop,Direct,8.2,6,6,Home & Kitchen,Coffee Maker,6573,Yes,8505,No,0,No,No,0,Cash on Delivery,Standard,,
SES503884,CUST11391,2026-04-15 00:00:00,29,MALE,Ahmedabad,Returning,7,Mobile,Direct,2.6,7,6,Fashion,Sneakers,1486,Yes,2336,Yes,10,Yes,No,0,Debit Card,Express,,
SES503062,CUST12147,2025-06-14 00:00:00,40,FEMALE,Delhi,New,0,Mobile,Instagram,8.8,7,3,Fashion,Kurta,1503,Yes,3100,Yes,10,Yes,Yes,1944,Cash on Delivery,Express,3.8,4.2
SES505150,CUST11506,2026-05-08 00:00:00,24,MALE,Ahmedabad,New,1,Mobile,YouTube,16.7,4,6,Fashion,Sneakers,3623,Yes,8360,Yes,15,Yes,No,0,UPI,Standard,,
SES505970,CUST10502,2026-01-15 00:00:00,18,FEMALE,Pune,New,0,Desktop,Direct,11.9,6,5,Electronics,Headphones,33609,Yes,39235,No,0,No,No,0,UPI,Same Day,,
SES501736,CUST11736,2025-09-17 00:00:00,45,MALE,Hyderabad,Returning,5,Mobile,Google,6,8,3,Fashion,T-Shirt,3189,Yes,2910,Yes,25,Yes,No,0,CREDIT CARD,Same Day,,
SES505432,CUST11272,2026-03-29 00:00:00,47,MALE,Delhi,Returning,10,Desktop,Google,17.1,11,8,Books,Academic Book,2414,Yes,2916,No,0,No,Yes,5293,UPI,Standard,5,4.1
SES502824,CUST10929,2025-06-16 00:00:00,36,FEMALE,Mumbai,Returning,2,Mobile,Direct,8.9,6,4,Sports,Running Shoes,11522,Yes,21511,Yes,20,No,No,0,Debit Card,Standard,,
SES502197,CUST10629,2025-04-04 00:00:00,26,MALE,Delhi,Returning,15,Mobile,Google,3.8,7,3,Electronics,Wireless Earbuds,22292,No,0,No,0,No,No,0,Debit Card,Standard,,
SES500160,CUST11696,2026-05-08 00:00:00,31,MALE,Delhi,New,0,Desktop,Instagram,16.3,8,1,Fashion,Sneakers,4033,Yes,6172,No,0,No,No,0,UPI,Standard,,
SES505193,CUST11243,2025-12-11 00:00:00,19,FEMALE,Ahmedabad,New,0,Desktop,Google,4.9,4,3,Electronics,Bluetooth Speaker,28960,Yes,63735,Yes,30,Yes,Yes,49073,UPI,Standard,4.8,4.8
SES502476,CUST10881,2025-09-12 00:00:00,24,FEMALE,Mumbai,Returning,5,Mobile,YouTube,5.6,9,4,Beauty,Perfume,1913,No,0,Yes,10,Yes,No,0,Debit Card,Standard,,
SES502565,CUST10375,2026-06-15 00:00:00,30,MALE,Bangalore,New,0,Mobile,Instagram,12.4,8,6,Fashion,Jeans,489,No,0,No,0,No,No,0,UPI,Express,,
SES504318,CUST11363,2025-03-13 00:00:00,25,FEMALE,Kolkata,Returning,9,Tablet,Instagram,13.6,9,4,Fashion,Jeans,4333,No,0,No,0,No,No,0,Cash on Delivery,Standard,,
SES505075,CUST11446,2025-12-28 00:00:00,32,MALE,Delhi,New,0,Mobile,Instagram,14.3,7,4,Fashion,Sneakers,6139,Yes,8761,No,0,No,No,0,Wallet,Express,,
SES504163,CUST11030,2026-01-15 00:00:00,58,FEMALE,Ahmedabad,Returning,10,Mobile,Facebook,21.1,4,7,Home & Kitchen,Cookware Set,3098,Yes,7494,No,0,No,Yes,4227,Credit Card,Express,4.2,3.5
SES502609,CUST10363,2025-09-02 00:00:00,32,FEMALE,Mumbai,New,0,Mobile,YouTube,8.5,8,1,Sports,Cricket Bat,1013,No,0,Yes,5,No,Yes,1652,Debit Card,Express,3.3,3.4
SES504662,CUST11450,2025-05-02 00:00:00,44,FEMALE,Hyderabad,Returning,4,Mobile,YouTube,5.5,6,3,Beauty,Perfume,3080,Yes,5747,No,0,No,Yes,4339,UPI,Standard,4.6,3.9
SES500708,CUST11542,2025-10-06 00:00:00,40,UNKNOWN,Ahmedabad,New,0,Mobile,Unknown,10.2,10,4,Home & Kitchen,Cookware Set,9686,Yes,18179,Yes,15,No,No,0,Credit Card,Standard,,
SES503047,CUST11290,2025-04-27 00:00:00,46,MALE,Mumbai,Returning,5,Desktop,Direct,6.9,9,4,Electronics,Wireless Earbuds,23056,No,0,No,0,No,No,0,Wallet,Standard,,
SES505141,CUST10122,2025-05-09 00:00:00,24,MALE,Lucknow,Returning,15,Desktop,Instagram,11.5,7,3,Sports,Football,10883,Yes,23531,No,0,No,Yes,12797,Debit Card,Standard,3.9,4.9
SES501094,CUST10250,2026-01-16 00:00:00,20,FEMALE,Hyderabad,Returning,5,Mobile,Instagram,2.5,13,2,Electronics,Smart Watch,4266,No,0,Yes,15,No,No,0,Cash on Delivery,Express,,
SES504600,CUST11180,2025-07-09 00:00:00,31,FEMALE,Bangalore,New,0,Desktop,Referral,10.8,10,3,Fashion,T-Shirt,1963,Yes,2314,Yes,10,Yes,No,0,UPI,Standard,,
SES501377,CUST11112,2026-06-27 00:00:00,31,FEMALE,Mumbai,Returning,2,Mobile,Referral,5,8,3,Fashion,T-Shirt,5353,Yes,10418,Yes,25,Yes,Yes,4472,Debit Card,Standard,3.7,2.4
SES505933,CUST11935,2026-01-22 00:00:00,26,FEMALE,Unknown,New,0,Tablet,Instagram,7.7,2,3,Beauty,Lipstick,2373,No,0,No,0,No,No,0,Credit Card,Standard,,
SES500073,CUST11496,2025-04-28 00:00:00,33,MALE,Bangalore,New,0,Mobile,YouTube,7,10,2,Home & Kitchen,Table Lamp,11395,No,0,Yes,15,No,Yes,13472,UPI,Standard,3.4,4.8
SES501923,CUST10079,2026-06-20 00:00:00,24,MALE,Delhi,New,0,Mobile,Email,16.7,3,7,Beauty,Shampoo,4203,Yes,4188,No,0,No,Yes,8351,Cash on Delivery,Same Day,4.4,2.4
SES504073,CUST10590,2025-07-20 00:00:00,33,MALE,Ahmedabad,New,0,Mobile,Facebook,6.3,11,5,Home & Kitchen,Storage Box,5498,No,0,Yes,25,Yes,Yes,4250,UPI,Standard,4.5,4.9
SES504329,CUST10016,2025-02-22 00:00:00,19,MALE,Pune,New,0,Mobile,Facebook,5.3,9,1,Fashion,Sneakers,1340,Yes,2862,No,0,No,Yes,1185,Net Banking,Standard,3.2,4.9
SES501765,CUST10364,2025-03-23 00:00:00,20,MALE,Chennai,Returning,2,Desktop,Email,8.8,9,5,Electronics,Power Bank,1208,No,0,No,0,No,Yes,2331,UPI,Standard,4.6,4.3
SES500744,CUST11434,2026-02-21 00:00:00,39,FEMALE,Mumbai,Returning,11,Mobile,Direct,18.6,4,6,Sports,Running Shoes,2239,Yes,4308,Yes,10,Yes,Yes,,Debit Card,Standard,3.4,4.5
SES504109,CUST10432,2025-03-31 00:00:00,26,FEMALE,Mumbai,New,0,Mobile,Email,6.6,5,3,Fashion,Sneakers,4219,No,0,Yes,15,Yes,No,0,Cash on Delivery,Standard,,
SES501006,CUST12176,2026-02-27 00:00:00,24,MALE,Pune,New,0,Mobile,Google,12.8,9,3,Sports,Yoga Mat,3997,Yes,9307,Yes,10,Yes,Yes,4709,UPI,Standard,3.3,4.2
SES502669,CUST10267,2025-10-17 00:00:00,46,FEMALE,Mumbai,Returning,10,Mobile,Email,21.3,3,3,Home & Kitchen,Coffee Maker,13753,Yes,29042,Yes,15,Yes,No,0,UPI,Standard,,
SES501191,CUST10003,2026-01-15 00:00:00,31,FEMALE,Mumbai,New,1,Mobile,Email,8.7,6,9,Electronics,Smart Watch,22211,No,0,Yes,25,Yes,No,0,UPI,Standard,,
SES504340,CUST11372,2025-06-13 00:00:00,34,MALE,Ahmedabad,New,0,Mobile,Referral,4.5,9,5,Electronics,Power Bank,862,No,0,Yes,10,Yes,Yes,708,Credit Card,Same Day,3.6,4
SES502602,CUST11458,2025-05-22 00:00:00,32,MALE,Hyderabad,New,0,Mobile,Google,10.1,2,5,Fashion,Jacket,6820,Yes,14148,Yes,15,No,No,0,Credit Card,Standard,,
SES501126,CUST10759,2026-01-10 00:00:00,29,FEMALE,Ahmedabad,New,0,Tablet,Email,19.8,3,2,Beauty,Moisturizer,1416,No,0,Yes,15,Yes,Yes,1490,Credit Card,Standard,4.6,4.4
SES501242,CUST11717,2025-04-17 00:00:00,21,MALE,Pune,New,0,Mobile,Instagram,2.8,11,8,Home & Kitchen,Storage Box,4359,No,0,No,0,No,No,0,UPI,Standard,,
SES504084,CUST10006,2026-02-28 00:00:00,35,MALE,Lucknow,Returning,6,Mobile,Google,9.9,5,2,Fashion,Kurta,2358,Yes,3666,Yes,10,Yes,Yes,3995,UPI,Standard,5,3.9
SES505403,CUST11546,2025-03-08 00:00:00,20,MALE,Delhi,New,1,Mobile,Instagram,12.4,4,2,Electronics,Power Bank,33333,Yes,39002,No,0,No,Yes,55310,UPI,Express,3.4,3.5
SES504970,CUST11099,2025-06-16 00:00:00,25,MALE,Bangalore,Returning,5,Mobile,Google,10,7,4,Electronics,Wireless Earbuds,14765,No,0,No,0,No,No,0,UPI,Standard,,
SES505683,CUST11554,2025-06-07 00:00:00,26,FEMALE,Bangalore,New,1,Mobile,Instagram,11.8,9,5,Books,Self Help Book,2121,No,0,Yes,15,Yes,No,0,Cash on Delivery,Standard,,
SES503352,CUST10295,2025-06-16 00:00:00,31,MALE,Mumbai,New,0,Mobile,Instagram,4.3,5,4,Fashion,Jacket,1033,Yes,1816,No,0,No,No,0,Cash on Delivery,Standard,,
SES500999,CUST11782,2026-04-01 00:00:00,25,FEMALE,Chennai,New,0,Mobile,YouTube,8.8,8,5,Electronics,Bluetooth Speaker,5091,No,0,No,0,No,No,0,Cash on Delivery,Standard,,
SES504644,CUST10172,2026-03-09 00:00:00,45,MALE,Bangalore,Returning,4,Mobile,Google,4.9,8,2,Electronics,Power Bank,17502,No,0,Yes,10,Yes,No,0,UPI,Express,,
SES503825,CUST11854,2025-04-17 00:00:00,33,FEMALE,Delhi,New,0,Mobile,Direct,4.9,8,5,Electronics,Wireless Earbuds,24830,No,0,No,0,No,No,0,Credit Card,Standard,,
SES504009,CUST12186,2025-03-29 00:00:00,26,MALE,Mumbai,Returning,3,Mobile,Google,9.4,4,6,Fashion,Sneakers,3715,Yes,6496,No,0,No,Yes,5418,UPI,Standard,4.7,4.8
SES504078,CUST10655,2026-02-26 00:00:00,28,MALE,Lucknow,New,0,Mobile,Google,8.2,7,5,Sports,Football,3983,No,0,Yes,10,Yes,No,0,Wallet,Standard,,
SES502685,CUST10864,2026-06-01 00:00:00,45,MALE,Jaipur,Returning,2,Tablet,Email,19,4,4,Fashion,Jeans,6318,No,0,No,0,No,No,0,UPI,Standard,,
SES505222,CUST12080,2026-01-07 00:00:00,18,MALE,Mumbai,New,0,Desktop,Google,12.4,3,6,Beauty,Shampoo,3039,No,0,No,0,No,No,0,Credit Card,Standard,,
SES501578,CUST10588,2026-02-14 00:00:00,33,FEMALE,Chennai,New,0,Tablet,Google,12.6,7,4,Electronics,Headphones,33329,No,0,No,0,No,No,0,Credit Card,Express,,
SES503907,CUST10342,2025-07-11 00:00:00,26,MALE,Bangalore,New,0,Mobile,Email,7.2,11,2,Beauty,Moisturizer,2619,No,0,No,0,No,No,0,UPI,Standard,,
SES503730,CUST10564,2025-06-29 00:00:00,33,MALE,Bangalore,New,0,Mobile,Facebook,4,4,3,Sports,Yoga Mat,634,No,0,Yes,15,Yes,No,0,UPI,Same Day,,
SES503669,CUST10616,2026-04-15 00:00:00,18,FEMALE,Delhi,New,0,Tablet,Email,4.8,8,5,Home & Kitchen,Bedsheet,10723,No,0,No,0,No,No,0,Credit Card,Express,,
SES505775,CUST10932,2026-01-29 00:00:00,33,FEMALE,Mumbai,New,1,Mobile,Direct,1.9,5,6,Beauty,Shampoo,3673,No,0,No,0,No,No,0,Credit Card,Express,,
SES501827,CUST11980,2026-06-04 00:00:00,40,MALE,Chennai,Returning,2,Mobile,Direct,19.6,12,4,Home & Kitchen,Coffee Maker,2880,No,0,No,0,No,No,0,Credit Card,Standard,,
SES501344,CUST10693,2026-05-17 00:00:00,27,MALE,Jaipur,Returning,9,Mobile,Unknown,6.7,8,4,Electronics,Headphones,5817,Yes,13169,No,0,No,Yes,12147,Wallet,Standard,3.8,4.4
SES505552,CUST11756,2026-06-16 00:00:00,35,MALE,Bangalore,Returning,7,Tablet,Referral,7.6,7,3,Beauty,Perfume,3266,Yes,7590,No,0,No,No,0,UPI,Express,,
SES505283,CUST12017,2025-04-05 00:00:00,24,MALE,Kolkata,Returning,6,Mobile,Google,10.3,5,2,Electronics,Bluetooth Speaker,32823,No,0,No,0,No,Yes,51352,Credit Card,Standard,2.6,3.1
SES500441,CUST11210,2026-06-02 00:00:00,18,FEMALE,Mumbai,New,0,Desktop,Facebook,13.1,7,8,Sports,Running Shoes,2122,Yes,3793,No,0,No,No,0,Cash on Delivery,Express,,
SES505976,CUST11006,2026-03-04 00:00:00,18,MALE,Bangalore,New,0,Desktop,Facebook,4.9,8,4,Sports,Football,9525,No,0,Yes,5,No,No,0,Cash on Delivery,Express,,
SES501101,CUST10727,2026-05-19 00:00:00,22,MALE,Ahmedabad,New,0,Desktop,Direct,3.4,8,4,Fashion,Kurta,942,Yes,1678,No,0,No,Yes,1407,UPI,Standard,3.3,4.9
SES502638,CUST11378,2025-03-12 00:00:00,27,FEMALE,Ahmedabad,New,0,Desktop,Direct,7.7,5,4,Sports,Dumbbells,10915,No,0,Yes,10,Yes,No,0,Net Banking,Express,,
SES504241,CUST11903,2025-07-06 00:00:00,38,MALE,Delhi,Returning,6,Mobile,Facebook,25.3,7,3,Home & Kitchen,Table Lamp,3468,No,0,Yes,10,Yes,Yes,3132,UPI,Standard,4.9,3.7
SES500650,CUST11754,2025-06-30 00:00:00,30,FEMALE,Mumbai,New,0,Desktop,Google,13,5,1,Home & Kitchen,Coffee Maker,6725,No,0,No,0,No,No,0,UPI,Standard,,
SES501547,CUST10490,2025-02-21 00:00:00,32,FEMALE,Pune,Returning,4,Mobile,Direct,12.3,6,3,Books,Biography,2087,Yes,4918,No,0,No,No,0,Cash on Delivery,Standard,,
SES503232,CUST11693,2026-02-19 00:00:00,35,FEMALE,Mumbai,Returning,8,Mobile,Email,4.7,4,4,Electronics,Wireless Earbuds,30921,No,0,No,0,No,Yes,46278,Debit Card,Standard,4.7,4.4
SES504514,CUST11256,2025-01-05 00:00:00,27,MALE,Delhi,New,0,Desktop,Direct,34,7,5,Books,Business Book,2288,Yes,2939,Yes,10,Yes,Yes,2182,Credit Card,Express,4.1,3.5
SES504582,CUST10913,2025-03-06 00:00:00,20,FEMALE,Jaipur,New,0,Mobile,Instagram,8.7,8,6,Electronics,Wireless Earbuds,16895,Yes,33888,No,0,No,Yes,19394,Net Banking,Standard,3.9,3.8
SES505022,CUST11074,2026-05-15 00:00:00,56,MALE,Ahmedabad,New,0,Mobile,Google,6.8,7,2,Beauty,Moisturizer,4061,Yes,9637,Yes,5,Yes,Yes,6598,Cash on Delivery,Standard,3.3,5
SES504169,CUST10959,2026-06-27 00:00:00,30,FEMALE,Delhi,New,0,Mobile,Facebook,13.1,4,4,Home & Kitchen,Table Lamp,1274,Yes,2274,No,0,No,No,0,Debit Card,Standard,,
SES502853,CUST10873,2025-05-03 00:00:00,31,FEMALE,Kolkata,New,0,Desktop,Direct,6.7,5,5,Electronics,Wireless Earbuds,13770,No,0,No,0,No,No,0,Credit Card,Standard,,
SES503504,CUST10194,2026-05-03 00:00:00,47,FEMALE,Jaipur,New,1,Mobile,Referral,8.4,7,6,Electronics,Headphones,20758,No,0,No,0,No,Yes,33920,UPI,Express,4.3,5
SES504336,CUST12052,2026-03-25 00:00:00,30,FEMALE,Delhi,Returning,6,Mobile,YouTube,13.5,11,3,Electronics,Wireless Earbuds,17953,No,0,Yes,20,Yes,No,0,Cash on Delivery,Standard,,
SES504049,CUST10897,2026-01-21 00:00:00,37,MALE,Kolkata,New,0,Desktop,Instagram,5.2,9,3,Beauty,Perfume,608,No,0,No,0,No,No,0,Credit Card,Standard,,
SES504716,CUST11736,2025-11-15 00:00:00,43,FEMALE,Bangalore,Returning,9,Mobile,Instagram,14,13,3,Fashion,T-Shirt,6808,Yes,8592,Yes,15,Yes,Yes,6221,Credit Card,Express,2.8,3.9
SES500631,CUST11936,2025-08-09 00:00:00,38,FEMALE,Pune,Returning,7,Desktop,Google,11.8,7,5,Fashion,Sneakers,6296,Yes,12768,No,0,No,Yes,7575,UPI,Standard,4.9,2.9
SES500673,CUST10365,2025-12-26 00:00:00,18,MALE,Mumbai,Returning,10,Tablet,Instagram,1.6,11,2,Fashion,Sneakers,6392,No,0,Yes,20,Yes,No,0,UPI,Standard,,
SES501250,CUST10826,2025-07-26 00:00:00,29,MALE,Bangalore,Returning,13,Desktop,Email,21.6,5,1,Electronics,Power Bank,17199,Yes,36168,Yes,30,Yes,Yes,21669,Debit Card,Standard,4,2.9
SES504113,CUST11341,2026-05-13 00:00:00,29,MALE,Mumbai,Returning,14,Desktop,YouTube,10.2,7,1,Books,Self Help Book,453,No,0,No,0,No,No,0,Debit Card,Same Day,,
SES500483,CUST10895,2026-06-13 00:00:00,18,MALE,Bangalore,New,0,Desktop,Facebook,10.8,8,4,Fashion,Kurta,555,No,0,No,0,No,Yes,701,Cash on Delivery,Standard,2.9,4.6
SES501585,CUST12000,2025-12-15 00:00:00,30,FEMALE,Ahmedabad,Returning,13,Desktop,Referral,5.5,2,4,Fashion,Kurta,1354,No,0,No,0,No,No,0,Net Banking,Same Day,,
SES504257,CUST10720,2026-02-08 00:00:00,28,MALE,Kolkata,Returning,2,Mobile,Instagram,5.6,5,7,Home & Kitchen,Table Lamp,4298,No,0,No,0,No,No,0,UPI,Standard,,
SES505574,CUST11014,2025-10-02 00:00:00,27,FEMALE,Bangalore,Returning,15,Mobile,Google,5.8,5,3,Electronics,Wireless Earbuds,21669,No,0,No,0,No,Yes,46284,UPI,Express,3.9,3.2
SES505040,CUST10546,2026-02-01 00:00:00,40,MALE,Jaipur,New,0,Desktop,Instagram,6.3,13,3,Electronics,Wireless Earbuds,30233,No,0,No,0,No,No,0,Debit Card,Standard,,
SES501463,CUST10516,2026-05-12 00:00:00,39,FEMALE,Bangalore,Returning,13,Mobile,Instagram,3.6,8,1,Electronics,Power Bank,5816,No,0,No,0,No,Yes,11861,UPI,Same Day,4.2,4.3
SES503041,CUST11106,2026-03-18 00:00:00,36,MALE,Delhi,New,0,Mobile,YouTube,3.3,7,3,Electronics,Wireless Earbuds,18739,No,0,No,0,No,No,0,Credit Card,Standard,,
SES504042,CUST10615,2026-04-01 00:00:00,47,MALE,Delhi,New,0,Mobile,Referral,3.4,3,3,Fashion,T-Shirt,4269,No,0,No,0,No,No,0,Net Banking,Standard,,
SES505730,CUST12022,2025-04-29 00:00:00,50,FEMALE,Jaipur,New,0,Mobile,Facebook,3,9,5,Electronics,Power Bank,11142,Yes,12096,No,0,No,No,0,Cash on Delivery,Standard,,
SES505439,CUST11042,2025-12-12 00:00:00,24,FEMALE,Bangalore,New,0,Desktop,Referral,6.5,9,3,Home & Kitchen,Coffee Maker,12789,Yes,13907,Yes,10,Yes,No,0,Credit Card,Standard,,
SES504636,CUST11565,2026-02-19 00:00:00,26,MALE,Lucknow,Returning,2,Mobile,Email,9.5,11,3,Beauty,Face Wash,3355,No,0,No,0,No,No,0,Net Banking,Standard,,
SES503274,CUST11089,2025-10-06 00:00:00,21,FEMALE,Lucknow,New,0,Mobile,YouTube,3.2,8,2,Sports,Football,2081,No,0,Yes,10,No,No,0,Wallet,Standard,,
SES503239,CUST10681,2025-04-19 00:00:00,18,MALE,Jaipur,Returning,10,Desktop,Google,10,4,5,Home & Kitchen,Storage Box,2207,Yes,5267,No,0,No,Yes,2378,Cash on Delivery,Standard,3.9,2.8
SES503132,CUST10010,2026-01-29 00:00:00,29,MALE,Bangalore,Returning,11,Mobile,Google,16.5,7,4,Sports,Cricket Bat,2536,No,0,Yes,10,Yes,No,0,UPI,Standard,,
SES503684,CUST11118,2025-09-29 00:00:00,52,FEMALE,Delhi,New,0,Desktop,Unknown,13.5,4,5,Electronics,Wireless Earbuds,10356,Yes,13349,No,0,No,Yes,15706,Cash on Delivery,Standard,3.1,3.2
SES502579,CUST11404,2026-01-18 00:00:00,19,FEMALE,Jaipur,New,0,Desktop,YouTube,12.9,2,3,Sports,Football,1876,Yes,3698,No,0,No,Yes,3266,Debit Card,Standard,2.9,4.2
SES505701,CUST11460,2025-04-23 00:00:00,23,MALE,Lucknow,Returning,12,Desktop,Referral,30.7,13,2,Fashion,T-Shirt,2031,Yes,3746,Yes,5,Yes,Yes,3325,Credit Card,Standard,3.4,3.3
SES500050,CUST10703,2025-09-06 00:00:00,25,MALE,Ahmedabad,New,0,Desktop,Google,13.6,8,3,Sports,Running Shoes,6800,Yes,13332,Yes,10,No,Yes,10382,UPI,Standard,3.7,2.9
SES505151,CUST11917,2026-06-01 00:00:00,39,FEMALE,Mumbai,Returning,4,Mobile,YouTube,5,8,6,Fashion,Sneakers,1023,No,0,No,0,No,No,0,Credit Card,Express,,
SES504240,CUST12120,2025-08-12 00:00:00,20,MALE,Jaipur,New,0,Desktop,Facebook,23.8,5,2,Home & Kitchen,Bedsheet,6776,Yes,8850,Yes,10,Yes,Yes,6889,UPI,Express,2.5,4.7
SES500859,CUST10828,2026-03-16 00:00:00,31,FEMALE,Ahmedabad,Returning,5,Mobile,Referral,14,5,6,Electronics,Headphones,24082,Yes,29157,Yes,5,No,Yes,44846,Cash on Delivery,Standard,3.3,4.4
SES503226,CUST10760,2025-06-28 00:00:00,33,FEMALE,Delhi,New,0,Mobile,Google,9.4,7,3,Beauty,Shampoo,3471,No,0,Yes,10,No,Yes,5306,cash on delivery,Standard,4,3.8
SES501073,CUST10330,2025-09-02 00:00:00,18,MALE,Ahmedabad,Returning,7,Desktop,YouTube,15.1,4,5,Fashion,Jeans,6911,No,0,No,0,No,No,0,UPI,Express,,
SES500720,CUST11161,2026-04-13 00:00:00,34,FEMALE,Jaipur,New,0,Desktop,Referral,10.3,8,3,Electronics,Wireless Earbuds,15126,No,0,No,0,No,No,0,Cash on Delivery,Standard,,
SES502200,CUST10593,2026-02-08 00:00:00,26,FEMALE,Bangalore,New,1,Mobile,Email,4.5,8,2,Fashion,Kurta,2450,Yes,4050,Yes,15,No,Yes,4066,UPI,Standard,4.2,4.2
SES502632,CUST11933,2025-09-06 00:00:00,25,FEMALE,Delhi,Returning,12,Mobile,Google,10.2,7,6,Beauty,Lipstick,1720,No,0,Yes,25,No,No,0,Cash on Delivery,Standard,,
SES505883,CUST10259,2026-06-28 00:00:00,36,FEMALE,Hyderabad,New,0,Desktop,Instagram,4.3,11,2,Fashion,Jeans,5140,Yes,5131,Yes,15,Yes,Yes,8627,Debit Card,Standard,3.4,2.9
SES501661,CUST12138,2025-12-28 00:00:00,24,MALE,Hyderabad,New,0,Desktop,Facebook,2.2,8,2,Electronics,Wireless Earbuds,32126,No,0,No,0,No,No,0,Debit Card,Standard,,
SES501657,CUST10106,2026-06-02 00:00:00,25,FEMALE,Delhi,New,0,Mobile,Google,2.1,2,6,Home & Kitchen,Cookware Set,10821,Yes,17675,Yes,10,No,No,0,Cash on Delivery,Standard,,
SES502426,CUST10728,2026-03-16 00:00:00,18,FEMALE,Ahmedabad,Returning,4,Mobile,Referral,8.3,6,4,Fashion,Jeans,3996,Yes,4094,Yes,15,Yes,No,0,UPI,Standard,,
SES504574,CUST10742,2025-02-01 00:00:00,25,FEMALE,Jaipur,New,0,Tablet,Direct,13.2,7,1,Electronics,Power Bank,2775,No,0,No,0,No,No,0,UPI,Standard,,
SES505080,CUST10216,2026-05-19 00:00:00,33,FEMALE,Jaipur,Returning,13,Desktop,Google,17.5,8,4,Sports,Football,11810,Yes,26108,No,0,No,Yes,18837,Net Banking,Express,3.3,4.3
SES503098,CUST11674,2025-08-06 00:00:00,32,FEMALE,Lucknow,New,0,Desktop,YouTube,5.8,11,1,Electronics,Smart Watch,6903,Yes,15429,No,0,No,Yes,6858,Wallet,Standard,4.4,3.7
SES503977,CUST10129,2025-03-31 00:00:00,19,FEMALE,Mumbai,Returning,11,Mobile,Direct,16.8,8,2,Home & Kitchen,Table Lamp,8780,Yes,10065,No,0,No,Yes,13664,Debit Card,Standard,3.4,3.8
SES505397,CUST10774,2025-02-16 00:00:00,40,FEMALE,Delhi,New,0,Mobile,YouTube,6.6,6,3,Electronics,Smart Watch,28747,Yes,30758,Yes,5,Yes,Yes,34089,UPI,Express,3.5,4.6
SES505729,CUST10429,2025-04-23 00:00:00,20,MALE,Delhi,New,0,Mobile,Direct,5.6,9,3,Fashion,Jeans,1733,No,0,Yes,25,Yes,Yes,1908,UPI,Standard,4.2,5
SES504281,CUST10950,2026-03-13 00:00:00,32,MALE,Delhi,New,0,Mobile,Direct,10.4,6,3,Beauty,Face Wash,2285,No,0,No,0,No,No,0,UPI,Standard,,
SES505205,CUST12080,2025-04-25 00:00:00,46,FEMALE,Chennai,Returning,11,Mobile,Email,6.2,8,2,Books,Self Help Book,1229,No,0,Yes,20,Yes,No,0,UPI,Standard,,
SES501409,CUST11440,2025-07-18 00:00:00,35,FEMALE,Hyderabad,Returning,3,Desktop,Instagram,3.1,4,3,Electronics,Headphones,24405,Yes,21429,No,0,No,Yes,25538,Net Banking,Same Day,4.7,4.8
SES501846,CUST11487,2025-11-03 00:00:00,23,FEMALE,Jaipur,Returning,2,Mobile,Google,9.1,8,4,Books,Biography,1633,No,0,No,0,No,No,0,UPI,Standard,,
SES501799,CUST11453,2025-12-12 00:00:00,18,FEMALE,Bangalore,New,0,Desktop,Facebook,9.4,9,8,Fashion,T-Shirt,3329,Yes,3399,No,0,No,Yes,6049,UPI,Standard,3.6,4.6
SES503958,CUST11603,2026-01-07 00:00:00,35,MALE,Mumbai,New,0,Mobile,Instagram,3,7,3,Fashion,Jeans,1767,No,0,Yes,15,Yes,No,0,UPI,Standard,,
SES501476,CUST10186,2025-11-13 00:00:00,23,FEMALE,Ahmedabad,New,0,Mobile,Instagram,9,2,1,Sports,Running Shoes,1560,Yes,1505,Yes,30,Yes,No,0,UPI,Standard,,
SES500036,CUST12062,2026-01-21 00:00:00,23,MALE,Pune,Returning,10,Mobile,Direct,5,6,3,Electronics,Headphones,33344,No,0,No,0,No,No,0,Credit Card,Standard,,
SES500445,CUST10733,2025-03-24 00:00:00,33,MALE,Delhi,New,0,Mobile,Google,6.7,13,4,Fashion,Jeans,747,No,0,No,0,No,No,0,UPI,Standard,,
SES502360,CUST11378,2026-01-22 00:00:00,33,FEMALE,Delhi,Returning,11,Mobile,Direct,6.2,6,3,Home & Kitchen,Table Lamp,12649,No,0,No,0,No,No,0,Debit Card,Express,,
SES503655,CUST11739,2025-08-18 00:00:00,48,FEMALE,Hyderabad,New,0,Mobile,Instagram,5.9,6,3,Beauty,Face Wash,2623,Yes,6518,No,0,No,Yes,5715,UPI,Standard,3.1,4.2
SES503180,CUST10759,2025-05-11 00:00:00,26,FEMALE,Bangalore,New,0,Mobile,YouTube,3.5,4,2,Sports,Running Shoes,5278,No,0,No,0,No,No,0,Credit Card,Express,,
SES501287,CUST11041,2025-05-18 00:00:00,22,MALE,Ahmedabad,Returning,3,Desktop,YouTube,12.7,7,3,Sports,Cricket Bat,3933,No,0,Yes,15,Yes,No,0,Debit Card,Standard,,
SES505345,CUST10524,2025-07-30 00:00:00,46,FEMALE,Ahmedabad,Returning,9,Mobile,Email,21,8,8,Home & Kitchen,Storage Box,9488,Yes,20916,No,0,No,No,0,UPI,Standard,,
SES503417,CUST10087,2025-09-08 00:00:00,18,FEMALE,Mumbai,Returning,11,Mobile,YouTube,6.2,10,2,Home & Kitchen,Table Lamp,2916,No,0,No,0,No,No,0,Debit Card,Standard,,
SES502138,CUST11626,2025-04-18 00:00:00,38,FEMALE,Delhi,Returning,7,Mobile,YouTube,3.8,7,2,Fashion,T-Shirt,1476,No,0,No,0,No,No,0,UPI,Express,,
SES502637,CUST11578,2026-05-27 00:00:00,19,FEMALE,Mumbai,New,0,Mobile,Facebook,4.6,6,5,Sports,Dumbbells,4056,No,0,Yes,25,Yes,No,0,Credit Card,Express,,
SES504017,CUST11717,2025-05-30 00:00:00,31,MALE,Bangalore,Returning,13,Mobile,YouTube,13.3,8,3,Books,Self Help Book,1364,No,0,Yes,20,Yes,No,0,UPI,Standard,,
SES505830,CUST11400,2026-02-16 00:00:00,19,FEMALE,Delhi,New,0,Mobile,Facebook,15.6,5,7,Fashion,Jeans,4299,Yes,9561,Yes,20,Yes,No,0,Credit Card,Express,,
SES501682,CUST10010,2025-07-16 00:00:00,32,FEMALE,Jaipur,Returning,4,Desktop,Google,5.9,8,3,Books,Academic Book,736,No,0,Yes,15,No,No,0,Credit Card,Standard,,
SES504384,CUST10060,2026-02-20 00:00:00,33,MALE,Mumbai,Returning,7,Desktop,Referral,9.7,4,6,Home & Kitchen,Bedsheet,12495,No,0,No,0,No,No,0,UPI,Same Day,,
SES501693,CUST10146,2025-01-10 00:00:00,50,MALE,Jaipur,New,0,Desktop,Google,5.1,7,6,Beauty,Shampoo,1610,Yes,1724,Yes,10,Yes,No,0,UPI,Standard,,
SES504448,CUST11669,2025-11-15 00:00:00,26,FEMALE,Delhi,New,0,Mobile,Direct,21.3,8,5,Electronics,Headphones,10049,No,0,Yes,5,Yes,No,0,Net Banking,Express,,
SES504802,CUST11376,2026-02-08 00:00:00,28,MALE,Ahmedabad,Returning,4,Desktop,Instagram,3,4,4,Beauty,Shampoo,2446,Yes,5962,No,0,No,No,0,UPI,Express,,
SES503636,CUST11565,2025-10-18 00:00:00,23,MALE,Delhi,Returning,2,Mobile,Google,14.2,6,2,Beauty,Perfume,2651,No,0,Yes,20,Yes,No,0,Net Banking,Standard,,
SES500373,CUST11349,2025-02-28 00:00:00,33,MALE,Delhi,New,0,Mobile,YouTube,12.1,10,6,Electronics,Headphones,21240,Yes,50672,Yes,15,Yes,Yes,18317,Debit Card,Express,4.3,3.6
SES504630,CUST10155,2025-08-01 00:00:00,24,MALE,Bangalore,Returning,11,Desktop,Google,3.5,5,6,Sports,Football,8502,Yes,16602,Yes,15,No,Yes,10171,UPI,Express,4,5
SES500141,CUST11632,2026-06-16 00:00:00,27,MALE,Bangalore,New,0,Mobile,Facebook,1.6,4,3,Electronics,Bluetooth Speaker,11184,No,0,Yes,5,Yes,Yes,9555,Cash on Delivery,Express,3.4,3.8
SES505621,CUST10588,2026-06-04 00:00:00,28,MALE,Delhi,New,1,Tablet,Instagram,3.8,8,3,Sports,Running Shoes,6868,No,0,No,0,No,No,0,UPI,Same Day,,
SES500715,CUST11461,2026-03-12 00:00:00,35,MALE,Jaipur,Returning,14,Desktop,Instagram,13.7,9,4,Electronics,Wireless Earbuds,7209,Yes,13486,No,0,No,Yes,12742,Cash on Delivery,Standard,4.3,4.8
SES503189,CUST11856,2026-06-14 00:00:00,18,FEMALE,Jaipur,New,0,Desktop,Direct,6.2,9,3,Fashion,Sneakers,695,Yes,1487,No,0,No,Yes,927,Credit Card,Standard,3.1,4
SES505322,CUST10556,2025-08-03 00:00:00,18,FEMALE,Jaipur,New,0,Mobile,Instagram,14.8,9,4,Fashion,Jacket,4540,No,0,No,0,No,No,0,Credit Card,Standard,,
SES504928,CUST12137,2026-01-12 00:00:00,23,MALE,Kolkata,Returning,15,Desktop,Email,1.4,5,2,Beauty,Lipstick,1315,Yes,1462,No,0,No,No,0,UPI,Express,,
SES500407,CUST11123,2025-04-10 00:00:00,34,FEMALE,Mumbai,Returning,5,Mobile,Instagram,4.8,5,5,Home & Kitchen,Storage Box,4134,No,0,No,0,No,No,0,Credit Card,Express,,
SES500021,CUST10748,2026-06-11 00:00:00,18,MALE,Kolkata,Returning,6,Mobile,Google,12.2,9,5,Beauty,Perfume,264,Yes,561,Yes,15,No,Yes,475,Credit Card,Express,3.6,4.2
SES501005,CUST10075,2025-06-06 00:00:00,26,MALE,Mumbai,Returning,8,Mobile,Google,2.7,4,7,Beauty,Shampoo,2741,No,0,Yes,5,Yes,No,0,Credit Card,Express,,
SES502412,CUST11586,2026-04-16 00:00:00,34,MALE,Bangalore,Returning,13,Mobile,Google,14.9,6,2,Home & Kitchen,Cookware Set,804,Yes,1709,No,0,No,Yes,1235,Credit Card,Standard,4.1,3.5
SES502546,CUST11702,2025-06-17 00:00:00,42,FEMALE,Chennai,Returning,9,Mobile,YouTube,5.3,13,4,Sports,Dumbbells,2358,No,0,No,0,No,No,0,Net Banking,Same Day,,
SES502391,CUST10286,2025-05-30 00:00:00,32,FEMALE,Lucknow,New,0,Mobile,Direct,9.4,7,4,Books,Business Book,1973,No,0,No,0,No,Yes,3031, UPI ,Express,4.1,3.3
SES500043,CUST10776,2026-03-15 00:00:00,31,FEMALE,Hyderabad,Returning,2,Mobile,Google,13.7,14,4,Electronics,Bluetooth Speaker,4216,No,0,Yes,15,Yes,Yes,7243,Credit Card,Express,4.3,4.4
SES502831,CUST10523,2025-11-17 00:00:00,41,MALE,Ahmedabad,Returning,5,Mobile,Instagram,5.5,7,6,Home & Kitchen,Cookware Set,5544,No,0,Yes,15,No,No,0,Credit Card,Standard,,
SES503372,CUST10256,2026-01-08 00:00:00,36,MALE,Pune,New,0,Mobile,Google,14.9,7,5,Home & Kitchen,Coffee Maker,6257,Yes,15436,Yes,10,Yes,Yes,11176,UPI,Express,3.7,5
SES503023,CUST11677,2025-07-10 00:00:00,23,MALE,Jaipur,Returning,13,Mobile,Direct,6.5,6,4,Electronics,Power Bank,20439,No,0,Yes,5,No,No,0,Cash on Delivery,Express,,
SES503365,CUST11643,2026-04-22 00:00:00,37,FEMALE,Pune,New,0,Mobile,Referral,12,7,3,Home & Kitchen,Coffee Maker,9378,Yes,14989,Yes,25,Yes,Yes,15343,Debit Card,Standard,4.3,3.8
SES500012,CUST10131,2025-01-25 00:00:00,40,MALE,Hyderabad,New,0,Mobile,Instagram,4.9,8,3,Home & Kitchen,Table Lamp,8019,Yes,10306,No,0,No,Yes,10552,UPI,Standard,3.4,3.8
SES501178,CUST10937,2025-07-29 00:00:00,41,FEMALE,Jaipur,Returning,7,Mobile,Facebook,8.1,11,7,Home & Kitchen,Coffee Maker,13717,No,0,No,0,No,No,0,Debit Card,Standard,,
SES501948,CUST12186,2025-09-01 00:00:00,25,MALE,Mumbai,New,1,Mobile,Direct,7.7,9,6,Fashion,T-Shirt,5522,No,0,Yes,15,Yes,No,0,Wallet,Standard,,
SES502502,CUST11357,2025-06-01 00:00:00,31,MALE,Jaipur,New,0,Mobile,Direct,12,6,7,Home & Kitchen,Table Lamp,10422,Yes,16124,Yes,30,No,Yes,19701,UPI,Standard,5,4.1
SES502864,CUST12006,2026-02-01 00:00:00,40,MALE,Bangalore,Returning,10,Desktop,YouTube,3.5,8,3,Sports,Football,7777,Yes,15185,Yes,20,Yes,No,0,UPI,Standard,,
SES503866,CUST10913,2026-02-19 00:00:00,31,MALE,Pune,Returning,15,Mobile,Direct,9.4,6,4,Electronics,Headphones,12702,Yes,14273,No,0,No,Yes,11985,Net Banking,Same Day,3.8,4
SES501027,CUST10130,2025-02-02 00:00:00,18,MALE,Hyderabad,Returning,2,Mobile,Direct,10.6,10,7,Electronics,Smart Watch,20043,Yes,47978,Yes,5,Yes,Yes,39194,Cash on Delivery,Standard,4,4.4
SES503849,CUST10911,2025-12-13 00:00:00,21,FEMALE,Pune,Returning,8,Mobile,Direct,7.4,9,4,Sports,Dumbbells,2435,Yes,4773,Yes,10,Yes,Yes,2192,Net Banking,Same Day,4.4,3.6
SES502990,CUST10886,2026-03-01 00:00:00,21,FEMALE,Hyderabad,Returning,11,Desktop,Instagram,6.8,6,8,Electronics,Smart Watch,32740,Yes,37717,Yes,15,Yes,No,0,UPI,Standard,,
SES500962,CUST10944,2025-03-25 00:00:00,32,MALE,Pune,Returning,8,Mobile,Google,3.3,8,4,Fashion,Kurta,6709,Yes,7733,No,0,No,Yes,14125,Debit Card,Standard,3.5,2.9
SES502890,CUST12006,2025-12-25 00:00:00,18,MALE,Mumbai,New,0,Desktop,Instagram,11.5,9,5,Beauty,Face Wash,481,No,0,No,0,No,Yes,676,Credit Card,Express,3.6,4.8
SES503016,CUST11637,2025-12-18 00:00:00,32,MALE,Kolkata,New,0,Desktop,Google,17.7,5,4,Home & Kitchen,Bedsheet,4143,Yes,3946,No,0,No,Yes,4157,Credit Card,Standard,4,3.6
SES503339,CUST11574,2026-03-25 00:00:00,29,MALE,Kolkata,New,0,Mobile,Referral,15.7,2,4,Fashion,Jacket,2973,Yes,7303,No,0,No,No,0,Debit Card,Express,,
SES504254,CUST10520,2025-10-20 00:00:00,35,FEMALE,Chennai,Returning,8,Mobile,Google,12.1,6,5,Beauty,Perfume,680,Yes,869,No,0,Unknown,Yes,734,UPI,Express,5,4.1
SES500736,CUST12022,2025-04-04 00:00:00,31,MALE,Pune,Returning,13,Mobile,Facebook,11.9,8,4,Beauty,Lipstick,2417,Yes,5270,Yes,10,Yes,No,0,Cash on Delivery,Same Day,,
SES501441,CUST10307,2025-06-27 00:00:00,25,MALE,Mumbai,Returning,11,Mobile,Instagram,5.4,8,6,Books,Self Help Book,2089,Yes,1922,Yes,15,Yes,No,0,Wallet,Standard,,
SES502876,CUST10822,2025-06-06 00:00:00,42,MALE,Delhi,Returning,12,Desktop,YouTube,8.5,10,4,Electronics,Headphones,24004,Yes,40761,No,0,No,No,0,Credit Card,Standard,,
SES503987,CUST12045,2025-12-12 00:00:00,27,UNKNOWN,Delhi,Returning,14,Desktop,Google,5.2,7,4,Home & Kitchen,Bedsheet,10171,Yes,17115,Yes,15,No,No,0,UPI,Express,,
SES500917,CUST11760,2025-09-21 00:00:00,24,FEMALE,Pune,New,0,Mobile,Instagram,3.6,5,1,Sports,Football,11739,No,0,No,0,No,No,0,Cash on Delivery,Express,,
SES505028,CUST10702,2025-09-14 00:00:00,25,MALE,New Delhi,New,0,Mobile,Instagram,24.3,4,4,Home & Kitchen,Cookware Set,11371,Yes,23892,Yes,25,Yes,Yes,14964,UPI,Standard,4,4
SES504090,CUST10390,2025-05-14 00:00:00,32,MALE,Hyderabad,New,0,Mobile,Email,7.3,10,5,Sports,Cricket Bat,10220,Yes,19785,No,0,No,No,0,UPI,Standard,,
SES505572,CUST10307,2026-05-11 00:00:00,28,FEMALE,Delhi,New,0,Desktop,Email,3.4,6,5,Electronics,Bluetooth Speaker,902,No,0,No,0,No,No,0,Credit Card,Standard,,
SES504711,CUST11452,2026-01-05 00:00:00,25,MALE,Delhi,New,0,Desktop,Instagram,7.2,5,3,Books,Fiction Book,1807,No,0,No,0,No,No,0,UPI,Express,,
SES502773,CUST11557,2025-12-22 00:00:00,28,MALE,Mumbai,New,1,Desktop,Instagram,4.8,9,3,Beauty,Face Wash,1384,No,0,Yes,5,Yes,No,0,UPI,Express,,
SES501625,CUST10665,2025-12-13 00:00:00,39,MALE,Delhi,New,0,Tablet,YouTube,9.3,5,7,Books,Fiction Book,608,Yes,885,No,0,No,No,0,Credit Card,Standard,,
SES505852,CUST11809,2025-08-23 00:00:00,29,MALE,Jaipur,New,0,Mobile,Instagram,8.4,6,4,Home & Kitchen,Bedsheet,13044,Yes,16604,No,0,No,Yes,17668,Wallet,Standard,4.9,4.2
SES500822,CUST11693,2025-04-11 00:00:00,22,FEMALE,Chennai,Returning,11,Mobile,YouTube,6.9,7,5,Electronics,Wireless Earbuds,4726,Yes,6920,No,0,No,No,0,UPI,Standard,,
SES501368,CUST11568,2025-07-30 00:00:00,23,MALE,Bangalore,New,0,Tablet,Google,6,7,2,Electronics,Bluetooth Speaker,13270,No,0,Yes,15,No,No,0,UPI,Standard,,
SES503713,CUST10465,2025-10-27 00:00:00,32,MALE,Delhi,New,0,Desktop,Direct,12.7,7,3,Beauty,Shampoo,4424,Yes,3612,No,0,No,Yes,5788,UPI,Standard,5,2.1
SES505421,CUST11270,2025-08-14 00:00:00,18,MALE,Hyderabad,Returning,11,Mobile,Instagram,8.4,8,2,Electronics,Power Bank,25438,Yes,34012,Yes,5,Yes,No,0,UPI,Standard,,
SES500851,CUST10712,2026-04-16 00:00:00,40,MALE,Kolkata,Returning,10,Desktop,Google,6.3,7,1,Electronics,Wireless Earbuds,11188,No,0,Yes,5,Yes,Yes,21018,Cash on Delivery,Standard,4.1,4.6
SES501001,CUST12052,2025-02-21 00:00:00,37,MALE,Delhi,New,0,Desktop,Google,7.9,8,5,Sports,Football,3650,Yes,6571,No,0,No,Yes,5736,Debit Card,Standard,3.4,5
SES504483,CUST10171,2025-06-27 00:00:00,42,FEMALE,Bangalore,Returning,11,Mobile,Referral,5.7,6,3,Home & Kitchen,Cookware Set,2752,Yes,2383,No,0,No,Yes,5317,UPI,Standard,4.8,3.9
SES504115,CUST11074,2026-01-13 00:00:00,20,FEMALE,Pune,Returning,7,Mobile,Google,2.9,10,5,Beauty,Shampoo,4098,No,0,No,0,No,No,0,UPI,Express,,
SES501638,CUST10336,2025-10-14 00:00:00,19,FEMALE,Delhi,New,0,Tablet,Google,8.3,4,3,Books,Biography,1243,No,0,No,0,No,No,0,Net Banking,Express,,
SES501668,CUST11108,2025-01-15 00:00:00,33,FEMALE,Pune,New,0,Desktop,Instagram,3.9,5,2,Electronics,Power Bank,9875,No,0,Yes,25,No,No,0, UPI ,Express,,
SES503174,CUST11908,2025-01-30 00:00:00,23,FEMALE,Chennai,Returning,12,Desktop,Facebook,5.7,11,2,Beauty,Face Wash,559,No,0,Yes,20,No,No,0,Wallet,Express,,
SES504586,CUST10730,2025-06-24 00:00:00,40,MALE,Jaipur,New,0,Tablet,Referral,9.2,6,4,Electronics,Wireless Earbuds,5157,No,0,No,0,No,No,0,UPI,Same Day,,
SES501348,CUST11260,2026-01-14 00:00:00,27,MALE,Hyderabad,Returning,12,Desktop,Instagram,4.5,8,4,Electronics,Wireless Earbuds,4700,No,0,No,0,No,No,0,Credit Card,Standard,,
SES504708,CUST11814,2025-04-30 00:00:00,18,MALE,Delhi,Returning,2,Desktop,Facebook,1.2,6,5,Electronics,Headphones,17843,Yes,20904,No,0,No,No,0,UPI,Standard,,
SES503231,CUST11598,2026-05-01 00:00:00,57,MALE,Mumbai,Returning,15,Mobile,Facebook,12.4,3,6,Beauty,Perfume,2499,No,0,Yes,5,No,Yes,4299,Debit Card,Express,4.9,5
SES504234,CUST10076,2025-11-18 00:00:00,49,MALE,Kolkata,Returning,13,Desktop,Instagram,10.1,6,3,Home & Kitchen,Storage Box,3138,Yes,6217,Yes,10,No,No,0,UPI,Same Day,,
SES504632,CUST11270,2025-02-04 00:00:00,35,MALE,Lucknow,New,0,Mobile,Instagram,17.9,10,3,Beauty,Shampoo,1800,Yes,2710,Yes,10,No,Yes,3883,Wallet,Standard,4.5,3.2
SES503233,CUST10202,2026-04-03 00:00:00,18,MALE,Delhi,Returning,13,Mobile,Google,4,9,1,Beauty,Lipstick,3859,No,0,No,0,No,No,0,Credit Card,Standard,,
SES504927,CUST10735,2026-06-09 00:00:00,41,FEMALE,New Delhi,Returning,6,Desktop,Google,18.5,7,6,Electronics,Wireless Earbuds,11526,Yes,25531,Yes,25,Yes,Yes,18891,UPI,Same Day,3.9,4.2
SES500704,CUST10111,2025-11-17 00:00:00,31,FEMALE,Delhi,Returning,9,Desktop,Referral,3.2,4,5,Books,Academic Book,1877,Yes,1701,No,0,No,No,0,UPI,Express,,
SES504807,CUST11941,2026-03-03 00:00:00,31,MALE,Hyderabad,Returning,5,Mobile,Google,10.6,8,4,Fashion,Sneakers,2225,No,0,No,0,No,No,0,UPI,Express,,
SES503292,CUST11921,2025-09-18 00:00:00,32,FEMALE,Chennai,New,0,Mobile,YouTube,4.1,8,3,Sports,Dumbbells,9830,No,0,Yes,10,No,No,0,Cash on Delivery,Express,,
SES503674,CUST10434,2026-03-16 00:00:00,23,MALE,Mumbai,New,0,Mobile,Google,7.7,6,4,Electronics,Wireless Earbuds,22911,Yes,22148,No,0,No,Yes,30572,UPI,Standard,4.6,3.8
SES502409,CUST11059,2026-05-06 00:00:00,31,MALE,Bangalore,New,1,Mobile,YouTube,1.8,9,2,Books,Biography,1828,No,0,No,0,No,No,0,Net Banking,Express,,
SES501328,CUST10793,2025-11-14 00:00:00,44,MALE,Ahmedabad,New,0,Mobile,Google,4.3,7,5,Books,Self Help Book,420,Yes,958,Yes,10,No,Yes,840,UPI,Standard,3.5,4.4
SES505841,CUST10259,2026-06-23 00:00:00,35,MALE,Bangalore,New,0,Mobile,Direct,5.3,5,1,Sports,Cricket Bat,9932,No,0,Yes,25,Yes,Yes,13134,Debit Card,Standard,4.4,4.8
SES504937,CUST10594,2026-01-22 00:00:00,50,MALE,Pune,New,0,Desktop,Direct,7.3,6,4,Electronics,Headphones,9416,No,0,No,0,No,No,0,UPI,Standard,,
SES505034,CUST11725,2026-04-10 00:00:00,23,MALE,Chennai,Returning,3,Desktop,YouTube,5.6,5,2,Sports,Running Shoes,2411,Yes,4939,Yes,10,No,No,0,Cash on Delivery,Same Day,,
SES500987,CUST11077,2025-01-22 00:00:00,42,MALE,Mumbai,New,0,Mobile,Google,19.2,5,3,Home & Kitchen,Coffee Maker,4266,Yes,7730,Yes,5,Yes,Yes,6604,UPI,Express,2.7,3.1
SES505471,CUST11566,2025-03-19 00:00:00,18,MALE,Delhi,New,0,Desktop,Google,5.9,9,4,Fashion,Sneakers,1538,Yes,1808,Yes,10,Yes,No,0,UPI,Express,,
SES505182,CUST11222,2025-12-29 00:00:00,48,MALE,Kolkata,New,0,Desktop,Referral,2.5,6,3,Books,Academic Book,1947,Yes,2591,Yes,15,Yes,No,0,Credit Card,Express,,
SES504990,CUST10387,2025-07-14 00:00:00,48,MALE,Mumbai,New,0,Mobile,Instagram,14.3,4,7,Sports,Cricket Bat,10073,No,0,No,0,No,No,0,Wallet,Standard,,
SES504050,CUST11463,2025-04-24 00:00:00,27,FEMALE,Delhi,New,1,Mobile,Google,6.7,9,4,Sports,Cricket Bat,5560,Yes,12658,No,0,No,Yes,11750,CREDIT CARD,Express,4.2,3.2
SES503486,CUST12073,2025-07-12 00:00:00,32,FEMALE,Jaipur,New,0,Mobile,Google,3.1,7,5,Books,Business Book,1184,Yes,1372,Yes,20,Yes,No,0,UPI,Standard,,
SES502475,CUST11326,2025-03-06 00:00:00,45,MALE,Mumbai,New,0,Mobile,Facebook,4.5,10,3,Sports,Yoga Mat,5967,No,0,Yes,10,Yes,No,0,UPI,Standard,,
SES503874,CUST11648,2025-10-18 00:00:00,35,FEMALE,Bangalore,Returning,8,Mobile,Google,5.7,7,4,Books,Business Book,983,Yes,2219,No,0,No,No,0,Cash on Delivery,Express,,
SES501199,CUST11291,2025-06-17 00:00:00,36,FEMALE,Kolkata,Returning,5,Mobile,Email,18.6,10,6,Books,Biography,1290,Yes,3084,No,0,No,Yes,2238,Net Banking,Express,3.1,4.7
SES504182,CUST10599,2025-11-21 00:00:00,36,MALE,Mumbai,Returning,10,Desktop,Google,3.1,9,5,Electronics,Headphones,25062,Yes,33456,Yes,5,No,No,0,Debit Card,Standard,,
SES501519,CUST11707,2026-05-23 00:00:00,34,MALE,Chennai,New,0,Tablet,Google,14,10,6,Sports,Yoga Mat,6412,No,0,No,0,No,No,0,Wallet,Standard,,
SES501800,CUST11827,2026-04-29 00:00:00,18,FEMALE,Jaipur,Returning,4,Mobile,Direct,11.4,12,6,Fashion,T-Shirt,2763,Yes,5654,No,0,No,No,0,Credit Card,Express,,
SES501015,CUST10342,2026-05-20 00:00:00,43,MALE,Jaipur,New,0,Mobile,Email,14.5,11,6,Beauty,Lipstick,3879,No,0,Yes,15,Yes,No,0,Credit Card,Standard,,
SES500129,CUST10973,2025-11-13 00:00:00,48,FEMALE,Delhi,Returning,14,Mobile,Instagram,16.2,6,1,Electronics,Headphones,20836,Yes,20077,Yes,20,Yes,No,0,Debit Card,Standard,,
SES501365,CUST11390,2025-05-16 00:00:00,33,FEMALE,Mumbai,Returning,13,Mobile,Facebook,16.4,7,3,Home & Kitchen,Coffee Maker,6361,No,0,Yes,25,Yes,No,0,Wallet,Express,,
SES505890,CUST10839,2025-11-20 00:00:00,19,FEMALE,Delhi,New,0,Desktop,Google,14.8,10,4,Sports,Running Shoes,5507,No,0,No,0,No,No,0,Wallet,Express,,
SES500892,CUST11203,2026-06-05 00:00:00,23,FEMALE,Jaipur,Returning,15,Desktop,Facebook,11.2,8,4,Books,Self Help Book,1009,Yes,2257,No,0,No,Yes,922,Debit Card,Standard,3,3.1
SES502794,CUST10354,2025-10-27 00:00:00,39,MALE,Delhi,New,0,Mobile,Direct,18.8,8,7,Fashion,Jacket,2355,Yes,3738,Yes,10,No,Yes,4929,UPI,Standard,4,3.5
SES505059,CUST10442,2025-04-24 00:00:00,18,MALE,Mumbai,New,0,Mobile,Google,11.8,5,2,Home & Kitchen,Storage Box,8831,Yes,13380,Yes,5,Yes,Yes,10716,UPI,Express,4.3,4.4
SES505748,CUST11312,2025-05-07 00:00:00,22,MALE,Jaipur,Returning,12,Desktop,Direct,2.3,10,3,Sports,Football,10448,Yes,14735,No,0,No,No,0,UPI,Express,,
SES505167,CUST11871,2025-10-18 00:00:00,29,MALE,Pune,Returning,11,Desktop,Direct,3.1,8,4,Fashion,Sneakers,1273,No,0,Yes,20,Yes,No,0,UPI,Express,,
SES503250,CUST11660,2025-09-30 00:00:00,27,MALE,Pune,Returning,5,Tablet,Direct,8,9,3,Electronics,Bluetooth Speaker,24627,Yes,44106,Yes,5,Yes,Yes,27422,UPI,Express,5,3.5
SES501209,CUST10040,2026-06-22 00:00:00,25,MALE,Delhi,Returning,2,Mobile,Google,6,3,3,Books,Self Help Book,2391,Yes,3973,No,0,No,Yes,3169,Credit Card,Standard,3.8,4.2
SES503869,CUST10498,2026-06-17 00:00:00,34,FEMALE,Kolkata,New,0,Mobile,Google,8.5,7,3,Beauty,Shampoo,2182,Yes,3981,Yes,20,Yes,Yes,2165,Debit Card,Standard,3.8,3.7
SES504066,CUST10529,2026-06-11 00:00:00,37,MALE,Delhi,New,0,Mobile,Instagram,3.2,5,1,Fashion,Jacket,6211,No,0,No,0,No,No,0,UPI,Standard,,
SES505155,CUST10897,2025-07-14 00:00:00,43,MALE,Jaipur,New,0,Mobile,Google,12.4,7,3,Sports,Yoga Mat,2894,No,0,No,0,No,No,0,Credit Card,Express,,
SES501240,CUST11705,2025-08-11 00:00:00,52,MALE,Kolkata,New,0,Desktop,Google,7.5,6,6,Beauty,Perfume,4019,No,0,Yes,30,No,No,0,UPI,Standard,,
SES502290,CUST11759,2025-09-23 00:00:00,38,MALE,Delhi,New,0,Desktop,Google,13.5,8,4,Fashion,T-Shirt,2116,No,0,No,0,No,Yes,4510,UPI,Standard,4,4.5
SES502741,CUST10802,2025-06-06 00:00:00,32,MALE,Lucknow,New,0,Desktop,YouTube,11.8,8,3,Fashion,Kurta,5613,No,0,No,0,No,No,0,UPI,Same Day,,
SES500276,CUST11347,2026-03-29 00:00:00,42,MALE,Bangalore,New,0,Mobile,Instagram,13.5,5,5,Electronics,Headphones,6034,Yes,8137,No,0,No,No,0,Debit Card,Standard,,
SES501036,CUST12059,2026-05-27 00:00:00,25,MALE,Jaipur,New,0,Mobile,Referral,7.5,4,4,Electronics,Bluetooth Speaker,21123,Yes,43586,Yes,5,No,Yes,22866,Debit Card,Standard,4.9,4.4
SES501230,CUST11347,2026-05-01 00:00:00,45,FEMALE,Mumbai,New,0,Desktop,Google,4.4,9,5,Books,Self Help Book,418,No,0,Yes,5,Yes,No,0,Net Banking,Express,,
SES501009,CUST10041,2025-06-15 00:00:00,19,FEMALE,Lucknow,New,0,Mobile,Google,7.1,10,5,Beauty,Perfume,281,Yes,445,Yes,5,No,No,0,UPI,Standard,,
SES503829,CUST10387,2025-04-26 00:00:00,36,MALE,Kolkata,Returning,14,Desktop,Google,8.1,3,5,Fashion,T-Shirt,5199,No,0,No,0,No,No,0,Cash on Delivery,Standard,,
SES502533,CUST10105,2025-02-19 00:00:00,18,MALE,Bangalore,New,1,Mobile,Email,5.6,12,4,Home & Kitchen,Coffee Maker,8560,Yes,10612,Yes,20,Yes,No,0,UPI,Standard,,
SES501059,CUST10061,2025-01-29 00:00:00,23,FEMALE,Delhi,New,0,Mobile,Instagram,15.2,5,3,Fashion,T-Shirt,1555,Yes,2722,No,0,No,No,0,Credit Card,Same Day,,
SES504476,CUST11699,2025-06-12 00:00:00,20,FEMALE,Pune,Returning,11,Mobile,Direct,8.9,9,5,Fashion,Sneakers,5031,Yes,11136,No,0,No,Yes,10673,UPI,Standard,4.2,3.9
SES500282,CUST10785,2025-11-29 00:00:00,21,FEMALE,Mumbai,New,0,Mobile,Instagram,8.5,7,4,Fashion,Sneakers,4604,Yes,7753,Yes,5,Yes,No,0,UPI,Standard,,
SES501044,CUST10406,2025-02-19 00:00:00,51,FEMALE,Ahmedabad,New,1,Mobile,Email,8.7,6,4,Fashion,T-Shirt,2122,Yes,4417,No,0,No,No,0,UPI,Standard,,
SES501317,CUST10021,2026-04-09 00:00:00,34,FEMALE,Kolkata,New,0,Mobile,Direct,8.6,8,5,Home & Kitchen,Coffee Maker,3952,No,0,No,0,No,Yes,4602,Cash on Delivery,Standard,3.5,5
SES500969,CUST10915,2025-08-21 00:00:00,28,MALE,Bangalore,New,1,Mobile,Google,3.2,16,3,Home & Kitchen,Table Lamp,3721,No,0,Yes,25,No,No,0,Debit Card,Express,,
SES502382,CUST11399,2025-01-28 00:00:00,38,FEMALE,Jaipur,Returning,9,Mobile,Instagram,10.9,6,7,Home & Kitchen,Cookware Set,7107,Yes,17431,No,0,No,Yes,8847,Credit Card,Standard,3,3.5
SES504813,CUST11327,2025-08-10 00:00:00,27,FEMALE,Bangalore,New,1,Mobile,Direct,8.4,8,2,Electronics,Power Bank,21087,Yes,32729,No,0,No,Yes,23169,UPI,Same Day,3.8,3.4
SES501940,CUST10399,2025-01-04 00:00:00,20,FEMALE,Pune,New,1,Tablet,Facebook,6.9,6,5,Beauty,Moisturizer,4357,No,0,Yes,20,No,Yes,8813,Net Banking,Standard,3.7,4.3
SES504324,CUST11908,2025-09-26 00:00:00,26,FEMALE,Delhi,New,0,Tablet,Email,5.1,5,4,Beauty,Lipstick,1502,No,0,No,0,No,No,0,UPI,Standard,,
SES501275,CUST10994,2026-02-03 00:00:00,36,MALE,Pune,New,0,Desktop,Direct,6.5,6,6,Fashion,T-Shirt,754,No,0,Yes,5,Yes,No,0,Credit Card,Standard,,
SES500620,CUST10069,2026-05-06 00:00:00,52,FEMALE,Chennai,Returning,2,Mobile,Direct,3.5,13,4,Fashion,Kurta,4774,No,0,Yes,10,Yes,No,0,UPI,Express,,
SES504378,CUST11882,2025-08-14 00:00:00,32,MALE,Bangalore,Returning,9,Desktop,Instagram,9.2,7,3,Beauty,Lipstick,3873,No,0,No,0,No,No,0,UPI,Standard,,
SES501743,CUST11233,2025-06-25 00:00:00,49,MALE,Pune,New,0,Mobile,Google,9.5,13,4,Fashion,Jeans,3545,No,0,No,0,No,No,0,Net Banking,Standard,,
SES501391,CUST11950,2026-03-09 00:00:00,46,FEMALE,Mumbai,New,1,Desktop,Instagram,13.5,6,5,Books,Business Book,1601,Yes,3275,No,0,No,Yes,2540,Credit Card,Standard,4,3.6
SES504906,CUST10191,2026-04-05 00:00:00,26,FEMALE,Delhi,New,0,Mobile,Direct,22.9,6,5,Beauty,Moisturizer,2626,Yes,4553,No,0,No,Yes,4222,Debit Card,Same Day,2.6,3.7
SES501580,CUST11864,2026-04-22 00:00:00,34,MALE,Mumbai,Returning,3,Desktop,Instagram,6.9,13,2,Fashion,Kurta,2477,No,0,Yes,10,Yes,Yes,2423,Cash on Delivery,Standard,3.6,3.4
SES501656,CUST11672,2025-06-18 00:00:00,37,MALE,Mumbai,New,0,Mobile,Instagram,2.2,10,5,Home & Kitchen,Coffee Maker,1312,No,0,Yes,10,Yes,No,0,credit card,Standard,,
SES503569,CUST10239,2025-07-01 00:00:00,20,MALE,Kolkata,Returning,9,Mobile,YouTube,6.9,6,6,Electronics,Bluetooth Speaker,18696,No,0,Yes,30,No,No,0,Net Banking,Standard,,
SES502353,CUST10551,2025-04-25 00:00:00,31,MALE,Delhi,New,1,Mobile,Facebook,11.5,9,4,Electronics,Wireless Earbuds,23161,Yes,25711,Yes,25,Yes,No,0,Wallet,Standard,,
SES502213,CUST11538,2026-05-11 00:00:00,24,MALE,Chennai,New,0,Mobile,Google,8.7,6,3,Home & Kitchen,Storage Box,13696,Yes,31453,Yes,10,No,Yes,30006,UPI,Standard,3.1,4
SES505999,CUST11633,2026-06-27 00:00:00,33,MALE,Lucknow,New,0,Desktop,Instagram,22.3,7,8,Books,Business Book,1680,Yes,3424,Yes,15,No,Yes,1716,UPI,Express,3.8,3.5
SES503179,CUST10701,2025-05-31 00:00:00,23,MALE,Delhi,New,0,Mobile,Google,7.2,7,6,Sports,Cricket Bat,1195,Yes,1736,No,0,No,Yes,1958,UPI,Express,2.9,3.9
SES503193,CUST11482,2025-01-04 00:00:00,36,MALE,Bangalore,Returning,14,Mobile,Google,3,6,5,Electronics,Headphones,20467,Yes,29671,No,0,No,Yes,26756,cash on delivery,Same Day,3.2,4
SES501308,CUST12001,2025-06-10 00:00:00,25,MALE,Jaipur,New,0,Desktop,Email,8.3,6,3,Beauty,Moisturizer,3723,No,0,Yes,10,Yes,Yes,3475,Net Banking,Same Day,4.9,4.5
SES500576,CUST10449,2025-07-19 00:00:00,24,FEMALE,Delhi,Returning,15,Desktop,Direct,11.7,6,8,Home & Kitchen,Cookware Set,3400,Yes,4657,No,0,No,Yes,6421,UPI,Standard,5,3.1
SES502361,CUST10142,2026-02-03 00:00:00,33,FEMALE,Pune,Returning,3,Mobile,Google,6,5,3,Fashion,Sneakers,6186,Yes,13463,Yes,15,No,Yes,9509,Credit Card,Standard,3.3,4.3
SES501281,CUST10278,2025-03-09 00:00:00,39,MALE,Mumbai,New,0,Mobile,Instagram,9.7,9,4,Sports,Football,6746,Yes,5649,No,0,No,No,0,Debit Card,Same Day,,
SES504903,CUST10617,2025-08-04 00:00:00,41,FEMALE,Chennai,New,0,Desktop,Direct,4.3,13,5,Books,Self Help Book,463,Yes,1091,Yes,20,Yes,No,0,UPI,Express,,
SES504987,CUST11336,2025-08-01 00:00:00,30,MALE,Ahmedabad,New,0,Mobile,Email,4.5,5,1,Sports,Yoga Mat,6496,No,0,Yes,20,Yes,No,0,UPI,Standard,,
SES501994,CUST10302,2025-05-06 00:00:00,26,MALE,Delhi,Returning,8,Tablet,YouTube,20.4,8,4,Electronics,Headphones,9607,Yes,7852,Yes,5,Yes,Yes,15965,UPI,Standard,4.3,3.3
SES502640,CUST10762,2025-06-04 00:00:00,38,FEMALE,Bangalore,New,0,Tablet,YouTube,9.7,3,3,Books,Business Book,846,No,0,Yes,5,Yes,No,0,UPI,Standard,,
SES500270,CUST11185,2025-04-06 00:00:00,44,MALE,Delhi,Returning,2,Mobile,Direct,4.8,5,5,Electronics,Bluetooth Speaker,6878,Yes,6751,No,0,No,No,0,Cash on Delivery,Standard,,
SES500630,CUST11995,2025-01-23 00:00:00,28,MALE,Pune,New,0,Mobile,Instagram,4.2,5,3,Electronics,Smart Watch,5732,No,0,No,0,No,No,0,Cash on Delivery,Same Day,,
SES504468,CUST10129,2026-01-18 00:00:00,26,FEMALE,Jaipur,Returning,3,Mobile,Instagram,4.4,5,4,Beauty,Face Wash,4257,Yes,5378,No,0,No,No,0,Net Banking,Same Day,,
SES503082,CUST11391,2025-07-04 00:00:00,21,MALE,Chennai,Returning,4,Mobile,Instagram,9.3,8,5,Books,Business Book,961,Yes,1252,No,0,No,Yes,1703,Credit Card,Standard,4.2,5
SES503467,CUST10856,2025-02-26 00:00:00,31,MALE,Delhi,New,0,Mobile,Google,3.4,8,1,Electronics,Wireless Earbuds,33427,No,0,Yes,15,Yes,No,0,Wallet,Standard,,
SES505261,CUST10496,2026-04-18 00:00:00,26,FEMALE,Delhi,Returning,10,Mobile,Instagram,14,4,2,Fashion,Kurta,5790,No,0,No,0,No,No,0,Debit Card,Standard,,
SES504024,CUST11595,2025-09-18 00:00:00,35,MALE,Hyderabad,Returning,4,Mobile,Email,17,12,3,Fashion,Jacket,4288,Yes,8010,No,0,No,Yes,8539,Net Banking,Standard,3,4
SES502047,CUST11015,2025-12-14 00:00:00,35,FEMALE,Hyderabad,New,0,Mobile,Referral,6.2,6,2,Home & Kitchen,Coffee Maker,1658,No,0,Yes,5,No,No,0,UPI,Same Day,,
SES505721,CUST11043,2025-09-12 00:00:00,18,FEMALE,Ahmedabad,New,0,Mobile,Google,10.2,10,3,Fashion,Sneakers,1278,No,0,No,0,No,No,0,Debit Card,Express,,
SES502114,CUST10075,2025-05-16 00:00:00,37,MALE,Delhi,Returning,10,Mobile,Instagram,5.7,8,3,Fashion,Jeans,6904,Yes,9199,Yes,15,No,Yes,15168,UPI,Standard,3.9,3.4
SES500028,CUST10563,2025-03-04 00:00:00,34,MALE,Kolkata,New,0,Mobile,Instagram,12.9,8,4,Books,Fiction Book,383,No,0,No,0,No,No,0,Net Banking,Standard,,
SES502041,CUST11417,2026-06-03 00:00:00,24,MALE,Delhi,New,0,Mobile,Direct,13.1,6,4,Fashion,Jeans,6380,Yes,6768,Yes,10,Yes,Yes,5478,UPI,Standard,3.6,4.7
SES503929,CUST11030,2026-05-12 00:00:00,42,MALE,Kolkata,New,0,Tablet,Email,6.3,6,5,Fashion,Jacket,6110,Yes,6298,No,0,No,Yes,10561,Credit Card,Standard,2.5,3.5
SES505452,CUST10738,2026-02-14 00:00:00,39,FEMALE,Hyderabad,New,0,Mobile,Referral,10.5,10,3,Beauty,Perfume,2347,Yes,3112,No,0,No,No,0,Cash on Delivery,Express,,
SES503217,CUST10726,2025-07-26 00:00:00,41,MALE,Lucknow,Returning,4,Mobile,YouTube,11.5,10,6,Fashion,Jeans,990,Yes,2301,Yes,10,Yes,No,0,upi,Standard,,
SES503815,CUST12168,2025-05-03 00:00:00,43,MALE,Mumbai,New,0,Desktop,Referral,10.7,8,1,Sports,Football,8070,Yes,14926,Yes,10,Yes,Yes,15664,upi,Standard,3.9,5
SES500130,CUST11769,2025-04-30 00:00:00,23,MALE,Mumbai,New,1,Mobile,Direct,14,8,5,Home & Kitchen,Bedsheet,2748,No,0,No,0,No,No,0,Debit Card,Standard,,
SES504471,CUST10852,2025-01-02 00:00:00,57,MALE,Delhi,Returning,9,Mobile,Instagram,19.2,10,10,Electronics,Smart Watch,26983,No,0,Yes,20,Yes,Yes,52795,Cash on Delivery,Express,5,2.8
SES505923,CUST11861,2026-04-04 00:00:00,41,FEMALE,Ahmedabad,Returning,3,Mobile,Facebook,14.2,9,1,Fashion,Kurta,3176,Yes,3416,Yes,10,Yes,No,0,Credit Card,Standard,,
SES500014,CUST10770,2025-06-03 00:00:00,34,MALE,Bangalore,New,0,Desktop,Referral,3.9,6,5,Fashion,Jacket,3259,No,0,Yes,5,Yes,Yes,5711,Credit Card,Standard,5,4.9
SES505168,CUST11005,2026-03-19 00:00:00,43,MALE,Jaipur,New,0,Desktop,Instagram,6.8,4,3,Sports,Yoga Mat,3712,No,0,No,0,No,No,0,Debit Card,Standard,,
SES501526,CUST11580,2026-05-11 00:00:00,33,FEMALE,Mumbai,New,0,Desktop,YouTube,10.6,8,2,Fashion,Jacket,1779,No,0,No,0,No,Yes,3193,Credit Card,Express,3.2,3.6
SES502366,CUST12047,2026-01-27 00:00:00,34,FEMALE,Kolkata,New,0,Mobile,Facebook,3.6,10,3,Home & Kitchen,Table Lamp,7348,No,0,No,0,No,No,0,cash on delivery,Same Day,,
SES503053,CUST11217,2025-12-15 00:00:00,35,MALE,Delhi,New,0,Mobile,YouTube,8.2,4,3,Sports,Cricket Bat,11764,Yes,26613,Yes,20,Yes,Yes,13876,UPI,Express,4.5,3.1
SES504006,CUST11687,2026-01-18 00:00:00,34,MALE,Delhi,New,0,Desktop,Direct,12.5,3,5,Fashion,T-Shirt,5946,No,0,Yes,5,Yes,No,0,Debit Card,Standard,,
SES502341,CUST10640,2025-03-31 00:00:00,35,MALE,Hyderabad,Returning,14,Desktop,Instagram,6.3,6,3,Electronics,Smart Watch,14659,No,0,No,0,No,No,0,Cash on Delivery,Standard,,
SES500375,CUST10336,2025-12-17 00:00:00,44,MALE,Bangalore,Returning,2,Desktop,Google,8.1,5,2,Home & Kitchen,Cookware Set,3971,No,0,Yes,20,Yes,No,0,Debit Card,Standard,,
SES504396,CUST10871,2025-08-30 00:00:00,37,MALE,Delhi,New,0,Tablet,Direct,9.6,8,6,Electronics,Wireless Earbuds,1253,No,0,Yes,5,Yes,No,0,Debit Card,Same Day,,
SES505598,CUST11470,2026-05-27 00:00:00,30,MALE,Pune,New,0,Mobile,Direct,6.3,9,4,Beauty,Lipstick,1705,Yes,3374,No,0,No,No,0, UPI ,Standard,,
SES500940,CUST11902,2025-11-27 00:00:00,26,MALE,Pune,New,0,Desktop,Email,3.5,6,4,Sports,Dumbbells,8119,Yes,7759,Yes,15,No,No,0,Credit Card,Express,,
SES505777,CUST11062,2025-10-29 00:00:00,18,MALE,Chennai,New,0,Mobile,YouTube,16.8,5,5,Beauty,Face Wash,1349,Yes,2530,Yes,20,No,Yes,2719,Credit Card,Standard,4.1,5
SES502148,CUST11688,2025-09-20 00:00:00,18,MALE,Jaipur,New,0,Mobile,Instagram,11.9,3,2,Books,Academic Book,463,Yes,653,No,0,No,No,0,UPI,Same Day,,
SES503592,CUST11838,2025-05-28 00:00:00,29,MALE,Chennai,New,0,Mobile,Direct,9,7,2,Electronics,Wireless Earbuds,32963,Yes,54904,No,0,No,No,0,UPI,Express,,
SES505474,CUST10436,2025-11-14 00:00:00,18,MALE,Delhi,Returning,3,Mobile,YouTube,7.1,8,4,Home & Kitchen,Cookware Set,1946,Yes,2631,No,0,No,No,0,Cash on Delivery,Standard,,
SES505067,CUST11641,2026-04-14 00:00:00,,FEMALE,Delhi,New,0,Mobile,Instagram,7.3,5,8,Electronics,Bluetooth Speaker,32129,Yes,48388,Yes,20,Yes,Yes,38069,Wallet,Standard,4.1,3.1
SES503624,CUST10920,2026-03-25 00:00:00,20,MALE,Mumbai,Returning,4,Mobile,Instagram,22,6,2,Home & Kitchen,Cookware Set,13692,Yes,13827,Yes,20,Yes,Yes,25902,Debit Card,Standard,3.5,3.3
SES500530,CUST10929,2025-11-18 00:00:00,41,FEMALE,Jaipur,Returning,3,Mobile,Direct,15,3,4,Beauty,Perfume,2469,Yes,5816,No,0,No,Yes,4554,Credit Card,Express,3.8,4.2
SES503715,CUST11231,2025-05-31 00:00:00,35,FEMALE,Hyderabad,Returning,6,Mobile,Email,11.4,9,7,Books,Business Book,1072,No,0,No,0,No,No,0,Credit Card,Same Day,,
SES501270,CUST11008,2026-03-14 00:00:00,33,FEMALE,Bangalore,Returning,9,Desktop,Instagram,10.5,8,2,Electronics,Headphones,8765,Yes,9472,No,0,No,Yes,19126,UPI,Standard,3.9,4.4
SES504282,CUST10045,2025-04-24 00:00:00,39,FEMALE,Ahmedabad,New,1,Desktop,Email,5.4,11,6,Electronics,Power Bank,12334,No,0,Yes,15,Yes,No,0,Debit Card,Standard,,
SES501395,CUST11710,2025-04-25 00:00:00,18,MALE,Lucknow,Returning,2,Mobile,Instagram,5.2,6,6,Beauty,Face Wash,3995,No,0,No,0,No,No,0,UPI,Standard,,
SES504010,CUST10345,2026-06-10 00:00:00,18,MALE,Mumbai,New,1,Mobile,Facebook,4.8,7,4,Fashion,Jacket,460,Yes,978,No,0,No,No,0,Cash on Delivery,Express,,
SES501798,CUST10594,2025-12-31 00:00:00,28,MALE,Lucknow,Returning,7,Mobile,Google,4.3,6,5,Electronics,Smart Watch,24753,No,0,No,0,No,Yes,48390,Credit Card,Standard,3.4,3.2
SES502980,CUST10580,2026-01-30 00:00:00,34,MALE,Delhi,New,0,Desktop,Google,3,10,4,Beauty,Shampoo,2194,Yes,5260,No,0,No,No,0,UPI,Standard,,
SES501442,CUST11990,2025-12-18 00:00:00,36,MALE,Delhi,Returning,3,Mobile,Instagram,14.6,5,6,Books,Business Book,1478,Yes,2872,Yes,15,Yes,Yes,2341,Credit Card,Same Day,3.7,3.8
SES504509,CUST11908,2025-08-17 00:00:00,18,FEMALE,Kolkata,New,0,Mobile,YouTube,2.8,5,3,Home & Kitchen,Coffee Maker,3152,No,0,Yes,20,Yes,No,0,Net Banking,Standard,,
SES505884,CUST10517,2025-12-23 00:00:00,28,MALE,Delhi,Returning,13,Mobile,Google,7.3,8,4,Fashion,Sneakers,2701,Yes,6447,Yes,15,No,Yes,5583,Credit Card,Express,3.3,3.5
SES503812,CUST11096,2025-07-14 00:00:00,35,FEMALE,Bangalore,New,0,Mobile,Referral,6.5,5,5,Fashion,T-Shirt,1237,No,0,Yes,10,Yes,No,0,UPI,Standard,,
SES501274,CUST11248,2025-10-25 00:00:00,35,MALE,Mumbai,Returning,12,Desktop,Direct,13,4,5,Sports,Football,7664,No,0,No,0,No,Yes,14883,Credit Card,Standard,4,3.7
SES501713,CUST10263,2026-01-10 00:00:00,44,MALE,Delhi,New,0,Mobile,Instagram,11.8,9,3,Sports,Running Shoes,8731,Yes,10530,No,0,No,Yes,9920,Cash on Delivery,Standard,5,5
SES500956,CUST10452,2025-08-22 00:00:00,34,MALE,Hyderabad,Returning,10,Desktop,Email,1.2,8,3,Sports,Yoga Mat,11877,No,0,Yes,20,Yes,No,0,UPI,Express,,
SES505607,CUST10247,2026-01-01 00:00:00,29,FEMALE,Bangalore,Returning,12,Mobile,Google,7.3,6,6,Fashion,Jacket,5600,Yes,11306,No,0,No,No,0,UPI,Standard,,
SES504820,CUST11371,2026-06-20 00:00:00,32,MALE,Delhi,Returning,10,Mobile,Direct,15,10,10,Sports,Yoga Mat,8350,Yes,9323,No,0,No,Yes,9516,Net Banking,Standard,3.7,3.5
SES505330,CUST11103,2025-03-10 00:00:00,36,MALE,Pune,New,0,Desktop,Instagram,14.7,7,7,Home & Kitchen,Storage Box,2055,Yes,4657,Yes,20,Yes,No,0,Credit Card,Standard,,
SES500404,CUST10729,2025-08-10 00:00:00,34,MALE,Chennai,New,0,Desktop,Google,7.2,13,3,Beauty,Face Wash,1675,No,0,Yes,15,No,No,0,Wallet,Standard,,
SES502072,CUST10594,2025-06-05 00:00:00,35,FEMALE,Hyderabad,Returning,5,Tablet,YouTube,10.9,6,2,Sports,Running Shoes,10528,Yes,11055,Yes,10,Yes,Yes,9940,Net Banking,Same Day,4.2,3.6
SES505734,CUST11688,2025-10-09 00:00:00,32,FEMALE,Bangalore,Returning,12,Desktop,Instagram,10.1,7,4,Fashion,Kurta,3962,Yes,7767,No,0,No,No,0,UPI,Standard,,
SES501978,CUST10488,2025-01-27 00:00:00,26,MALE,Delhi,New,0,Mobile,Direct,6.4,8,6,Beauty,Lipstick,2446,No,0,No,0,No,No,0,Credit Card,Standard,,
SES500159,CUST11708,2026-06-21 00:00:00,20,FEMALE,Bangalore,New,0,Mobile,Google,27.3,6,5,Beauty,Shampoo,2373,No,0,No,0,No,No,0,credit card,Standard,,
SES503889,CUST11807,2025-10-28 00:00:00,20,MALE,Mumbai,New,0,Mobile,Facebook,4.3,7,3,Electronics,Power Bank,9270,No,0,No,0,No,No,0,Credit Card,Express,,
SES500903,CUST11003,2026-04-28 00:00:00,20,MALE,Chennai,New,0,Desktop,Direct,20.7,4,2,Home & Kitchen,Storage Box,11748,No,0,Yes,15,Yes,Yes,22326,Wallet,Express,4.5,3.7
SES500353,CUST11680,2025-11-29 00:00:00,38,FEMALE,Pune,New,0,Desktop,Google,6.9,7,4,Home & Kitchen,Cookware Set,14782,Yes,33572,No,0,No,Yes,13541,Credit Card,Standard,4.1,3.7
SES504131,CUST11308,2025-07-19 00:00:00,38,MALE,Kolkata,New,1,Mobile,Facebook,4.2,6,3,Beauty,Perfume,3556,No,0,No,0,No,No,0,Credit Card,Express,,
SES500755,CUST10654,2026-03-31 00:00:00,48,FEMALE,Delhi,New,0,Desktop,Email,5.6,10,5,Books,Fiction Book,881,No,0,No,0,No,No,0,Debit Card,Same Day,,
SES502972,CUST11117,2026-05-19 00:00:00,25,FEMALE,Ahmedabad,Returning,3,Desktop,Google,3.7,6,4,Electronics,Power Bank,22703,No,0,No,0,No,No,0,cash on delivery,Express,,
SES502921,CUST10225,2026-01-15 00:00:00,24,MALE,Delhi,Returning,3,Mobile,Direct,8.6,3,4,Books,Academic Book,1762,No,0,No,0,No,Yes,3630,Credit Card,Express,3.3,4.4
SES500312,CUST11596,2025-04-05 00:00:00,30,MALE,Kolkata,Returning,9,Desktop,Google,7.6,7,2,Books,Business Book,1055,No,0,No,0,No,Yes,1340,Cash on Delivery,Standard,4.1,4.3
SES500662,CUST11891,2025-02-07 00:00:00,26,MALE,Chennai,Returning,4,Mobile,Google,7,10,4,Home & Kitchen,Storage Box,14574,Yes,17765,Yes,15,Yes,Yes,21082,UPI,Express,5,4.6
SES501990,CUST10780,2025-01-29 00:00:00,27,FEMALE,Bangalore,Returning,2,Desktop,Google,1.5,7,4,Home & Kitchen,Bedsheet,10566,No,0,Yes,20,Yes,No,0,UPI,Standard,,
SES503666,CUST11875,2025-02-22 00:00:00,18,FEMALE,Delhi,New,0,Mobile,Email,8.2,4,5,Home & Kitchen,Table Lamp,6974,No,0,No,0,No,No,0,UPI,Express,,
SES500307,CUST12198,2026-04-08 00:00:00,25,MALE,Lucknow,Returning,4,Mobile,Instagram,16.9,11,3,Home & Kitchen,Cookware Set,11521,Yes,14367,No,0,No,Yes,17374,UPI,Standard,4.5,4.5
SES502336,CUST11684,2025-12-10 00:00:00,34,FEMALE,Delhi,New,1,Mobile,Google,18.1,9,5,Beauty,Shampoo,976,No,0,No,0,No,No,0, UPI ,Standard,,
SES502357,CUST11139,2025-03-14 00:00:00,23,FEMALE,Lucknow,Returning,9,Mobile,Google,3.7,3,4,Electronics,Headphones,15772,No,0,Yes,15,Yes,No,0,Credit Card,Express,,
SES503703,CUST11263,2026-05-15 00:00:00,35,FEMALE,Pune,Returning,10,Mobile,Facebook,11.2,5,3,Sports,Yoga Mat,7897,No,0,Yes,5,Yes,No,0,Cash on Delivery,Standard,,
SES503805,CUST11017,2025-09-30 00:00:00,27,FEMALE,Mumbai,Returning,14,Mobile,YouTube,9.6,9,3,Home & Kitchen,Storage Box,4520,No,0,No,0,No,No,0,UPI,Express,,
SES501928,CUST11032,2025-02-07 00:00:00,37,MALE,Delhi,New,0,Desktop,Direct,8.9,4,8,Beauty,Lipstick,4366,No,0,No,0,No,No,0,UPI,Standard,,
SES503428,CUST10485,2025-07-16 00:00:00,31,FEMALE,Pune,Returning,9,Desktop,Direct,6.6,4,2,Books,Business Book,486,No,0,Yes,10,Yes,No,0,Credit Card,Express,,
SES500750,CUST10113,2026-01-17 00:00:00,22,MALE,Delhi,Returning,15,Tablet,Direct,16.5,6,3,Books,Self Help Book,2452,Yes,5234,No,0,No,No,0,Cash on Delivery,Standard,,
SES503639,CUST12122,2025-09-12 00:00:00,28,FEMALE,Ahmedabad,New,0,Mobile,Email,14.5,10,2,Books,Self Help Book,2283,Yes,5161,Yes,5,No,No,0,Credit Card,Standard,,
SES504387,CUST11459,2025-04-07 00:00:00,21,FEMALE,Pune,New,0,Mobile,Direct,4.5,10,1,Books,Fiction Book,1353,No,0,Yes,10,Yes,No,0,UPI,Standard,,
SES501267,CUST10700,2026-05-04 00:00:00,37,MALE,Delhi,New,0,Desktop,Referral,20.9,10,2,Beauty,Lipstick,1396,Yes,1934,Yes,20,Yes,No,0,UPI,Standard,,
SES504577,CUST10673,2025-11-03 00:00:00,28,FEMALE,Bangalore,Returning,3,Desktop,YouTube,6.1,6,2,Fashion,Kurta,4520,No,0,No,0,No,Yes,8633,Wallet,Express,3.4,4.5
SES505328,CUST11481,2025-03-11 00:00:00,32,FEMALE,Pune,Returning,7,Mobile,Instagram,5.1,2,4,Fashion,Kurta,4622,No,0,No,0,No,No,0,UPI,Standard,,
SES503596,CUST10366,2025-11-04 00:00:00,33,MALE,Hyderabad,New,0,Mobile,Google,6.4,8,3,Fashion,Kurta,4008,Yes,6196,No,0,No,No,0,Debit Card,Standard,,
SES502135,CUST12004,2025-06-01 00:00:00,36,MALE,Mumbai,Returning,15,Desktop,YouTube,5.9,10,2,Fashion,T-Shirt,1634,Yes,3530,Yes,5,Yes,Yes,2900,UPI,Standard,3.7,4.7
SES504110,CUST12092,2026-03-11 00:00:00,35,MALE,Pune,New,0,Mobile,Referral,6.2,11,5,Home & Kitchen,Table Lamp,1942,Yes,4641,No,0,No,Yes,2834,Credit Card,Express,4.9,5
SES500515,CUST11354,2026-03-20 00:00:00,45,FEMALE,Mumbai,New,0,Mobile,Email,17.6,9,3,Home & Kitchen,Storage Box,3694,No,0,Yes,10,Yes,No,0,UPI,Standard,,
SES505392,CUST10019,2025-10-11 00:00:00,33,MALE,Kolkata,New,0,Mobile,YouTube,8.3,3,2,Home & Kitchen,Cookware Set,9794,Yes,11635,No,0,No,Yes,10832,Cash on Delivery,Standard,4.8,3.9
SES500410,CUST11009,2026-01-17 00:00:00,21,UNKNOWN,Chennai,New,0,Desktop,Google,8.5,10,5,Fashion,Sneakers,4480,Yes,9560,Yes,10,Yes,No,0,Credit Card,Express,,
SES504499,CUST10211,2025-08-04 00:00:00,19,FEMALE,Jaipur,Returning,5,Mobile,Instagram,10,3,3,Home & Kitchen,Cookware Set,14816,Yes,29256,No,0,No,Yes,31881,Net Banking,Standard,3.7,4.8
SES505966,CUST11212,2025-01-12 00:00:00,27,MALE,Chennai,New,0,Mobile,YouTube,6.4,8,4,Fashion,Jeans,6439,No,0,No,0,No,No,0,UPI,Standard,,
SES505221,CUST10720,2025-12-28 00:00:00,28,MALE,Delhi,New,0,Mobile,Google,10.3,7,4,Fashion,Sneakers,3216,No,0,No,0,No,Yes,4487,Net Banking,Standard,4.4,3.5
SES500208,CUST12102,2025-04-01 00:00:00,29,FEMALE,Delhi,New,0,Mobile,Direct,19.2,7,3,Home & Kitchen,Table Lamp,13107,No,0,No,0,No,No,0,UPI,Express,,
SES500459,CUST11389,2025-10-22 00:00:00,21,FEMALE,Mumbai,New,0,Mobile,Facebook,2.8,10,3,Home & Kitchen,Bedsheet,11319,No,0,Yes,25,No,No,0,Wallet,Standard,,
SES502055,CUST11930,2025-02-11 00:00:00,49,MALE,Hyderabad,Returning,11,Mobile,Google,6.9,9,2,Sports,Cricket Bat,10765,Yes,18726,Yes,20,No,No,0,Credit Card,Express,,
SES502431,CUST11897,2025-12-11 00:00:00,35,MALE,Chennai,Returning,12,Mobile,YouTube,14.9,9,4,Books,Business Book,774,Yes,1156,No,0,No,Yes,979,Cash on Delivery,Standard,4.6,5
SES500251,CUST10816,2025-06-05 00:00:00,27,MALE,Delhi,New,0,Mobile,YouTube,7.4,5,4,Electronics,Smart Watch,4876,No,0,No,0,No,No,0,Debit Card,Standard,,
SES505145,CUST10985,2026-05-14 00:00:00,44,FEMALE,Ahmedabad,New,0,Mobile,Instagram,3.4,7,6,Home & Kitchen,Cookware Set,11621,No,0,Yes,25,Yes,Yes,20130,Debit Card,Standard,3.5,5
SES501108,CUST11297,2025-08-28 00:00:00,38,FEMALE,Chennai,Returning,12,Mobile,Facebook,3.5,7,2,Sports,Football,10967,Yes,26493,No,0,No,No,0,Credit Card,Same Day,,
SES505946,CUST11894,2025-09-03 00:00:00,28,FEMALE,Hyderabad,Returning,12,Mobile,Instagram,4.7,8,2,Fashion,Kurta,2791,No,0,Yes,10,Yes,No,0,Net Banking,Same Day,,
SES501714,CUST11578,2026-01-11 00:00:00,38,MALE,Mumbai,New,0,Desktop,Google,17.4,7,3,Electronics,Power Bank,34017,Yes,82556,Yes,5,Yes,No,0,Cash on Delivery,Express,,
SES503912,CUST10499,2026-01-25 00:00:00,19,MALE,Chennai,Returning,7,Desktop,Instagram,14.6,6,4,Electronics,Bluetooth Speaker,11810,Yes,16640,No,0,No,Yes,24336,UPI,Standard,3.9,3.6
SES500716,CUST11734,2026-02-02 00:00:00,41,MALE,Chennai,Returning,6,Desktop,Referral,19.3,7,3,Fashion,T-Shirt,4565,Yes,4381,No,0,No,Yes,6120,Credit Card,Standard,4.3,4.4
SES500553,CUST11241,2025-07-15 00:00:00,30,MALE,Hyderabad,Returning,2,Mobile,Google,4,8,7,Sports,Football,6701,No,0,Yes,30,Yes,No,0,Credit Card,Standard,,
SES501440,CUST10695,2026-01-15 00:00:00,36,MALE,Chennai,New,0,Mobile,Google,6.2,6,3,Books,Self Help Book,1808,Yes,3798,Yes,20,Yes,Yes,2379,UPI,Express,3.1,3.9
SES502271,CUST11015,2026-01-03 00:00:00,41,MALE,Mumbai,New,1,Desktop,Google,18.1,3,8,Sports,Running Shoes,8691,No,0,No,0,No,No,0,UPI,Standard,,
SES503145,CUST11007,2026-01-23 00:00:00,18,MALE,Hyderabad,Returning,6,Mobile,Direct,1.6,7,3,Home & Kitchen,Bedsheet,3016,No,0,No,0,No,No,0,Debit Card,Standard,,
SES505763,CUST10103,2025-02-14 00:00:00,32,FEMALE,Mumbai,Returning,15,Mobile,Email,8.2,10,3,Electronics,Headphones,3631,Yes,5451,Yes,10,Yes,Yes,2850,Debit Card,Standard,2.5,3.4
SES501926,CUST12135,2025-12-10 00:00:00,30,FEMALE,Delhi,Returning,11,Mobile,Instagram,5.8,5,1,Fashion,Jeans,739,No,0,Yes,10,No,No,0,Cash on Delivery,Standard,,
SES500635,CUST10281,2025-08-19 00:00:00,40,FEMALE,Mumbai,Returning,4,Tablet,YouTube,21.7,7,4,Beauty,Lipstick,544,No,0,No,0,No,Yes,477,UPI,Standard,4.6,5
SES500317,CUST10877,2025-11-27 00:00:00,22,MALE,Chennai,New,0,Mobile,Instagram,12.2,10,3,Fashion,T-Shirt,2583,Yes,6231,No,0,No,Yes,2263,UPI,Express,2.5,3.3
SES505668,CUST10262,2026-01-16 00:00:00,43,FEMALE,Bangalore,New,0,Mobile,Facebook,8.7,8,3,Beauty,Perfume,1710,No,0,No,0,No,No,0,Debit Card,Standard,,
SES500428,CUST10265,2026-06-13 00:00:00,49,FEMALE,Jaipur,Returning,3,Desktop,Google,7.5,8,4,Fashion,Jacket,2776,Yes,4227,Yes,5,Yes,Yes,5289,Debit Card,Standard,3.8,3.6
SES504477,CUST11499,2026-03-06 00:00:00,30,UNKNOWN,Ahmedabad,New,0,Mobile,Referral,11.2,3,4,Home & Kitchen,Storage Box,2175,Yes,3425,Yes,5,No,Yes,4087,Debit Card,Standard,3.9,4
SES500106,CUST10096,2026-06-19 00:00:00,27,MALE,Mumbai,Returning,5,Mobile,Google,7.4,8,2,Home & Kitchen,Coffee Maker,6645,No,0,Yes,10,Yes,No,0,Debit Card,Standard,,
SES503042,CUST12162,2026-03-25 00:00:00,18,FEMALE,Bangalore,New,0,Mobile,Facebook,19.7,8,4,Home & Kitchen,Coffee Maker,8511,No,0,No,0,No,No,0,UPI,Standard,,
SES504239,CUST10591,2025-10-26 00:00:00,23,FEMALE,Mumbai,New,0,Mobile,Instagram,7.7,8,3,Electronics,Headphones,10914,No,0,Yes,25,Yes,No,0,Credit Card,Standard,,
SES502170,CUST11720,2025-10-25 00:00:00,44,MALE,Jaipur,Returning,12,Mobile,Google,2.1,9,5,Electronics,Bluetooth Speaker,3579,No,0,Yes,20,Yes,No,0,UPI,Standard,,
SES501710,CUST10770,2026-05-11 00:00:00,29,FEMALE,Delhi,New,0,Desktop,Google,21.5,8,3,Fashion,Jeans,2642,No,0,Yes,10,Yes,No,0,Net Banking,Same Day,,
SES500090,CUST11896,2025-03-06 00:00:00,29,FEMALE,Chennai,Returning,11,Desktop,Instagram,6.1,4,4,Fashion,Jeans,5184,No,0,No,0,No,No,0,Debit Card,Express,,
SES502242,CUST12114,2025-11-15 00:00:00,27,MALE,Pune,New,0,Mobile,Instagram,8.2,10,8,Home & Kitchen,Storage Box,8476,No,0,No,0,No,No,0,Debit Card,Express,,
SES503175,CUST10078,2025-12-01 00:00:00,36,MALE,Delhi,New,1,Desktop,Instagram,5,3,5,Home & Kitchen,Coffee Maker,13123,No,0,Yes,15,No,No,0,UPI,Standard,,
SES504754,CUST10175,2026-04-26 00:00:00,23,MALE,Delhi,Returning,5,Tablet,Instagram,9.3,5,4,Sports,Running Shoes,11958,Yes,23310,No,0,No,Yes,21221,UPI,Standard,3.8,3.9
SES501950,CUST10992,2025-12-18 00:00:00,24,MALE,Lucknow,Returning,6,Mobile,Email,8.3,5,5,Fashion,Sneakers,6170,Yes,11595,Yes,15,No,Yes,8015,Credit Card,Express,3.7,5
SES504045,CUST10674,2025-07-18 00:00:00,32,MALE,Mumbai,New,0,Desktop,Referral,11.4,8,3,Electronics,Headphones,21587,No,0,Yes,20,Yes,Yes,40136,Cash on Delivery,Express,3.7,4.7
SES502849,CUST11682,2025-05-31 00:00:00,19,MALE,Bangalore,Returning,10,Mobile,Direct,6,5,5,Sports,Cricket Bat,1366,Yes,2680,No,0,No,Yes,1519,UPI,Express,3.4,4.2
SES500002,CUST11295,2025-11-15 00:00:00,43,MALE,Mumbai,Returning,8,Tablet,Facebook,8.3,7,5,Fashion,Jeans,523,No,0,Yes,25,Yes,No,0,Credit Card,Express,,
SES504338,CUST10306,2026-06-01 00:00:00,36,FEMALE,Hyderabad,Returning,5,Mobile,Facebook,10.8,4,6,Electronics,Headphones,5360,No,0,Yes,5,Yes,No,0,UPI,Same Day,,
SES500936,CUST10055,2025-08-22 00:00:00,18,MALE,Delhi,New,0,Mobile,Email,4.2,10,5,Fashion,Sneakers,6116,No,0,No,0,No,No,0,UPI,Express,,
SES505159,CUST10061,2025-12-11 00:00:00,38,MALE,Pune,Returning,13,Tablet,Google,10.8,5,3,Electronics,Wireless Earbuds,27297,No,0,No,0,No,No,0,Cash on Delivery,Express,,
SES502721,CUST12000,2025-09-08 00:00:00,30,MALE,Delhi,Returning,4,Desktop,Google,8.7,6,8,Electronics,Headphones,17561,Yes,26672,Yes,20,Yes,Yes,31884,Credit Card,Standard,3.6,5
SES500592,CUST10389,2025-12-08 00:00:00,41,FEMALE,Hyderabad,New,0,Mobile,Email,3.7,8,3,Electronics,Wireless Earbuds,3303,No,0,Yes,15,Yes,No,0,Debit Card,Express,,
SES504521,CUST10267,2025-01-08 00:00:00,40,FEMALE,Delhi,Returning,8,Mobile,Direct,23.3,6,4,Electronics,Smart Watch,1123,No,0,Yes,5,No,Yes,1056,UPI,Standard,4.3,3.6
SES502937,CUST11848,2025-08-29 00:00:00,36,MALE,Pune,Returning,7,Tablet,Facebook,8.9,5,2,Fashion,T-Shirt,4820,No,0,Yes,30,Yes,No,0,UPI,Standard,,
SES502449,CUST12008,2026-03-25 00:00:00,35,FEMALE,Chennai,Returning,6,Mobile,Google,3.7,9,6,Sports,Football,10271,No,0,No,0,No,No,0,UPI,Express,,
SES501577,CUST10303,2026-03-25 00:00:00,33,MALE,Chennai,Returning,11,Mobile,YouTube,8.9,8,5,Fashion,Jacket,2668,No,0,No,0,No,No,0,Debit Card,Standard,,
SES505380,CUST10634,2025-03-05 00:00:00,26,FEMALE,Delhi,New,0,Mobile,Google,8.9,7,7,Sports,Dumbbells,10598,Yes,11645,Yes,25,No,No,0,Debit Card,Express,,
SES500214,CUST11446,2026-05-21 00:00:00,33,FEMALE,Kolkata,Returning,7,Mobile,Google,7.3,5,4,Fashion,Kurta,2251,Yes,2533,No,0,No,No,0,UPI,Standard,,
SES500779,CUST11605,2025-07-18 00:00:00,24,MALE,Bangalore,New,0,Mobile,Google,20.7,8,3,Sports,Football,2052,No,0,Yes,15,Yes,No,0,Credit Card,Standard,,
SES503497,CUST10429,2026-04-29 00:00:00,33,FEMALE,Mumbai,New,0,Mobile,Referral,8.6,8,5,Electronics,Headphones,16196,Yes,16463,No,0,No,No,0,Credit Card,Standard,,
SES504731,CUST11343,2025-05-23 00:00:00,30,FEMALE,Jaipur,Returning,14,Desktop,Direct,6.2,5,2,Electronics,Smart Watch,27460,Yes,46828,No,0,No,Yes,34840,UPI,Standard,3.6,4
SES502044,CUST11038,2025-04-18 00:00:00,34,MALE,Kolkata,New,1,Mobile,Referral,10.5,7,2,Electronics,Wireless Earbuds,32217,No,0,No,0,No,No,0,Cash on Delivery,Standard,,
SES505469,CUST10402,2025-12-29 00:00:00,29,MALE,Mumbai,New,0,Tablet,YouTube,9.8,7,6,Fashion,Sneakers,2578,No,0,Yes,10,Yes,Yes,2953,Credit Card,Standard,5,4.6
SES501568,CUST11800,2026-03-07 00:00:00,32,FEMALE,Mumbai,New,0,Desktop,Google,4.9,2,5,Fashion,Jacket,5149,Yes,9289,No,0,No,No,0,Net Banking,Standard,,
SES500166,CUST10401,2026-03-08 00:00:00,40,MALE,Delhi,Returning,4,Mobile,Direct,6.6,10,3,Books,Fiction Book,1258,No,0,Yes,15,Yes,No,0,Cash on Delivery,Standard,,
SES503567,CUST10384,2025-11-12 00:00:00,34,FEMALE,Hyderabad,Returning,14,Mobile,Instagram,13.5,8,3,Sports,Yoga Mat,6835,No,0,No,0,No,No,0,UPI,Standard,,
SES504616,CUST10257,2025-06-17 00:00:00,26,MALE,Pune,Returning,5,Mobile,Facebook,27,7,4,Electronics,Power Bank,10982,No,0,No,0,No,No,0,UPI,Same Day,,
SES502014,CUST10515,2025-07-14 00:00:00,18,FEMALE,Delhi,New,0,Mobile,Facebook,7.3,8,3,Electronics,Headphones,5207,No,0,Yes,5,Yes,No,0,Debit Card,Express,,
SES500274,CUST11759,2025-10-18 00:00:00,18,MALE,Delhi,New,0,Desktop,YouTube,10.6,5,3,Fashion,T-Shirt,6463,No,0,Yes,15,Yes,No,0,UPI,Standard,,
SES503861,CUST10156,2026-03-19 00:00:00,34,MALE,Mumbai,New,0,Desktop,Google,8.7,3,3,Electronics,Wireless Earbuds,34745,Yes,80274,Yes,20,Yes,Yes,58713,Cash on Delivery,Express,3.7,3.1
SES504168,CUST11412,2025-10-24 00:00:00,31,MALE,Delhi,New,1,Desktop,Direct,9.6,6,3,Electronics,Bluetooth Speaker,4231,No,0,No,0,No,Yes,6869,UPI,Standard,5,3.6
SES504814,CUST10680,2025-09-30 00:00:00,43,FEMALE,Bangalore,Returning,10,Mobile,Direct,11.4,8,4,Fashion,Sneakers,3237,Yes,7143,No,0,No,Yes,4968, UPI ,Express,3.3,2.6
SES503789,CUST11744,2026-01-10 00:00:00,28,FEMALE,Mumbai,New,0,Desktop,Facebook,18.8,8,1,Electronics,Power Bank,10875,Yes,16964,Yes,15,Yes,Yes,14744,Credit Card,Express,4.4,3.4
SES500395,CUST10776,2025-04-24 00:00:00,33,MALE,Lucknow,Returning,14,Mobile,Direct,8,9,6,Electronics,Wireless Earbuds,18130,Yes,18436,No,0,No,Yes,23141,Wallet,Standard,3.4,4.7
SES500584,CUST10674,2025-04-26 00:00:00,38,FEMALE,Ahmedabad,New,0,Mobile,Google,18.9,7,6,Sports,Yoga Mat,7638,No,0,No,0,No,No,0,Credit Card,Standard,,
SES505595,CUST10856,2026-04-24 00:00:00,30,FEMALE,Delhi,New,0,Mobile,Instagram,21.1,3,2,Beauty,Perfume,2977,No,0,Yes,15,Yes,No,0,Debit Card,Express,,
SES505773,CUST11790,2026-01-31 00:00:00,29,FEMALE,Chennai,New,0,Desktop,Direct,7.4,5,5,Home & Kitchen,Coffee Maker,12157,No,0,No,0,No,No,0,Debit Card,Standard,,
SES500521,CUST11146,2025-03-27 00:00:00,29,MALE,Jaipur,New,0,Desktop,Facebook,10.8,4,4,Home & Kitchen,Bedsheet,8129,Yes,8463,Yes,10,Yes,Yes,10046,UPI,Express,4.5,5
SES501764,CUST11272,2025-11-26 00:00:00,26,MALE,Mumbai,New,0,Mobile,Facebook,7.8,7,6,Fashion,Sneakers,4900,No,0,No,0,No,No,0,Credit Card,Standard,,
SES501876,CUST12045,2025-11-20 00:00:00,26,FEMALE,Pune,New,0,Tablet,Instagram,4.6,9,2,Electronics,Smart Watch,8755,No,0,Yes,5,Yes,No,0,UPI,Standard,,
SES503966,CUST11978,2025-09-19 00:00:00,24,FEMALE,Bangalore,New,0,Mobile,Email,10.5,12,3,Fashion,Jeans,6767,No,0,Yes,25,Yes,No,0,Cash on Delivery,Standard,,
SES503345,CUST11912,2026-02-03 00:00:00,31,MALE,Kolkata,Returning,5,Mobile,Instagram,13,8,3,Home & Kitchen,Table Lamp,14021,Yes,31218,Yes,15,No,No,0,UPI,Express,,
SES502254,CUST10779,2025-09-03 00:00:00,32,MALE,Mumbai,Returning,3,Desktop,Referral,5,8,6,Fashion,T-Shirt,3082,No,0,No,0,No,No,0,UPI,Express,,
SES503225,CUST11846,2025-11-19 00:00:00,51,FEMALE,Kolkata,New,0,Mobile,YouTube,7.5,6,2,Fashion,Jeans,5793,Yes,13864,Yes,15,Yes,Yes,10925,Debit Card,Express,3.7,3.1
SES500527,CUST10740,2025-06-06 00:00:00,28,MALE,Jaipur,New,0,Mobile,Google,8.1,10,4,Home & Kitchen,Table Lamp,5315,Yes,9475,No,0,No,No,0,credit card,Standard,,
SES502947,CUST10461,2025-08-16 00:00:00,29,FEMALE,Pune,Returning,8,Mobile,Direct,6.1,7,4,Fashion,Jeans,5237,Yes,4667,Yes,10,Yes,No,0,UPI,Express,,
SES503900,CUST10139,2025-02-07 00:00:00,32,FEMALE,Delhi,New,1,Desktop,YouTube,7.9,8,5,Electronics,Wireless Earbuds,4501,No,0,Yes,10,No,No,0,UPI,Express,,
SES500693,CUST12134,2026-06-22 00:00:00,26,MALE,Pune,New,0,Mobile,Direct,6.2,5,7,Sports,Running Shoes,7884,No,0,No,0,No,No,0,credit card,Express,,
SES505706,CUST11222,2025-11-03 00:00:00,18,MALE,Chennai,New,0,Mobile,Instagram,6.2,9,6,Fashion,Jacket,1391,No,0,Yes,5,Yes,Yes,2346,Wallet,Standard,3.8,4
SES503634,CUST10068,2026-05-28 00:00:00,42,MALE,Bangalore,New,0,Tablet,YouTube,11.3,5,7,Electronics,Headphones,14567,Yes,23834,No,0,No,No,0,Wallet,Standard,,
SES501051,CUST12027,2026-02-25 00:00:00,38,MALE,Kolkata,New,0,Mobile,Google,13.2,8,2,Fashion,Jeans,3856,Yes,8438,No,0,No,Yes,5647,Credit Card,Standard,4.3,3.1
SES500591,CUST10236,2026-06-22 00:00:00,47,MALE,Pune,Returning,6,Desktop,Direct,5,7,9,Home & Kitchen,Table Lamp,4659,No,0,No,0,No,No,0,Credit Card,Express,,
SES500520,CUST11032,2025-04-21 00:00:00,45,MALE,Bangalore,New,0,Desktop,Google,6.9,7,3,Home & Kitchen,Coffee Maker,8817,No,0,Yes,30,Yes,No,0,Cash on Delivery,Standard,,
SES503381,CUST11638,2025-02-04 00:00:00,29,MALE,Unknown,New,1,Desktop,Google,8.1,7,3,Fashion,T-Shirt,5303,Yes,10168,No,0,No,No,0,Debit Card,Standard,,
SES503677,CUST11067,2025-11-09 00:00:00,41,MALE,Hyderabad,New,0,Mobile,Instagram,8.1,5,5,Beauty,Lipstick,843,No,0,No,0,No,No,0,Credit Card,Standard,,
SES504963,CUST10914,2026-05-23 00:00:00,45,MALE,Hyderabad,New,1,Mobile,Google,10.1,8,5,Electronics,Headphones,20709,No,0,No,0,No,No,0,UPI,Standard,,
SES501608,CUST11625,2025-04-20 00:00:00,21,FEMALE,Delhi,New,0,Mobile,Facebook,3.2,11,3,Fashion,T-Shirt,5597,No,0,Yes,15,Yes,No,0,Credit Card,Express,,
SES503611,CUST11475,2026-03-31 00:00:00,28,FEMALE,Kolkata,Returning,5,Desktop,Direct,13.4,4,3,Electronics,Bluetooth Speaker,24836,Yes,25707,No,0,No,No,0, UPI ,Express,,
SES505784,CUST11028,2025-07-23 00:00:00,41,FEMALE,Mumbai,New,0,Tablet,YouTube,3.4,10,1,Electronics,Bluetooth Speaker,32581,Yes,70769,No,0,No,No,0,Cash on Delivery,Express,,
SES501810,CUST10266,2025-04-29 00:00:00,24,MALE,Chennai,Returning,3,Mobile,Instagram,10.3,6,2,Fashion,T-Shirt,1566,No,0,No,0,No,No,0,UPI,Standard,,
SES500792,CUST11852,2025-01-07 00:00:00,18,FEMALE,Pune,Returning,12,Mobile,Referral,2.7,9,7,Electronics,Smart Watch,6234,Yes,14328,Yes,5,No,Yes,11918,Credit Card,Standard,2.8,3.8
SES500793,CUST11315,2025-01-25 00:00:00,18,FEMALE,Hyderabad,New,0,Mobile,Instagram,18.3,4,2,Fashion,T-Shirt,4425,Yes,9612,No,0,No,Yes,6697,UPI,Standard,3.7,4.1
SES504953,CUST10111,2025-03-28 00:00:00,20,MALE,Jaipur,New,0,Mobile,Email,7.4,10,7,Fashion,T-Shirt,4000,No,0,No,0,No,No,0,Cash on Delivery,Standard,,
SES501856,CUST10400,2025-08-03 00:00:00,44,FEMALE,Chennai,Returning,10,Mobile,Google,5.9,4,5,Beauty,Moisturizer,315,No,0,No,0,No,No,0,Net Banking,Express,,
SES501981,CUST12172,2025-06-30 00:00:00,36,FEMALE,Hyderabad,Returning,15,Tablet,Instagram,12.6,5,5,Fashion,Sneakers,1643,Yes,2516,Yes,15,Yes,No,0,UPI,Standard,,
SES503234,CUST12065,2025-06-11 00:00:00,28,FEMALE,Delhi,New,0,Mobile,Referral,3,4,5,Electronics,Headphones,5379,Yes,8700,Yes,10,No,Yes,6643,Credit Card,Express,3.6,4.4
SES503599,CUST10104,2025-01-06 00:00:00,29,MALE,Bangalore,Returning,13,Mobile,YouTube,6.7,4,5,Home & Kitchen,Table Lamp,8665,No,0,No,0,No,No,0,Cash on Delivery,Standard,,
SES500934,CUST10831,2025-04-13 00:00:00,34,FEMALE,Jaipur,New,0,Desktop,Instagram,16.1,5,1,Fashion,Jacket,989,Yes,2137,Yes,10,Yes,No,0,UPI,Standard,,
SES503964,CUST11029,2026-05-05 00:00:00,30,MALE,Jaipur,Returning,3,Mobile,Facebook,10.8,8,7,Fashion,Kurta,3362,Yes,6895,No,0,No,No,0,Credit Card,Standard,,
SES505603,CUST10969,2025-05-24 00:00:00,44,FEMALE,Mumbai,Returning,5,Mobile,Direct,7.8,7,2,Fashion,T-Shirt,5477,Yes,13423,Yes,10,Yes,Yes,9881,Net Banking,Express,4.4,4.1
SES504180,CUST11417,2025-12-18 00:00:00,50,FEMALE,Delhi,Returning,5,Mobile,Direct,4.5,7,1,Sports,Dumbbells,6052,No,0,Yes,15,Yes,No,0,Cash on Delivery,Standard,,
SES504027,CUST11724,2025-12-06 00:00:00,39,MALE,Delhi,Returning,12,Mobile,Email,34.4,4,5,Electronics,Bluetooth Speaker,27977,Yes,26785,No,0,No,Yes,57861,UPI,Standard,4.9,2.9
SES504117,CUST10800,2025-12-15 00:00:00,42,MALE,Pune,Returning,4,Tablet,Instagram,8.6,6,1,Sports,Cricket Bat,6372,Yes,12214,No,0,No,Yes,13567,UPI,Express,4.7,5
SES500989,CUST11524,2025-01-10 00:00:00,18,MALE,Lucknow,Returning,14,Desktop,Referral,15.9,3,4,Electronics,Power Bank,2603,Yes,5958,Yes,20,Yes,Yes,4857,UPI,Standard,5,4.4
SES504652,CUST10580,2025-11-21 00:00:00,24,MALE,Kolkata,Returning,3,Mobile,Google,12.3,7,2,Fashion,T-Shirt,2098,Yes,2776,No,0,No,Yes,1825,UPI,Standard,3.9,3.4
SES503454,CUST11949,2026-05-05 00:00:00,25,FEMALE,Mumbai,New,1,Tablet,Instagram,10.3,5,3,Sports,Football,915,No,0,Yes,20,Yes,No,0,UPI,Standard,,
SES505508,CUST11927,2025-06-21 00:00:00,18,MALE,Delhi,New,0,Desktop,YouTube,8.3,2,6,Beauty,Perfume,1256,No,0,No,0,No,No,0,Credit Card,Express,,
SES503779,CUST10936,2025-04-06 00:00:00,25,FEMALE,Ahmedabad,New,0,Mobile,Facebook,6.7,7,6,Electronics,Bluetooth Speaker,26944,No,0,No,0,No,No,0,Cash on Delivery,Same Day,,
SES505055,CUST10757,2025-07-30 00:00:00,39,MALE,Mumbai,New,0,Mobile,Facebook,8.6,6,2,Electronics,Power Bank,8802,No,0,Yes,5,No,No,0,UPI,Standard,,
SES503094,CUST10825,2026-05-05 00:00:00,24,MALE,Mumbai,New,0,Mobile,Facebook,8.1,10,4,Electronics,Bluetooth Speaker,26759,Yes,57050,Yes,15,Yes,Yes,43051,Debit Card,Standard,4.2,5
SES503156,CUST10262,2025-05-30 00:00:00,30,FEMALE,Unknown,Returning,5,Desktop,Instagram,10.3,7,6,Fashion,Kurta,6841,Yes,11917,Yes,10,Yes,Yes,8771,Credit Card,Express,4.5,4.4
SES503202,CUST11234,2025-01-11 00:00:00,21,MALE,Delhi,Returning,11,Mobile,Facebook,8.8,6,2,Electronics,Bluetooth Speaker,2588,Yes,2802,No,0,No,No,0,UPI,Express,,
SES504865,CUST11523,2026-03-30 00:00:00,39,FEMALE,Bangalore,New,0,Tablet,Direct,5.2,6,6,Electronics,Bluetooth Speaker,13177,No,0,No,0,No,No,0,Credit Card,Standard,,
SES501099,CUST11522,2025-06-17 00:00:00,25,MALE,Jaipur,Returning,6,Mobile,Google,5.4,7,3,Fashion,Jeans,1340,Yes,2218,Yes,20,Yes,Yes,1100,UPI,Express,4.2,5
SES505005,CUST11723,2025-11-19 00:00:00,29,FEMALE,Mumbai,New,0,Mobile,Google,14.3,9,3,Fashion,Kurta,6837,Yes,16751,Yes,10,Yes,No,0,Wallet,Standard,,
SES502845,CUST11024,2025-01-15 00:00:00,30,MALE,Hyderabad,New,0,Mobile,Facebook,4.1,12,3,Electronics,Power Bank,21382,Yes,28951,Yes,5,No,No,0,Cash on Delivery,Standard,,
SES500887,CUST10418,2025-07-15 00:00:00,27,MALE,Kolkata,Returning,13,Desktop,Email,7.1,7,3,Books,Business Book,2032,Yes,2016,No,0,No,Yes,1990,Credit Card,Standard,5,4.3
SES505954,CUST12171,2026-03-26 00:00:00,22,MALE,Delhi,Returning,11,Mobile,Google,9.2,8,3,Fashion,T-Shirt,724,No,0,No,0,No,No,0,Debit Card,Standard,,
SES504677,CUST11578,2026-06-19 00:00:00,27,MALE,Chennai,New,0,Desktop,Facebook,12.5,5,6,Fashion,T-Shirt,3546,No,0,Yes,10,Yes,Yes,5951,UPI,Standard,4,4.4
SES500516,CUST10968,2025-07-28 00:00:00,47,MALE,Delhi,Returning,11,Desktop,Facebook,31.5,5,5,Fashion,Kurta,3145,Yes,5841,No,0,No,Yes,3871,Credit Card,Standard,4,3.7
SES505566,CUST10768,2025-12-06 00:00:00,26,MALE,Kolkata,New,0,Mobile,Google,23.4,6,3,Beauty,Shampoo,4874,Yes,9015,No,0,No,Yes,10010,UPI,Standard,3.5,2.8
SES501454,CUST10353,2025-01-03 00:00:00,33,MALE,Mumbai,New,1,Mobile,Google,8.1,6,3,Fashion,T-Shirt,2619,No,0,Yes,10,Yes,No,0,Credit Card,Standard,,
SES503554,CUST10616,2025-09-26 00:00:00,25,MALE,Mumbai,Returning,14,Mobile,Facebook,6.3,6,3,Electronics,Wireless Earbuds,5649,No,0,No,0,No,No,0,Debit Card,Standard,,
SES503610,CUST11115,2026-02-27 00:00:00,29,FEMALE,Mumbai,Returning,15,Mobile,Direct,3.2,9,3,Fashion,T-Shirt,5048,No,0,No,0,No,No,0,Wallet,Standard,,
SES502507,CUST10456,2025-07-22 00:00:00,31,MALE,Chennai,Returning,11,Mobile,Instagram,18.3,8,5,Beauty,Face Wash,1128,No,0,No,0,No,No,0,UPI,Standard,,
SES502995,CUST10883,2026-03-08 00:00:00,21,FEMALE,Mumbai,New,0,Desktop,Direct,9.7,2,2,Home & Kitchen,Table Lamp,9042,No,0,Yes,5,Yes,No,0,UPI,Express,,
SES504000,CUST11988,2025-07-14 00:00:00,48,FEMALE,Jaipur,New,0,Mobile,Google,10.4,7,5,Electronics,Headphones,6780,Yes,12389,Yes,15,No,Yes,13726,UPI,Standard,4.1,2.5
SES505720,CUST10574,2025-02-24 00:00:00,18,MALE,Delhi,New,0,Mobile,Instagram,6.2,8,4,Fashion,Kurta,6531,No,0,Yes,20,Yes,No,0,UPI,Standard,,
SES500907,CUST10849,2026-02-01 00:00:00,41,MALE,Chennai,New,0,Mobile,Instagram,3.7,8,1,Fashion,Sneakers,1783,No,0,Yes,15,Yes,No,0,UPI,Standard,,
SES500029,CUST11900,2025-02-02 00:00:00,20,MALE,Delhi,New,0,Mobile,YouTube,7.4,6,4,Fashion,Sneakers,6730,Yes,13886,Yes,15,Yes,Yes,10930,Net Banking,Standard,4.6,4.4
SES502508,CUST12037,2025-08-06 00:00:00,36,MALE,Mumbai,New,0,Mobile,Instagram,0.7,8,3,Sports,Cricket Bat,5276,Yes,11591,Yes,10,Yes,No,0,UPI,Standard,,
SES502429,CUST11448,2026-01-23 00:00:00,35,MALE,Jaipur,New,1,Mobile,Email,16.4,14,5,Books,Fiction Book,267,No,0,Yes,10,Yes,No,0,Credit Card,Standard,,
SES500763,CUST10690,2026-01-27 00:00:00,18,FEMALE,Jaipur,Returning,6,Desktop,Facebook,7.5,4,3,Home & Kitchen,Cookware Set,11664,No,0,Yes,20,Yes,No,0,Net Banking,Standard,,
SES503748,CUST10039,2026-05-03 00:00:00,45,FEMALE,Mumbai,New,0,Mobile,Google,6,9,5,Books,Self Help Book,2022,Yes,2815,Yes,10,Yes,Yes,1710,UPI,Same Day,2.7,4.7
SES500285,CUST11706,2025-03-03 00:00:00,40,FEMALE,Hyderabad,New,0,Mobile,Google,7.7,5,4,Fashion,T-Shirt,5073,No,0,Yes,25,Yes,No,0,Wallet,Express,,
SES500687,CUST12076,2025-08-02 00:00:00,35,FEMALE,Pune,Returning,14,Mobile,Referral,7.3,13,4,Sports,Dumbbells,3723,No,0,Yes,20,Yes,No,0,Debit Card,Standard,,
SES502354,CUST10393,2025-04-19 00:00:00,23,FEMALE,Jaipur,New,0,Mobile,Instagram,3.7,8,6,Home & Kitchen,Storage Box,14828,Yes,32530,Yes,20,No,Yes,18260,upi,Standard,5,4.2
SES504851,CUST11059,2026-05-11 00:00:00,24,MALE,Mumbai,New,1,Mobile,Direct,14.6,8,3,Sports,Dumbbells,5756,No,0,Yes,5,No,No,0,Debit Card,Standard,,
SES500022,CUST10475,2025-09-26 00:00:00,34,MALE,Kolkata,Returning,11,Mobile,YouTube,3,8,5,Sports,Dumbbells,11845,Yes,25675,No,0,No,No,0,Cash on Delivery,Express,,
SES502753,CUST11147,2025-07-04 00:00:00,27,MALE,Delhi,Returning,6,Desktop,Google,5.4,6,4,Sports,Dumbbells,2180,Yes,4641,Yes,20,No,No,0,Credit Card,Standard,,
SES500886,CUST10475,2025-10-27 00:00:00,30,FEMALE,Chennai,Returning,5,Mobile,Google,3.1,6,3,Beauty,Shampoo,1732,No,0,Yes,15,Yes,Yes,2601,Credit Card,Express,3.1,3.8
SES500918,CUST10990,2025-02-15 00:00:00,30,MALE,Lucknow,Returning,3,Desktop,Google,9.4,5,4,Fashion,Jacket,6269,No,0,No,0,No,Yes,10627,UPI,Express,3.2,4
SES501041,CUST10098,2025-08-17 00:00:00,45,MALE,Hyderabad,New,1,Desktop,Email,6.1,8,2,Books,Self Help Book,1634,No,0,No,0,No,No,0,Wallet,Standard,,
SES501266,CUST10360,2026-01-31 00:00:00,27,MALE,Ahmedabad,Returning,5,Mobile,Email,3.7,7,4,Electronics,Bluetooth Speaker,32023,No,0,No,0,No,No,0,UPI,Express,,
SES505215,CUST12122,2025-12-28 00:00:00,26,MALE,Bangalore,New,0,Mobile,Facebook,7.3,6,5,Beauty,Lipstick,1681,No,0,No,0,No,No,0,Credit Card,Standard,,
SES500278,CUST10626,2025-01-05 00:00:00,31,MALE,Hyderabad,New,0,Mobile,Facebook,11.4,7,4,Electronics,Bluetooth Speaker,18208,No,0,No,0,No,Yes,21154,UPI,Standard,3,3.8
SES502085,CUST12067,2025-08-04 00:00:00,28,MALE,Delhi,Returning,14,Mobile,Instagram,11.9,7,8,Electronics,Bluetooth Speaker,17973,No,0,No,0,No,No,0,UPI,Express,,
SES501246,CUST10700,2025-08-30 00:00:00,18,MALE,Bangalore,New,0,Mobile,Referral,10.2,7,2,Beauty,Face Wash,3307,No,0,No,0,No,No,0,Debit Card,Standard,,
SES502383,CUST10633,2025-12-28 00:00:00,28,FEMALE,Bangalore,New,0,Mobile,Facebook,6.8,6,3,Beauty,Face Wash,4076,Yes,6636,No,0,No,Yes,5788,Wallet,Standard,4,3.3
SES500572,CUST10051,2025-05-10 00:00:00,36,MALE,Bangalore,Returning,8,Desktop,Instagram,14.4,8,2,Fashion,Sneakers,5953,No,0,Yes,10,Yes,No,0,Credit Card,Express,,
SES501436,CUST12170,2026-01-01 00:00:00,43,MALE,Ahmedabad,New,0,Desktop,Email,10.1,7,5,Books,Fiction Book,730,No,0,Yes,5,Yes,No,0,Wallet,Same Day,,
SES503903,CUST11749,2025-06-27 00:00:00,34,FEMALE,Delhi,Returning,7,Mobile,Google,18.3,4,5,Beauty,Lipstick,958,Yes,1768,No,0,No,No,0,UPI,Standard,,
SES501248,CUST12181,2025-11-15 00:00:00,28,MALE,Mumbai,New,1,Desktop,Direct,1.6,5,10,Fashion,Jeans,712,No,0,No,0,No,No,0,UPI,Standard,,
SES503527,CUST11086,2025-12-29 00:00:00,40,FEMALE,Lucknow,New,1,Tablet,Referral,5.1,5,3,Sports,Dumbbells,7859,No,0,Yes,15,Yes,No,0,Net Banking,Express,,
SES502515,CUST10174,2025-05-11 00:00:00,18,FEMALE,Hyderabad,New,0,Mobile,Google,14.4,4,2,Home & Kitchen,Storage Box,7007,No,0,Yes,25,Yes,No,0,UPI,Standard,,
SES501008,CUST11380,2025-03-19 00:00:00,26,FEMALE,Bangalore,Returning,7,Desktop,Email,3.2,3,6,Beauty,Lipstick,446,Yes,939,No,0,No,No,0,Wallet,Standard,,
SES505220,CUST10056,2025-11-19 00:00:00,35,FEMALE,Mumbai,New,0,Mobile,Google,12.5,8,9,Sports,Football,3623,Yes,5128,Yes,15,No,No,0,Wallet,Express,,
SES502065,CUST10188,2025-10-28 00:00:00,34,MALE,Chennai,Returning,11,Mobile,Instagram,29.4,13,4,Fashion,Jacket,5364,Yes,6113,No,0,No,Yes,8915,Debit Card,Standard,5,4
SES504762,CUST10999,2026-05-13 00:00:00,33,MALE,Chennai,New,0,Mobile,Referral,8.9,6,6,Electronics,Bluetooth Speaker,33238,No,0,No,0,No,No,0,Cash on Delivery,Standard,,
SES501691,CUST11604,2025-03-24 00:00:00,31,MALE,Lucknow,Returning,3,Desktop,Google,14.5,4,2,Sports,Football,4871,Yes,11104,No,0,No,No,0,Net Banking,Express,,
SES505201,CUST12127,2025-01-22 00:00:00,39,MALE,Delhi,New,0,Mobile,Direct,11.3,5,6,Beauty,Shampoo,4853,Yes,10625,Yes,25,No,Yes,4227,UPI,Standard,3.5,3.3
SES501986,CUST12170,2025-01-21 00:00:00,41,MALE,Bangalore,New,0,Mobile,Google,11.3,10,5,Sports,Cricket Bat,2771,No,0,Yes,20,No,No,0,UPI,Standard,,
SES500295,CUST10400,2025-07-31 00:00:00,36,MALE,Delhi,Returning,8,Desktop,Instagram,9,4,2,Beauty,Moisturizer,426,Yes,893,Yes,15,No,Yes,704,UPI,Standard,3.3,4.9
SES501548,CUST10276,2025-07-16 00:00:00,36,FEMALE,Mumbai,Returning,11,Mobile,Google,15,4,4,Fashion,Sneakers,3511,No,0,Yes,5,Yes,No,0,Cash on Delivery,Standard,,
SES502013,CUST11377,2026-05-31 00:00:00,18,MALE,Ahmedabad,New,0,Mobile,Email,12.5,10,6,Home & Kitchen,Cookware Set,11302,No,0,Yes,10,Yes,No,0,UPI,Standard,,
SES500589,CUST11985,2026-06-17 00:00:00,19,FEMALE,Delhi,New,0,Mobile,Google,10.5,7,5,Sports,Football,11346,No,0,Yes,15,Yes,No,0,UPI,Express,,
SES503330,CUST11185,2025-08-17 00:00:00,36,FEMALE,Chennai,New,0,Mobile,Direct,6.3,8,5,Books,Fiction Book,1953,No,0,Yes,30,Yes,No,0,Cash on Delivery,Standard,,
SES502404,CUST11656,2025-10-02 00:00:00,21,FEMALE,Pune,New,0,Desktop,Unknown,10.9,5,6,Electronics,Wireless Earbuds,23463,Yes,40891,Yes,15,Yes,No,0,Wallet,Standard,,
SES502130,CUST10547,2026-01-16 00:00:00,18,FEMALE,Pune,New,0,Mobile,Instagram,23.4,10,2,Sports,Yoga Mat,2212,No,0,No,0,No,No,0,Cash on Delivery,Express,,
SES503999,CUST10471,2025-06-03 00:00:00,18,FEMALE,Delhi,New,0,Mobile,Facebook,11.4,7,4,Fashion,T-Shirt,6444,Yes,7491,No,0,No,Yes,5647,Debit Card,Standard,3.8,5
SES505278,CUST11178,2025-02-01 00:00:00,32,MALE,Chennai,Returning,9,Mobile,Instagram,17.6,4,2,Beauty,Moisturizer,1407,No,0,Yes,5,No,No,0,UPI,Standard,,
SES503742,CUST10192,2025-05-25 00:00:00,19,MALE,Pune,New,0,Desktop,Google,7.9,5,5,Electronics,Wireless Earbuds,7746,Yes,6464,Yes,15,Yes,No,0,Cash on Delivery,Standard,,
SES503509,CUST10082,2025-05-28 00:00:00,18,FEMALE,Hyderabad,New,0,Desktop,Referral,6.6,4,5,Fashion,Sneakers,1089,Yes,1816,No,0,No,Yes,2183,Cash on Delivery,Express,4.9,4.4
SES502720,CUST10277,2026-04-01 00:00:00,18,MALE,Delhi,Returning,6,Mobile,Direct,5.8,10,2,Home & Kitchen,Cookware Set,1253,No,0,Yes,20,No,No,0,UPI,Standard,,
SES504522,CUST11945,2025-05-21 00:00:00,44,FEMALE,Chennai,Returning,2,Desktop,Google,9.7,9,1,Fashion,Jacket,5999,No,0,No,0,No,No,0,Credit Card,Express,,
SES505492,CUST11017,2025-09-15 00:00:00,47,FEMALE,Kolkata,New,0,Mobile,Facebook,9.5,10,2,Home & Kitchen,Table Lamp,4659,No,0,Yes,10,Yes,No,0,UPI,Standard,,
SES505498,CUST11438,2026-05-17 00:00:00,18,MALE,Ahmedabad,New,0,Mobile,Referral,7.4,6,1,Books,Fiction Book,250,No,0,Yes,20,Yes,Yes,464,UPI,Standard,5,3.5
SES500557,CUST12153,2025-05-10 00:00:00,42,MALE,Chennai,Returning,12,Mobile,Email,11,3,5,Beauty,Perfume,2580,Yes,4689,Yes,15,No,Yes,3312,UPI,Express,3.7,3.5
SES502470,CUST11848,2025-12-19 00:00:00,37,MALE,Delhi,New,0,Mobile,Google,11.1,4,2,Home & Kitchen,Cookware Set,11577,No,0,No,0,No,No,0,UPI,Same Day,,
SES503739,CUST10360,2025-07-30 00:00:00,36,MALE,Delhi,Returning,5,Mobile,Google,9.8,9,3,Home & Kitchen,Coffee Maker,4272,No,0,No,0,No,No,0,Credit Card,Standard,,
SES504287,CUST11910,2026-03-20 00:00:00,35,MALE,Hyderabad,New,1,Mobile,Instagram,6.6,5,6,Electronics,Headphones,5315,No,0,No,0,No,No,0,UPI,Standard,,
SES504958,CUST11578,2025-12-09 00:00:00,18,FEMALE,Mumbai,Returning,11,Desktop,Facebook,15,9,2,Electronics,Wireless Earbuds,26747,No,0,No,0,No,No,0,UPI,Standard,,
SES501717,CUST11604,2025-12-12 00:00:00,18,MALE,Mumbai,New,0,Desktop,Google,6.9,9,3,Electronics,Wireless Earbuds,21366,Yes,24168,Yes,25,Yes,No,0,cash on delivery,Standard,,
SES502605,CUST12123,2025-01-12 00:00:00,29,MALE,Lucknow,New,0,Mobile,Instagram,11.5,8,8,Home & Kitchen,Table Lamp,4910,No,0,No,0,No,No,0,UPI,Express,,
SES505473,CUST10343,2026-01-31 00:00:00,21,FEMALE,Ahmedabad,Returning,11,Desktop,Instagram,5.6,8,2,Fashion,Jeans,5817,No,0,No,0,No,No,0,Net Banking,Standard,,
SES501705,CUST10650,2025-03-28 00:00:00,18,FEMALE,Kolkata,Returning,6,Desktop,Instagram,6.1,4,7,Electronics,Power Bank,33106,No,0,No,0,No,Yes,66663,Debit Card,Standard,4.7,3
SES502140,CUST11010,2025-03-25 00:00:00,20,FEMALE,Delhi,Returning,10,Desktop,Referral,11.8,6,5,Home & Kitchen,Bedsheet,8043,Yes,6932,No,0,No,Yes,7365,Debit Card,Express,4.6,3.5
SES503240,CUST11989,2025-04-12 00:00:00,26,MALE,Bangalore,Returning,9,Tablet,YouTube,7,7,5,Beauty,Perfume,3487,No,0,Yes,10,No,No,0,Wallet,Standard,,
SES502384,CUST11532,2026-06-06 00:00:00,39,FEMALE,Hyderabad,Returning,10,Desktop,Direct,16,4,4,Fashion,T-Shirt,5796,Yes,8389,Yes,10,Yes,No,0,UPI,Standard,,
SES504312,CUST10490,2026-01-02 00:00:00,36,MALE,Lucknow,Returning,14,Desktop,YouTube,10.9,6,2,Fashion,T-Shirt,2751,Yes,2748,No,0,No,Yes,5423,UPI,Same Day,2.8,4.8
SES501286,CUST10731,2026-01-20 00:00:00,27,MALE,Delhi,New,0,Mobile,Instagram,6.8,5,3,Electronics,Headphones,2795,No,0,Yes,5,Yes,No,0,UPI,Standard,,
SES505131,CUST10951,2025-02-20 00:00:00,44,FEMALE,Delhi,Returning,12,Desktop,Direct,11.7,5,5,Fashion,T-Shirt,1737,No,0,Yes,15,No,Yes,3202,UPI,Standard,3.7,3.7
SES505521,CUST10655,2025-01-05 00:00:00,27,FEMALE,Lucknow,Returning,8,Mobile,Instagram,14.7,5,2,Beauty,Moisturizer,3190,Yes,4315,Yes,15,Yes,Yes,3366,cash on delivery,Standard,3.7,3.4
SES503931,CUST11574,2025-02-17 00:00:00,30,FEMALE,Mumbai,Returning,5,Mobile,Email,12.4,6,4,Electronics,Headphones,21795,Yes,38024,No,0,No,Yes,31381,UPI,Standard,4.3,4.9
SES504562,CUST11583,2025-11-26 00:00:00,30,MALE,Delhi,Returning,9,Mobile,Referral,5.6,2,2,Beauty,Lipstick,1814,No,0,No,0,No,No,0,UPI,Express,,
SES501592,CUST11609,2025-07-24 00:00:00,44,MALE,Bangalore,New,0,Mobile,Google,21.1,5,5,Books,Academic Book,513,Yes,1161,No,0,No,Yes,804,Credit Card,Standard,4.1,3.9
SES505340,CUST10238,2026-06-12 00:00:00,32,FEMALE,Lucknow,New,0,Mobile,Email,15.8,6,4,Home & Kitchen,Coffee Maker,14932,Yes,33520,No,0,No,Yes,19129,Debit Card,Standard,4.2,3.4
SES502163,CUST11642,2026-01-06 00:00:00,26,MALE,Bangalore,New,0,Desktop,Direct,18.3,5,1,Books,Academic Book,723,No,0,Yes,5,No,No,0,UPI,Standard,,
SES502397,CUST11763,2025-02-23 00:00:00,21,MALE,Mumbai,Returning,13,Mobile,Referral,15.5,4,3,Electronics,Headphones,9885,No,0,No,0,No,Yes,21254,cash on delivery,Standard,2.8,5
SES500318,CUST10992,2025-02-23 00:00:00,19,FEMALE,Chennai,Returning,13,Mobile,Google,16,4,4,Beauty,Lipstick,513,No,0,Yes,20,No,No,0,Wallet,Express,,
SES505414,CUST11330,2025-02-07 00:00:00,19,FEMALE,Mumbai,New,0,Mobile,Instagram,5.3,6,3,Fashion,Jeans,1250,No,0,Yes,5,No,No,0,Credit Card,Standard,,
SES503112,CUST11933,2025-10-18 00:00:00,18,MALE,Mumbai,New,0,Mobile,Google,2,8,5,Electronics,Headphones,26415,No,0,No,0,No,No,0,Credit Card,Standard,,
SES504037,CUST10960,2025-10-24 00:00:00,21,MALE,Bangalore,New,1,Mobile,YouTube,5.2,8,5,Electronics,Power Bank,9184,No,0,No,0,No,No,0,Cash on Delivery,Express,,
SES500796,CUST10078,2025-08-16 00:00:00,37,MALE,Mumbai,New,0,Desktop,Instagram,14.5,6,2,Beauty,Lipstick,4606,Yes,8857,No,0,No,No,0,Credit Card,Standard,,
SES503021,CUST11627,2025-04-10 00:00:00,28,FEMALE,Jaipur,Returning,5,Mobile,Instagram,13.5,7,3,Electronics,Bluetooth Speaker,24141,No,0,Yes,15,No,No,0,Credit Card,Standard,,
SES501712,CUST11827,2025-03-11 00:00:00,23,FEMALE,Mumbai,New,0,Desktop,Referral,9.1,15,3,Electronics,Power Bank,14333,No,0,Yes,15,Yes,No,0,UPI,Express,,
SES503388,CUST10242,2025-12-15 00:00:00,34,MALE,Bangalore,Returning,6,Mobile,Email,5.4,5,3,Home & Kitchen,Storage Box,3391,No,0,No,0,No,No,0,UPI,Standard,,
SES500037,CUST10242,2026-01-16 00:00:00,18,FEMALE,Kolkata,Returning,5,Mobile,Instagram,16.3,9,2,Beauty,Face Wash,3007,No,0,Yes,15,No,No,0,Credit Card,Standard,,
SES504550,CUST11491,2026-05-11 00:00:00,43,MALE,Jaipur,Returning,7,Mobile,Instagram,16.5,7,7,Fashion,T-Shirt,6363,Yes,8123,Yes,10,Yes,Yes,9433,Credit Card,Express,3.5,4.1
SES500914,CUST11384,2025-02-25 00:00:00,21,MALE,Mumbai,New,0,Mobile,Google,13.4,13,4,Home & Kitchen,Storage Box,2274,Yes,4055,Yes,25,Yes,Yes,3630,UPI,Express,4.4,3.6
SES503973,CUST10140,2026-04-28 00:00:00,37,MALE,Chennai,New,0,Mobile,Instagram,14.2,8,4,Sports,Football,1663,Yes,3883,No,0,No,Yes,3249,UPI,Standard,3.6,4.2
SES504134,CUST10771,2026-01-21 00:00:00,37,FEMALE,Bangalore,New,0,Mobile,YouTube,6.7,5,7,Beauty,Shampoo,4417,No,0,Yes,25,Yes,No,0,UPI,Standard,,
SES500975,CUST11940,2025-04-19 00:00:00,34,MALE,Pune,New,0,Mobile,Instagram,8.7,11,4,Fashion,Kurta,4298,No,0,Yes,15,Yes,No,0,Debit Card,Standard,,
SES500984,CUST11280,2025-07-29 00:00:00,26,FEMALE,Delhi,New,0,Desktop,Google,8.8,5,5,Beauty,Perfume,3044,Yes,5216,No,0,No,Yes,4113,UPI,Standard,4.9,4.9
SES504918,CUST11782,2026-05-21 00:00:00,26,MALE,Lucknow,Returning,11,Tablet,Google,9,3,4,Electronics,Power Bank,11159,No,0,Yes,5,Yes,Yes,14716,UPI,Express,3.7,3.5
SES501419,CUST12055,2025-05-21 00:00:00,22,FEMALE,Bangalore,New,0,Mobile,Google,3.1,6,2,Fashion,Sneakers,3189,No,0,No,0,No,Yes,5295,Net Banking,Standard,3.4,3.6
SES501561,CUST11970,2026-02-02 00:00:00,18,MALE,Pune,Returning,12,Mobile,Google,15.2,9,4,Fashion,Kurta,5858,Yes,12293,Yes,20,Yes,Yes,11467,Credit Card,Express,3.3,4.7
SES504136,CUST10136,2026-06-25 00:00:00,33,MALE,Bangalore,Returning,9,Mobile,Instagram,15.4,11,2,Beauty,Face Wash,3089,No,0,No,0,No,Yes,6628,Debit Card,Standard,3.9,2.6
SES504266,CUST11405,2025-01-04 00:00:00,34,FEMALE,Kolkata,Returning,13,Mobile,Direct,8.2,8,3,Home & Kitchen,Cookware Set,10172,No,0,No,0,No,No,0,UPI,Standard,,
SES501356,CUST11368,2026-04-08 00:00:00,33,MALE,Pune,Returning,5,Mobile,Google,10,6,5,Home & Kitchen,Storage Box,4404,Yes,9413,No,0,No,No,0,Wallet,Express,,
SES505723,CUST10423,2026-01-08 00:00:00,39,MALE,Ahmedabad,Returning,10,Tablet,Email,9.3,7,6,Sports,Running Shoes,861,No,0,Yes,10,Yes,No,0,Credit Card,Standard,,
SES500988,CUST11891,2025-02-02 00:00:00,28,MALE,Bangalore,New,0,Mobile,Direct,8.4,9,5,Electronics,Headphones,20334,Yes,33621,No,0,No,Yes,22662,Credit Card,Express,4.6,2.4
SES502683,CUST10666,2025-10-18 00:00:00,39,MALE,Mumbai,Returning,14,Mobile,Instagram,8.5,12,3,Sports,Yoga Mat,1517,No,0,No,0,No,No,0,Credit Card,Express,,
SES501641,CUST11828,2025-06-01 00:00:00,18,MALE,Delhi,New,0,Mobile,Instagram,13.2,6,6,Fashion,Jacket,452,Yes,1120,Yes,10,Yes,No,0,UPI,Express,,
SES501291,CUST10474,2025-01-15 00:00:00,59,UNKNOWN,Ahmedabad,New,0,Desktop,Facebook,28.2,7,3,Home & Kitchen,Table Lamp,10720,No,0,No,0,No,No,0,Net Banking,Standard,,
SES503682,CUST10532,2026-06-15 00:00:00,18,FEMALE,Delhi,Returning,6,Desktop,Google,3.1,8,3,Books,Business Book,955,Yes,2288,Yes,20,Yes,No,0,Wallet,Standard,,
SES501381,CUST11334,2026-06-25 00:00:00,18,MALE,Pune,New,0,Desktop,Direct,18.8,12,2,Electronics,Wireless Earbuds,16085,Yes,37637,Yes,30,Yes,Yes,16140,Credit Card,Standard,4.6,2.7
SES501934,CUST10148,2026-02-21 00:00:00,25,FEMALE,Mumbai,Returning,14,Mobile,Referral,12.1,11,5,Books,Business Book,685,No,0,Yes,10,Yes,No,0,Wallet,Same Day,,
SES505071,CUST11858,2025-01-22 00:00:00,24,MALE,Kolkata,New,0,Mobile,Email,6.6,8,3,Electronics,Headphones,16395,Yes,24685,No,0,No,Yes,35368,Credit Card,Standard,3.6,4.3
SES503161,CUST11100,2025-01-16 00:00:00,18,MALE,Delhi,Returning,9,Mobile,Google,4.6,6,4,Fashion,Jacket,3987,Yes,6498,No,0,No,Yes,8599,UPI,Same Day,3.8,4.3
SES502031,CUST11924,2025-02-25 00:00:00,33,FEMALE,Jaipur,New,0,Mobile,Instagram,14.7,5,2,Books,Fiction Book,803,Yes,1088,Yes,10,No,Yes,1400,Wallet,Standard,3.8,4.5
SES500893,CUST11206,2025-01-22 00:00:00,45,MALE,Jaipur,New,0,Mobile,Instagram,7.5,5,5,Electronics,Bluetooth Speaker,9954,No,0,No,0,No,No,0,Net Banking,Standard,,
SES504070,CUST10166,2025-08-28 00:00:00,28,MALE,Mumbai,Returning,2,Mobile,Email,1.7,11,4,Beauty,Perfume,1952,No,0,No,0,No,No,0,Debit Card,Express,,
SES504256,CUST10090,2026-01-29 00:00:00,18,FEMALE,Hyderabad,New,1,Mobile,Google,28.4,5,6,Fashion,Sneakers,6666,Yes,14995,Yes,20,Yes,Yes,9955,cash on delivery,Same Day,4.2,4.2
SES500003,CUST11131,2025-08-01 00:00:00,38,FEMALE,Ahmedabad,New,0,Mobile,Google,3.3,8,4,Beauty,Face Wash,2351,No,0,No,0,No,No,0,Debit Card,Express,,
SES502110,CUST11734,2025-08-11 00:00:00,35,MALE,Bangalore,New,0,Mobile,Email,5.1,11,5,Home & Kitchen,Storage Box,7305,No,0,No,0,No,No,0,Credit Card,Express,,
SES500850,CUST11866,2026-05-09 00:00:00,40,MALE,Mumbai,New,1,Desktop,Direct,11.3,3,1,Beauty,Face Wash,2586,No,0,No,0,No,No,0,Wallet,Standard,,
SES502738,CUST10201,2025-01-10 00:00:00,29,MALE,Hyderabad,New,0,Mobile,Google,8.7,7,2,Fashion,Kurta,4307,Yes,8059,Yes,15,Yes,Yes,6667,Credit Card,Standard,3.1,4.6
SES502467,CUST11315,2025-01-15 00:00:00,33,FEMALE,Mumbai,New,0,Mobile,Facebook,4.1,7,3,Beauty,Perfume,2769,No,0,Yes,5,Yes,Yes,5125,UPI,Same Day,3.1,5
SES501915,CUST10572,2025-10-29 00:00:00,18,MALE,Mumbai,New,0,Mobile,Instagram,5.5,8,5,Electronics,Headphones,16815,No,0,Yes,30,Yes,No,0,credit card,Express,,
SES501597,CUST10494,2026-06-04 00:00:00,33,FEMALE,Ahmedabad,New,0,Mobile,Google,12.3,5,3,Electronics,Headphones,10675,No,0,No,0,No,No,0,Wallet,Standard,,
SES501914,CUST12177,2026-03-19 00:00:00,38,FEMALE,Lucknow,New,0,Mobile,Google,1.4,4,4,Sports,Dumbbells,5160,No,0,Yes,15,No,No,0,Credit Card,Standard,,
SES505684,CUST11967,2026-01-06 00:00:00,25,FEMALE,Kolkata,Returning,5,Desktop,Direct,4.5,9,5,Beauty,Face Wash,3513,No,0,Yes,5,Yes,No,0,Credit Card,Standard,,
SES502737,CUST10648,2026-01-17 00:00:00,34,FEMALE,Hyderabad,New,1,Mobile,Facebook,8.1,9,3,Electronics,Wireless Earbuds,13177,Yes,14173,No,0,No,Yes,24062,UPI,Express,3.7,3.5
SES500727,CUST10006,2025-08-29 00:00:00,28,MALE,Chennai,Returning,12,Tablet,Direct,2.4,6,5,Beauty,Lipstick,4053,No,0,No,0,No,No,0,UPI,Same Day,,
SES500054,CUST11982,2025-07-31 00:00:00,32,FEMALE,Jaipur,New,0,Desktop,Google,2.7,7,2,Sports,Dumbbells,4733,No,0,No,0,No,No,0,UPI,Same Day,,
SES501797,CUST10042,2025-08-16 00:00:00,18,MALE,Delhi,New,1,Desktop,Google,7.2,7,2,Electronics,Bluetooth Speaker,26127,Yes,53994,Yes,15,Yes,Yes,37666,Wallet,Standard,4.8,4.7
SES503846,CUST10337,2025-07-11 00:00:00,28,FEMALE,Hyderabad,New,0,Mobile,YouTube,7.7,10,2,Fashion,Sneakers,6813,No,0,Yes,10,No,No,0,Cash on Delivery,Express,,
SES502554,CUST11237,2025-10-04 00:00:00,29,MALE,Chennai,Returning,10,Mobile,Google,16.1,6,3,Fashion,T-Shirt,1436,Yes,3413,No,0,No,No,0,Credit Card,Express,,
SES502801,CUST11810,2025-02-08 00:00:00,55,MALE,Delhi,Returning,3,Desktop,Referral,12.1,6,5,Electronics,Headphones,12938,Yes,28880,Yes,20,Yes,Yes,23378,UPI,Same Day,3.6,4.7
SES500937,CUST10800,2025-03-09 00:00:00,18,MALE,Kolkata,Returning,3,Desktop,YouTube,2,6,3,Electronics,Power Bank,17476,No,0,No,0,No,No,0,Cash on Delivery,Standard,,
SES504967,CUST11873,2025-07-22 00:00:00,36,FEMALE,Mumbai,Returning,8,Mobile,Referral,7.4,8,5,Beauty,Face Wash,2701,Yes,4244,No,0,No,No,0,Credit Card,Same Day,,
SES500825,CUST10478,2025-07-03 00:00:00,25,FEMALE,Bangalore,Returning,2,Desktop,Facebook,5.6,8,4,Fashion,Sneakers,1360,No,0,No,0,No,No,0,Debit Card,Express,,
SES504322,CUST11858,2025-11-01 00:00:00,53,MALE,Chennai,New,0,Desktop,Direct,7.6,5,3,Electronics,Smart Watch,19722,Yes,42187,No,0,No,Yes,35800,credit card,Standard,3.1,3.1
SES503402,CUST11773,2026-04-05 00:00:00,34,FEMALE,Ahmedabad,New,0,Mobile,Referral,7.1,6,4,Beauty,Face Wash,3803,No,0,No,0,No,No,0,Cash on Delivery,Same Day,,
SES501390,CUST11769,2026-03-16 00:00:00,42,FEMALE,Mumbai,New,0,Desktop,YouTube,6.5,3,3,Home & Kitchen,Cookware Set,5254,Yes,11250,No,0,No,No,0,Credit Card,Standard,,
SES503565,CUST10658,2025-01-17 00:00:00,25,MALE,Delhi,New,0,Tablet,Direct,7.5,3,3,Beauty,Lipstick,4148,Yes,8462,No,0,No,Yes,8697,UPI,Express,3.6,5
SES500885,CUST10386,2025-11-24 00:00:00,18,FEMALE,Mumbai,Returning,3,Desktop,Facebook,20.7,5,2,Electronics,Headphones,11689,No,0,Yes,20,No,Yes,20175,UPI,Express,3.5,4.5
SES501869,CUST11509,2025-05-26 00:00:00,28,FEMALE,Kolkata,New,1,Mobile,Instagram,14.2,7,1,Electronics,Bluetooth Speaker,7810,No,0,Yes,15,No,No,0,Debit Card,Express,,
SES500011,CUST12136,2025-04-21 00:00:00,39,MALE,Chennai,New,0,Desktop,Referral,3.9,4,2,Home & Kitchen,Bedsheet,4761,No,0,No,0,No,No,0,Debit Card,Express,,
SES503416,CUST10662,2025-04-25 00:00:00,38,MALE,Chennai,New,0,Mobile,Instagram,15,7,3,Home & Kitchen,Table Lamp,13253,Yes,20574,No,0,No,No,0,UPI,Standard,,
SES501464,CUST11388,2025-12-28 00:00:00,35,MALE,Mumbai,New,0,Mobile,Referral,6.8,3,4,Books,Academic Book,773,No,0,No,0,No,No,0,UPI,Standard,,
SES500807,CUST10575,2026-04-15 00:00:00,52,FEMALE,Mumbai,Returning,8,Mobile,Unknown,11.6,8,6,Books,Fiction Book,2280,Yes,1841,No,0,No,No,0,UPI,Standard,,
SES504741,CUST10994,2025-07-18 00:00:00,32,MALE,Bangalore,New,0,Desktop,Direct,15.6,6,3,Home & Kitchen,Table Lamp,588,No,0,Yes,20,No,No,0,Cash on Delivery,Standard,,
SES504069,CUST10657,2025-10-31 00:00:00,24,FEMALE,Kolkata,New,0,Mobile,Email,14.4,10,4,Fashion,Sneakers,6538,Yes,15945,No,0,No,Yes,14102,Credit Card,Standard,3.1,3.9
SES502109,CUST10399,2026-04-24 00:00:00,21,FEMALE,Delhi,New,0,Desktop,Direct,10.7,8,5,Fashion,Kurta,4482,Yes,6078,No,0,No,Yes,6191,UPI,Standard,4.8,4.2
SES505088,CUST11488,2025-04-17 00:00:00,24,FEMALE,Jaipur,New,0,Mobile,Instagram,5.7,4,5,Sports,Football,2627,No,0,Yes,25,Yes,No,0,Debit Card,Standard,,
SES505982,CUST10123,2025-08-21 00:00:00,62,MALE,Ahmedabad,New,0,Mobile,Direct,3.6,12,2,Beauty,Shampoo,2364,Yes,2625,No,0,No,Yes,2441, UPI ,Standard,3.1,2.8
SES502235,CUST11679,2026-01-20 00:00:00,34,MALE,Bangalore,Returning,15,Mobile,Instagram,8.7,9,3,Electronics,Headphones,24028,Yes,52047,No,0,No,No,0,Debit Card,Same Day,,
SES500964,CUST12055,2025-12-28 00:00:00,35,MALE,Pune,Returning,13,Desktop,Unknown,7.6,8,5,Fashion,Jacket,2068,No,0,No,0,No,No,0,UPI,Standard,,
SES504495,CUST10299,2025-09-19 00:00:00,32,MALE,Chennai,New,0,Mobile,Facebook,8.5,6,1,Electronics,Wireless Earbuds,25209,Yes,29989,Yes,10,Yes,Yes,32983,UPI,Standard,5,3.6
SES502633,CUST10365,2025-06-09 00:00:00,22,MALE,Chennai,Returning,10,Mobile,Google,13.7,6,2,Electronics,Bluetooth Speaker,26111,Yes,56873,Yes,25,No,No,0,Debit Card,Standard,,
SES500705,CUST11494,2026-06-13 00:00:00,33,MALE,Ahmedabad,Returning,15,Tablet,Facebook,1.5,11,5,Books,Fiction Book,2483,Yes,3111,No,0,No,Yes,4212,Credit Card,Same Day,4.4,3.7
SES500432,CUST11391,2025-05-31 00:00:00,52,FEMALE,Ahmedabad,New,0,Desktop,Google,10.5,8,5,Books,Business Book,448,No,0,No,0,No,No,0,Debit Card,Standard,,
SES504389,CUST10923,2025-04-28 00:00:00,39,MALE,Delhi,New,0,Mobile,YouTube,5.3,5,7,Books,Academic Book,2384,No,0,No,0,No,No,0,UPI,Standard,,
SES500146,CUST10564,2025-04-19 00:00:00,32,MALE,Delhi,New,0,Mobile,Instagram,13.6,4,6,Electronics,Bluetooth Speaker,15525,No,0,No,0,No,No,0,Cash on Delivery,Express,,
SES502034,CUST11856,2025-05-01 00:00:00,32,MALE,Pune,New,0,Mobile,Email,8.6,9,3,Home & Kitchen,Coffee Maker,1824,Yes,1607,No,0,No,No,0,UPI,Standard,,
SES505056,CUST11046,2025-05-05 00:00:00,35,MALE,Pune,Returning,10,Mobile,Google,8.4,5,5,Fashion,Jacket,6209,Yes,10187,Yes,15,Yes,Yes,8131,Wallet,Standard,3.8,4.2
SES501166,CUST11326,2025-09-01 00:00:00,27,MALE,Bangalore,Returning,5,Mobile,Instagram,7,10,3,Sports,Yoga Mat,10315,No,0,No,0,No,No,0,UPI,Express,,
SES503501,CUST12105,2026-05-06 00:00:00,29,MALE,Ahmedabad,New,0,Mobile,Google,9.9,6,4,Home & Kitchen,Cookware Set,3094,No,0,Yes,10,Yes,No,0,UPI,Standard,,
SES502051,CUST12180,2026-03-26 00:00:00,43,FEMALE,Bangalore,New,0,Mobile,Instagram,3,7,5,Beauty,Lipstick,3902,Yes,4083,Yes,20,No,Yes,7423,Wallet,Standard,4.6,4.7
SES503761,CUST10486,2025-01-04 00:00:00,24,UNKNOWN,Hyderabad,New,1,Mobile,Google,8.5,8,2,Books,Business Book,1350,Yes,2999,Yes,25,No,No,0,Debit Card,Standard,,
SES502625,CUST10077,2025-11-28 00:00:00,35,MALE,Mumbai,Returning,4,Desktop,YouTube,4.2,10,5,Beauty,Shampoo,3233,No,0,Yes,15,No,No,0,UPI,Standard,,
SES504485,CUST11933,2025-07-03 00:00:00,27,MALE,Kolkata,Returning,13,Mobile,Referral,4,7,5,Fashion,Sneakers,2071,No,0,No,0,No,No,0,Wallet,Standard,,
SES504436,CUST11915,2026-01-16 00:00:00,18,FEMALE,Mumbai,New,0,Desktop,Direct,8,10,2,Sports,Cricket Bat,9308,Yes,10498,Yes,20,Yes,Yes,17789,Wallet,Express,3.9,2.8
SES504804,CUST11613,2026-06-24 00:00:00,34,FEMALE,Hyderabad,Returning,10,Mobile,Direct,19.3,5,1,Home & Kitchen,Cookware Set,11558,No,0,Yes,15,Yes,No,0,Net Banking,Express,,
SES505257,CUST10152,2025-05-02 00:00:00,27,FEMALE,Bangalore,Returning,3,Desktop,Direct,10.4,9,4,Books,Fiction Book,1595,Yes,2950,No,0,No,No,0,UPI,Express,,
SES504362,CUST11016,2026-03-25 00:00:00,18,MALE,Delhi,New,0,Mobile,Email,10.8,7,2,Home & Kitchen,Table Lamp,8145,No,0,Yes,20,Yes,No,0,UPI,Same Day,,
SES502425,CUST10482,2025-10-09 00:00:00,43,MALE,Mumbai,New,0,Mobile,Email,5.5,4,3,Beauty,Perfume,4897,Yes,10047,No,0,No,Yes,6329,UPI,Standard,4.3,3.9
SES501263,CUST11137,2025-09-12 00:00:00,30,MALE,Pune,New,0,Mobile,Google,27.4,6,4,Electronics,Headphones,9294,No,0,No,0,No,Yes,17382,Cash on Delivery,Standard,4.5,3.3
SES501772,CUST11185,2025-11-18 00:00:00,23,FEMALE,Ahmedabad,New,0,Desktop,Instagram,8.8,3,4,Books,Biography,1402,No,0,No,0,No,No,0,Cash on Delivery,Standard,,
SES503512,CUST10221,2025-07-16 00:00:00,35,MALE,Kolkata,Returning,15,Tablet,Direct,9.9,5,7,Home & Kitchen,Cookware Set,7479,No,0,Yes,20,Yes,No,0,Debit Card,Same Day,,
SES500272,CUST12066,2025-10-30 00:00:00,26,MALE,Bangalore,Returning,15,Mobile,Referral,4.4,5,7,Home & Kitchen,Cookware Set,10502,Yes,17405,Yes,25,Yes,Yes,14800,UPI,Standard,4.3,5
SES500245,CUST12075,2025-06-29 00:00:00,18,MALE,Ahmedabad,New,1,Mobile,Referral,7.1,5,2,Electronics,Headphones,7900,No,0,No,0,No,No,0,UPI,Express,,
SES505855,CUST11265,2025-11-23 00:00:00,41,MALE,Jaipur,Returning,11,Mobile,YouTube,7.6,5,3,Electronics,Wireless Earbuds,2140,No,0,No,0,No,Yes,3820,Debit Card,Standard,4.7,2.9
SES504573,CUST10381,2025-09-20 00:00:00,23,FEMALE,Kolkata,New,0,Mobile,Direct,6.4,5,4,Sports,Dumbbells,10877,No,0,No,0,No,No,0,Credit Card,Standard,,
SES502033,CUST11248,2026-05-12 00:00:00,30,FEMALE,Delhi,New,0,Mobile,Google,6.7,4,3,Electronics,Smart Watch,15256,Yes,31759,Yes,20,No,No,0,UPI,Standard,,
SES504766,CUST11452,2026-05-03 00:00:00,40,MALE,Mumbai,New,0,Mobile,YouTube,6.3,7,2,Fashion,Jeans,5376,No,0,Yes,25,Yes,No,0,Debit Card,Express,,
SES500814,CUST10821,2025-11-24 00:00:00,47,MALE,Delhi,Returning,13,Mobile,YouTube,16.1,5,6,Fashion,Kurta,2313,Yes,5166,No,0,No,Yes,3827,UPI,Standard,3.3,2.1
SES503811,CUST11575,2026-02-15 00:00:00,32,FEMALE,Mumbai,New,0,Mobile,Google,5.8,8,5,Beauty,Face Wash,496,No,0,No,0,No,No,0,Credit Card,Standard,,
SES505707,CUST11395,2026-03-01 00:00:00,39,MALE,Kolkata,New,0,Desktop,Email,5.3,4,6,Fashion,Jeans,6702,No,0,Yes,15,Yes,No,0,UPI,Express,,
SES501805,CUST10399,2026-03-16 00:00:00,49,FEMALE,Delhi,New,0,Mobile,Direct,10.9,5,2,Home & Kitchen,Storage Box,3921,Yes,8102,No,0,No,No,0,Credit Card,Standard,,
SES504347,CUST10818,2025-08-15 00:00:00,27,FEMALE,Jaipur,Returning,5,Mobile,Referral,6.6,5,7,Beauty,Face Wash,3651,Yes,3705,Yes,10,Yes,Yes,5077,Debit Card,Standard,3.7,3.4
SES502462,CUST12141,2025-05-05 00:00:00,22,FEMALE,Ahmedabad,New,0,Mobile,Google,3.7,11,5,Sports,Dumbbells,6601,No,0,Yes,15,No,No,0,Net Banking,Express,,
SES500546,CUST10374,2025-06-22 00:00:00,25,FEMALE,Mumbai,Returning,5,Mobile,Email,6.4,2,4,Electronics,Bluetooth Speaker,4550,No,0,Yes,5,Yes,Yes,8807,UPI,Standard,4,4.6
SES503242,CUST10425,2025-09-14 00:00:00,23,MALE,Mumbai,Returning,4,Mobile,Facebook,13.8,4,8,Fashion,T-Shirt,2885,Yes,4876,No,0,No,Yes,4121,Net Banking,Standard,2.9,4.5
SES500739,CUST10194,2026-06-10 00:00:00,32,FEMALE,Bangalore,New,0,Desktop,Instagram,10.5,6,3,Beauty,Perfume,1759,Yes,2777,Yes,10,Yes,Yes,3253,UPI,Standard,3.6,3.4
SES500311,CUST11078,2025-09-10 00:00:00,22,MALE,Hyderabad,New,0,Mobile,Email,3.3,6,3,Home & Kitchen,Table Lamp,3104,Yes,6210,No,0,No,No,0,UPI,Standard,,
SES503522,CUST10644,2026-04-15 00:00:00,33,MALE,Bangalore,New,0,Desktop,Email,6.6,7,3,Books,Academic Book,531,No,0,Yes,5,Yes,No,0,Debit Card,Standard,,
SES501132,CUST10029,2025-02-24 00:00:00,52,MALE,Mumbai,New,1,Desktop,Google,8.3,9,6,Electronics,Headphones,23980,Yes,23766,No,0,No,Yes,28842,Credit Card,Express,4,4.2
SES505942,CUST11016,2025-08-09 00:00:00,26,FEMALE,Jaipur,New,0,Tablet,Instagram,4.7,5,3,Home & Kitchen,Cookware Set,11456,No,0,No,0,No,No,0,Net Banking,Standard,,
SES504112,CUST11944,2025-10-03 00:00:00,18,MALE,Lucknow,Returning,13,Mobile,Facebook,10.6,9,6,Beauty,Lipstick,373,No,0,Yes,25,Yes,No,0,Credit Card,Same Day,,
SES502770,CUST11589,2025-10-06 00:00:00,29,MALE,Hyderabad,Returning,5,Mobile,Facebook,12.1,9,4,Electronics,Smart Watch,4635,No,0,No,0,No,No,0,UPI,Same Day,,
SES500921,CUST12080,2025-05-02 00:00:00,53,MALE,New Delhi,New,1,Mobile,Email,6.5,6,4,Home & Kitchen,Table Lamp,4738,Yes,9739,No,0,No,Yes,4698,Cash on Delivery,Standard,3.1,4.7
SES503588,CUST10405,2025-04-24 00:00:00,53,MALE,Mumbai,New,0,Mobile,Google,11,8,3,Sports,Running Shoes,6350,Yes,14121,Yes,15,Yes,Yes,7692,Debit Card,Express,4.7,4.5
SES503960,CUST11097,2025-10-10 00:00:00,25,MALE,Bangalore,New,0,Mobile,Direct,6.8,6,6,Electronics,Headphones,6069,No,0,Yes,5,Yes,Yes,5439,Credit Card,Standard,4.1,4.7
SES500039,CUST11364,2025-01-24 00:00:00,18,MALE,Ahmedabad,New,0,Mobile,YouTube,5.8,9,3,Electronics,Bluetooth Speaker,6778,Yes,12561,Yes,15,Yes,No,0,Credit Card,Standard,,
SES504460,CUST11959,2025-03-30 00:00:00,21,MALE,Bangalore,Returning,6,Mobile,YouTube,9,8,7,Sports,Running Shoes,921,Yes,1715,Yes,15,Yes,Yes,1610,Credit Card,Standard,4,2.3
SES504279,CUST10224,2025-03-17 00:00:00,33,MALE,Bangalore,New,0,Mobile,Instagram,11.8,9,5,Beauty,Shampoo,1904,No,0,Yes,10,Yes,No,0,UPI,Standard,,
SES502984,CUST11356,2026-04-20 00:00:00,50,MALE,Pune,Returning,5,Mobile,Direct,10.1,6,4,Fashion,T-Shirt,732,No,0,No,0,No,Yes,1269,Credit Card,Standard,3.4,3.6
SES502668,CUST11890,2025-12-18 00:00:00,22,FEMALE,Delhi,Returning,5,Mobile,Instagram,6,12,2,Fashion,Jeans,5048,No,0,Yes,5,Yes,Yes,7227,Debit Card,Standard,4.2,3.2
SES503224,CUST10128,2025-01-16 00:00:00,18,MALE,Pune,New,0,Mobile,Instagram,1.5,5,4,Sports,Football,968,No,0,Yes,10,Yes,No,0,Credit Card,Standard,,
SES501183,CUST11545,2025-06-19 00:00:00,29,FEMALE,Delhi,Returning,4,Mobile,Google,5,3,2,Sports,Cricket Bat,10782,No,0,No,0,No,No,0,Cash on Delivery,Standard,,
SES500615,CUST12181,2025-06-07 00:00:00,45,MALE,Jaipur,New,1,Mobile,Instagram,30.7,5,3,Beauty,Perfume,3364,Yes,5531,No,0,No,Yes,6638,Credit Card,Standard,3.9,3.3
SES505924,CUST11116,2026-01-18 00:00:00,32,FEMALE,Mumbai,Returning,13,Desktop,Direct,16.2,7,4,Fashion,Sneakers,5236,Yes,11042,No,0,No,Yes,11347,Credit Card,Same Day,3.5,4
SES501467,CUST11713,2026-03-12 00:00:00,31,MALE,Delhi,New,0,Desktop,Email,6.5,9,3,Electronics,Power Bank,25929,No,0,No,0,No,No,0,Cash on Delivery,Standard,,
SES504498,CUST11044,2025-04-17 00:00:00,39,MALE,Bangalore,New,0,Mobile,Google,7.8,9,4,Home & Kitchen,Cookware Set,4374,Yes,8882,No,0,No,Yes,5613,UPI,Standard,3.4,5
SES503043,CUST11793,2025-09-18 00:00:00,22,MALE,Hyderabad,New,0,Mobile,Google,3.5,5,3,Sports,Yoga Mat,1992,Yes,3236,No,0,No,No,0,Credit Card,Standard,,
SES500935,CUST11921,2025-04-17 00:00:00,46,MALE,Unknown,Returning,6,Mobile,Instagram,2.9,6,2,Fashion,Jeans,3651,No,0,Yes,20,Yes,No,0,UPI,Same Day,,
SES502420,CUST12045,2025-08-10 00:00:00,41,FEMALE,Ahmedabad,New,0,Mobile,Direct,3,8,4,Home & Kitchen,Coffee Maker,10200,No,0,No,0,No,No,0,Wallet,Standard,,
SES505442,CUST11996,2026-03-22 00:00:00,29,MALE,Delhi,Returning,11,Mobile,YouTube,6.4,7,6,Beauty,Face Wash,4432,No,0,No,0,No,No,0,Cash on Delivery,Express,,
SES504882,CUST10956,2026-05-17 00:00:00,37,MALE,Chennai,New,0,Mobile,Referral,13.5,7,8,Sports,Cricket Bat,9070,Yes,13628,No,0,No,Yes,9135,Wallet,Standard,2.9,3.2
SES500827,CUST10923,2026-03-12 00:00:00,18,MALE,Kolkata,Returning,7,Mobile,Email,16.5,6,5,Books,Self Help Book,491,No,0,No,0,No,No,0,UPI,Express,,
SES501522,CUST11308,2025-01-16 00:00:00,26,MALE,Pune,New,1,Mobile,Unknown,29.9,11,4,Electronics,Power Bank,32980,Yes,45256,No,0,No,No,0,UPI,Standard,,
SES502931,CUST11242,2025-12-14 00:00:00,31,FEMALE,Bangalore,Returning,15,Mobile,Google,27.7,5,1,Beauty,Moisturizer,1550,No,0,No,0,No,No,0,Wallet,Express,,
SES504233,CUST10239,2025-08-03 00:00:00,18,MALE,Hyderabad,New,0,Desktop,Google,2.8,5,3,Fashion,Jeans,4806,No,0,No,0,No,No,0,UPI,Standard,,
SES500629,CUST12143,2025-12-25 00:00:00,38,FEMALE,Hyderabad,Returning,6,Desktop,Google,6.6,7,6,Beauty,Moisturizer,3413,No,0,No,0,No,No,0,Wallet,Standard,,
SES504431,CUST10556,2025-09-10 00:00:00,26,FEMALE,Kolkata,New,0,Mobile,Instagram,15.4,8,2,Electronics,Headphones,31293,Yes,27454,No,0,No,Yes,42693,UPI,Standard,3.3,3
SES503854,CUST10109,2026-06-30 00:00:00,32,FEMALE,Kolkata,New,0,Mobile,Referral,6.7,10,6,Electronics,Power Bank,34451,No,0,No,0,No,No,0,UPI,Standard,,
SES500391,CUST11631,2025-07-08 00:00:00,31,MALE,Delhi,New,0,Desktop,Google,10.2,7,6,Fashion,T-Shirt,4695,Yes,11067,No,0,No,No,0,Credit Card,Express,,
SES504346,CUST11132,2026-03-22 00:00:00,18,MALE,Delhi,New,0,Tablet,Instagram,33.5,12,3,Books,Academic Book,1438,Yes,2891,No,0,No,Yes,1465,UPI,Standard,4.8,4.4
SES505885,CUST10523,2025-08-18 00:00:00,34,FEMALE,Jaipur,New,0,Desktop,Referral,8.7,5,4,Electronics,Smart Watch,27217,No,0,Yes,20,Yes,No,0,UPI,Express,,
SES503991,CUST10948,2025-01-03 00:00:00,27,MALE,Bangalore,New,0,Mobile,Referral,10.2,7,5,Electronics,Headphones,6637,Yes,6583,No,0,No,No,0,Cash on Delivery,Express,,
SES500401,CUST11650,2026-03-01 00:00:00,34,FEMALE,Mumbai,Returning,5,Desktop,Facebook,7.7,9,6,Home & Kitchen,Coffee Maker,2736,Yes,3378,No,0,No,Yes,2904,Debit Card,Express,4.2,4.6
SES503360,CUST12171,2025-04-29 00:00:00,43,MALE,Delhi,Returning,14,Mobile,Email,6.5,9,7,Home & Kitchen,Cookware Set,4259,No,0,No,0,No,No,0,Wallet,Standard,,
SES500047,CUST11022,2025-08-11 00:00:00,31,MALE,Delhi,New,0,Mobile,Email,17.8,4,3,Sports,Dumbbells,8507,Yes,10358,Yes,10,Yes,No,0,Credit Card,Express,,
SES505787,CUST10816,2026-04-18 00:00:00,35,MALE,Jaipur,New,0,Mobile,Direct,32,7,4,Electronics,Wireless Earbuds,30937,No,0,Yes,25,Unknown,No,0,Credit Card,Standard,,
SES505945,CUST12145,2025-04-11 00:00:00,44,MALE,Delhi,New,0,Desktop,Instagram,8,3,2,Fashion,Kurta,6138,No,0,No,0,No,No,0,Cash on Delivery,Standard,,
SES503643,CUST10651,2025-10-21 00:00:00,41,MALE,Delhi,New,0,Desktop,Google,6.2,5,2,Beauty,Moisturizer,4970,Yes,4174,No,0,No,No,0,UPI,Standard,,
SES503727,CUST10763,2025-05-26 00:00:00,36,MALE,Chennai,Returning,7,Mobile,Google,4.7,3,6,Sports,Running Shoes,6721,No,0,Yes,20,Yes,No,0,credit card,Express,,
SES505859,CUST10180,2026-06-18 00:00:00,58,MALE,Chennai,New,0,Tablet,Instagram,15.3,7,3,Home & Kitchen,Storage Box,13394,No,0,Yes,10,Yes,No,0,Cash on Delivery,Standard,,
SES502422,CUST11348,2025-12-05 00:00:00,55,MALE,Ahmedabad,Returning,8,Mobile,Instagram,4.2,7,5,Beauty,Face Wash,1184,No,0,Yes,15,Yes,Yes,2135,Debit Card,Standard,3.4,5
SES501751,CUST10311,2025-11-12 00:00:00,33,FEMALE,Kolkata,New,0,Mobile,Direct,8.1,6,5,Fashion,T-Shirt,2035,Yes,3533,Yes,10,No,Yes,2248,UPI,Standard,3.8,3.8
SES505833,CUST10325,2025-06-08 00:00:00,36,FEMALE,Delhi,Returning,3,Mobile,Instagram,11,9,2,Sports,Dumbbells,10873,No,0,No,0,No,No,0,Debit Card,Standard,,
SES504933,CUST11658,2025-03-31 00:00:00,43,MALE,Pune,Returning,9,Mobile,Google,6.8,5,5,Beauty,Lipstick,1676,Yes,1997,No,0,No,Yes,3535,UPI,Standard,5,4.2
SES504063,CUST11232,2025-01-11 00:00:00,24,FEMALE,Kolkata,New,1,Desktop,Referral,17,9,5,Beauty,Lipstick,3841,Yes,8672,Yes,5,No,Yes,5315,UPI,Standard,3.7,4.7
SES500339,CUST11665,2025-10-20 00:00:00,32,MALE,Bangalore,New,0,Mobile,Referral,21.7,5,6,Fashion,Kurta,2994,Yes,3729,Yes,10,Yes,Yes,5804,Credit Card,Standard,3.9,4.3
SES500216,CUST10254,2025-03-02 00:00:00,23,MALE,Kolkata,Returning,7,Mobile,Direct,28.4,7,5,Beauty,Face Wash,3073,Yes,6222,Yes,10,No,Yes,5707,Debit Card,Standard,4.2,3.9
SES503664,CUST11206,2025-11-20 00:00:00,39,FEMALE,Pune,New,0,Mobile,Google,6.4,8,1,Fashion,Sneakers,806,No,0,No,0,No,No,0,UPI,Standard,,
SES501342,CUST10960,2026-05-12 00:00:00,34,FEMALE,Bangalore,Returning,10,Mobile,Referral,8.2,11,6,Home & Kitchen,Coffee Maker,12035,No,0,No,0,No,No,0,Wallet,Standard,,
SES505515,CUST10329,2025-11-28 00:00:00,35,FEMALE,Lucknow,Returning,8,Mobile,Direct,10.4,7,5,Electronics,Headphones,6257,No,0,No,0,No,No,0,UPI,Standard,,
SES503895,CUST11691,2025-06-11 00:00:00,29,FEMALE,Hyderabad,New,0,Desktop,Direct,7.2,8,1,Sports,Yoga Mat,8641,No,0,No,0,No,No,0,UPI,Express,,
SES503641,CUST11300,2026-02-17 00:00:00,18,MALE,Pune,New,0,Mobile,Google,18.3,7,3,Beauty,Perfume,459,Yes,992,No,0,No,No,0,Credit Card,Standard,,
SES500330,CUST11082,2025-12-31 00:00:00,18,FEMALE,Pune,New,0,Mobile,Instagram,13.6,4,1,Home & Kitchen,Storage Box,9407,No,0,No,0,No,No,0,Wallet,Standard,,
SES503005,CUST10008,2026-06-11 00:00:00,36,FEMALE,Pune,New,0,Tablet,Google,7.1,3,6,Beauty,Moisturizer,3056,No,0,No,0,No,No,0,UPI,Standard,,
SES505764,CUST11170,2026-02-12 00:00:00,24,MALE,Pune,New,0,Mobile,Email,5.7,8,3,Books,Biography,450,No,0,No,0,No,No,0, UPI ,Same Day,,
SES503116,CUST11136,2025-01-08 00:00:00,24,FEMALE,Kolkata,New,0,Desktop,Google,24.6,4,6,Beauty,Moisturizer,4438,No,0,No,0,No,No,0,UPI,Express,,
SES505836,CUST10717,2025-04-22 00:00:00,48,MALE,Mumbai,New,0,Desktop,Email,5.5,8,7,Books,Fiction Book,2177,No,0,Yes,30,Yes,No,0,UPI,Standard,,
SES502323,CUST11099,2026-05-03 00:00:00,18,MALE,Mumbai,New,0,Mobile,Instagram,8.8,9,7,Home & Kitchen,Table Lamp,6579,Yes,10655,No,0,No,No,0,Net Banking,Express,,
SES504198,CUST10718,2025-10-28 00:00:00,38,MALE,Ahmedabad,New,0,Mobile,Instagram,5.6,5,1,Home & Kitchen,Cookware Set,11986,Yes,22493,No,0,No,Yes,15099,Net Banking,Standard,4.5,5
SES503550,CUST11781,2025-07-21 00:00:00,28,MALE,Delhi,New,0,Tablet,Instagram,12.5,8,3,Beauty,Perfume,2122,No,0,No,0,No,No,0,UPI,Standard,,
SES501459,CUST11978,2025-09-11 00:00:00,18,MALE,Mumbai,Returning,5,Desktop,Email,19.2,10,4,Electronics,Wireless Earbuds,14943,No,0,Yes,10,No,Yes,13291,Credit Card,Standard,5,5
SES500172,CUST10609,2025-10-25 00:00:00,29,FEMALE,Ahmedabad,New,0,Mobile,YouTube,14.4,8,4,Fashion,Jacket,2129,Yes,3978,No,0,No,No,0,UPI,Standard,,
SES504204,CUST11049,2025-07-26 00:00:00,43,MALE,Bangalore,New,0,Mobile,Google,4.4,9,8,Beauty,Shampoo,3385,Yes,3348,No,0,No,No,0,Debit Card,Express,,
SES505046,CUST11991,2025-03-11 00:00:00,30,MALE,Chennai,Returning,3,Mobile,Direct,6.3,8,4,Beauty,Face Wash,3465,Yes,3493,Yes,20,Yes,Yes,6861,UPI,Standard,3.8,5
SES503570,CUST10195,2025-12-02 00:00:00,18,MALE,Delhi,Returning,14,Mobile,Instagram,14.9,2,7,Fashion,Jacket,4207,No,0,No,0,No,No,0,Credit Card,Standard,,
SES504227,CUST10187,2025-04-13 00:00:00,31,FEMALE,New Delhi,Returning,2,Tablet,Email,7.8,9,2,Beauty,Face Wash,3719,Yes,7153,Yes,15,Yes,No,0,Cash on Delivery,Standard,,
SES504914,CUST10549,2026-02-25 00:00:00,47,FEMALE,Delhi,Returning,12,Desktop,Referral,16.9,10,1,Fashion,Kurta,6194,No,0,No,0,No,No,0,Cash on Delivery,Standard,,
SES504962,CUST10518,2026-06-08 00:00:00,44,MALE,Mumbai,New,1,Desktop,Instagram,9.6,8,6,Electronics,Wireless Earbuds,14776,Yes,33932,Yes,15,Yes,No,0,UPI,Express,,
SES500939,CUST11482,2026-05-04 00:00:00,45,MALE,Hyderabad,Returning,13,Mobile,Instagram,4.9,10,3,Fashion,Jacket,1383,Yes,3265,Yes,15,Yes,No,0,UPI,Standard,,
SES500061,CUST10879,2026-06-24 00:00:00,33,MALE,Mumbai,New,0,Desktop,Instagram,6.6,9,6,Fashion,Jacket,2513,Yes,2546,Yes,5,No,Yes,3531,Wallet,Standard,2.9,2.8
SES501241,CUST10363,2025-05-24 00:00:00,18,MALE,Mumbai,New,0,Tablet,Instagram,6,10,2,Books,Self Help Book,490,No,0,Yes,10,No,No,0,UPI,Express,,
SES505035,CUST11952,2026-06-27 00:00:00,20,FEMALE,Hyderabad,New,0,Mobile,Direct,10.6,5,3,Electronics,Power Bank,14792,No,0,No,0,No,No,0,Credit Card,Standard,,
SES502121,CUST10138,2025-09-27 00:00:00,45,MALE,Kolkata,New,1,Desktop,Google,9.5,8,8,Sports,Dumbbells,9700,Yes,17315,Yes,20,No,No,0,Wallet,Express,,
SES501525,CUST11656,2026-05-06 00:00:00,22,FEMALE,Delhi,Returning,6,Desktop,Facebook,19,5,5,Fashion,Kurta,3964,Yes,6983,No,0,No,Yes,4237,UPI,Express,4.2,3.4
SES500154,CUST10855,2025-01-21 00:00:00,,MALE,Delhi,Returning,3,Mobile,Referral,6,4,4,Beauty,Lipstick,3920,No,0,No,0,No,No,0,Wallet,Express,,
SES500482,CUST10829,2026-02-18 00:00:00,31,MALE,Jaipur,New,0,Mobile,YouTube,4.9,11,4,Fashion,Sneakers,6477,No,0,No,0,No,No,0,Credit Card,Express,,
SES504461,CUST10566,2025-04-06 00:00:00,18,MALE,Delhi,Returning,11,Mobile,Google,5.6,6,3,Fashion,Sneakers,1974,No,0,No,0,No,No,0,Credit Card,Standard,,
SES503921,CUST11474,2025-12-16 00:00:00,18,FEMALE,Pune,New,0,Mobile,Google,20.7,6,3,Sports,Cricket Bat,3139,Yes,6038,Yes,20,Yes,Yes,2563,UPI,Express,5,5
SES501763,CUST12004,2026-04-15 00:00:00,31,MALE,Hyderabad,New,0,Mobile,Instagram,6.1,10,5,Fashion,T-Shirt,5295,Yes,7829,Yes,10,Yes,No,0,UPI,Express,,
SES500751,CUST12188,2025-02-18 00:00:00,37,MALE,Mumbai,Returning,6,Mobile,Referral,5.1,7,6,Books,Academic Book,1328,Yes,2421,No,0,No,Yes,1614,UPI,Same Day,4.4,4.9
SES501786,CUST10311,2025-09-06 00:00:00,45,MALE,Ahmedabad,New,0,Mobile,Facebook,15.4,7,6,Fashion,Jeans,2161,Yes,2908,No,0,No,Yes,2285,Credit Card,Express,3.5,4.3
SES504502,CUST11231,2026-02-16 00:00:00,42,FEMALE,Pune,New,1,Mobile,YouTube,5.9,7,2,Fashion,Kurta,6640,No,0,Yes,15,Yes,No,0,Net Banking,Same Day,,
SES502712,CUST10943,2025-12-13 00:00:00,31,MALE,Pune,New,1,Desktop,Google,6.8,5,7,Electronics,Headphones,21895,No,0,Yes,15,Yes,Yes,22957,Debit Card,Express,3.7,3.2
SES504871,CUST10345,2026-04-07 00:00:00,18,MALE,Mumbai,Returning,8,Mobile,Facebook,19.6,5,3,Home & Kitchen,Coffee Maker,5685,No,0,Yes,10,Yes,No,0,Cash on Delivery,Express,,
SES504194,CUST10030,2025-10-25 00:00:00,27,FEMALE,Mumbai,Returning,14,Mobile,Instagram,11.7,6,6,Home & Kitchen,Bedsheet,5699,Yes,8653,Yes,10,Yes,Yes,6006,Credit Card,Standard,4.1,3.3
SES501334,CUST10985,2025-11-04 00:00:00,29,FEMALE,Hyderabad,New,0,Mobile,Instagram,8.4,9,4,Electronics,Headphones,9190,No,0,No,0,No,No,0,Cash on Delivery,Standard,,
SES505365,CUST11990,2025-04-01 00:00:00,32,MALE,Mumbai,Returning,6,Mobile,Referral,13.3,7,5,Sports,Running Shoes,11307,No,0,No,0,No,Yes,12351,Credit Card,Standard,2,4.5
SES502855,CUST11479,2026-02-01 00:00:00,20,MALE,Hyderabad,New,0,Desktop,Facebook,6,4,5,Fashion,Jacket,6423,Yes,14880,No,0,No,No,0,Credit Card,Express,,
SES500187,CUST10641,2026-05-28 00:00:00,21,MALE,Jaipur,Returning,6,Tablet,Google,7.4,3,3,Beauty,Moisturizer,1716,No,0,Yes,25,No,Yes,2427,Wallet,Same Day,3.6,4.5
SES501137,CUST10245,2026-03-16 00:00:00,33,MALE,Bangalore,New,0,Mobile,Facebook,6.3,8,3,Fashion,Jeans,6476,Yes,12374,Yes,15,Yes,No,0,UPI,Standard,,
SES502059,CUST11493,2025-03-06 00:00:00,27,FEMALE,Ahmedabad,Returning,15,Mobile,Referral,8.8,8,3,Sports,Running Shoes,11329,No,0,No,0,No,No,0,UPI,Standard,,
SES505048,CUST10921,2025-01-15 00:00:00,33,FEMALE,Delhi,New,0,Desktop,Google,20,8,7,Sports,Dumbbells,8352,Yes,9594,No,0,No,No,0,Debit Card,Express,,
SES500149,CUST10699,2026-01-19 00:00:00,40,MALE,Lucknow,New,0,Tablet,Direct,15.4,10,4,Sports,Running Shoes,9617,No,0,Yes,25,Yes,No,0,UPI,Standard,,
SES504125,CUST11744,2025-02-25 00:00:00,41,FEMALE,Kolkata,New,0,Desktop,YouTube,9.7,9,4,Fashion,Jeans,1710,Yes,1639,Yes,25,Yes,Yes,2173,Net Banking,Express,5,4.1
SES503364,CUST10680,2025-06-11 00:00:00,41,FEMALE,Mumbai,New,0,Mobile,Direct,10.6,3,4,Sports,Running Shoes,5111,Yes,9851,No,0,No,Yes,7478,Debit Card,Express,3.1,4.5
SES502867,CUST11197,2025-11-23 00:00:00,37,FEMALE,Hyderabad,Returning,9,Mobile,YouTube,7.1,6,7,Beauty,Moisturizer,2302,Yes,5498,Yes,25,No,Yes,4573,UPI,Express,4.3,3.7
SES503777,CUST10530,2026-01-04 00:00:00,25,FEMALE,Lucknow,Returning,3,Desktop,Google,9.6,5,4,Fashion,Jeans,4713,Yes,4975,Yes,5,Yes,Yes,6049,UPI,Express,4.3,3.8
SES501387,CUST10242,2025-08-04 00:00:00,18,FEMALE,Bangalore,New,0,Mobile,Google,7.2,10,4,Sports,Football,6211,No,0,No,0,No,No,0,credit card,Standard,,
SES505703,CUST11208,2025-09-06 00:00:00,18,FEMALE,Bangalore,Returning,4,Desktop,Direct,7.8,10,4,Home & Kitchen,Coffee Maker,1519,No,0,Yes,25,No,No,0,Wallet,Express,,
SES504985,CUST10191,2025-10-05 00:00:00,21,MALE,Bangalore,Returning,8,Mobile,Google,3.4,5,8,Home & Kitchen,Bedsheet,14357,No,0,No,0,No,No,0,UPI,Standard,,
SES503630,CUST11232,2026-01-06 00:00:00,30,MALE,Mumbai,New,0,Desktop,Google,6.6,8,3,Fashion,Jeans,443,Yes,1101,No,0,No,No,0,UPI,Standard,,
SES505427,CUST11681,2025-04-10 00:00:00,51,FEMALE,Ahmedabad,Returning,15,Mobile,Direct,10.6,12,5,Fashion,Kurta,516,Yes,842,Yes,10,Yes,Yes,772,Cash on Delivery,Standard,4.6,3.6
SES503029,CUST12177,2025-06-27 00:00:00,34,FEMALE,Bangalore,Returning,12,Mobile,Google,6.6,5,3,Fashion,Jeans,2396,No,0,No,0,No,Yes,3046,upi,Express,4.7,4.2
SES502970,CUST10990,2025-05-29 00:00:00,34,MALE,Bangalore,Returning,8,Mobile,Google,5.9,6,3,Books,Self Help Book,1040,No,0,No,0,No,Yes,1492,Cash on Delivery,Standard,5,4.4
SES505235,CUST12122,2026-04-25 00:00:00,30,FEMALE,Jaipur,Returning,7,Desktop,Direct,10.5,4,2,Fashion,Sneakers,3962,No,0,Yes,5,No,No,0,Debit Card,Standard,,
SES501709,CUST10921,2026-06-06 00:00:00,36,MALE,Mumbai,Returning,5,Mobile,Instagram,4,8,4,Fashion,Jacket,5960,Yes,8370,Yes,5,Yes,Yes,4667,cash on delivery,Standard,3.7,3.5
SES502954,CUST11724,2025-12-04 00:00:00,34,MALE,Delhi,Returning,2,Mobile,YouTube,4.3,3,7,Beauty,Perfume,1304,Yes,2383,Yes,20,Yes,Yes,1004,Credit Card,Standard,4.4,4.2
SES500455,CUST11541,2025-08-09 00:00:00,27,MALE,Mumbai,New,0,Desktop,Google,25.5,4,6,Electronics,Bluetooth Speaker,6509,No,0,Yes,5,Yes,No,0,Debit Card,Same Day,,
SES500610,CUST11359,2025-05-03 00:00:00,18,MALE,Delhi,Returning,6,Mobile,Direct,16.7,7,5,Sports,Yoga Mat,4299,No,0,Yes,25,Yes,No,0,Wallet,Same Day,,
SES504264,CUST11095,2025-08-30 00:00:00,18,FEMALE,Mumbai,New,0,Desktop,Google,10.5,8,5,Electronics,Power Bank,14834,No,0,No,0,No,No,0,Net Banking,Express,,
SES505107,CUST10866,2025-05-28 00:00:00,25,MALE,Mumbai,New,1,Desktop,Direct,7.2,8,3,Books,Business Book,1078,No,0,Yes,20,No,No,0,Debit Card,Standard,,
SES502075,CUST11902,2025-01-14 00:00:00,34,FEMALE,Bangalore,Returning,2,Mobile,Facebook,6.2,5,5,Electronics,Wireless Earbuds,23943,Yes,39806,Yes,15,Yes,Yes,47279,UPI,Standard,3.5,3.9
SES504053,CUST11637,2026-02-10 00:00:00,29,FEMALE,Mumbai,New,1,Mobile,Referral,25.6,11,5,Books,Fiction Book,1885,No,0,No,0,No,No,0,UPI,Standard,,
SES504899,CUST11682,2025-10-06 00:00:00,28,MALE,Ahmedabad,New,1,Mobile,Google,3.4,10,5,Beauty,Moisturizer,759,No,0,Yes,20,No,No,0,UPI,Standard,,
SES501623,CUST11948,2026-02-13 00:00:00,30,FEMALE,Hyderabad,Returning,8,Tablet,Direct,7,8,7,Electronics,Headphones,8294,Yes,16465,Yes,20,No,Yes,17760,Credit Card,Standard,3.6,4.2
SES504684,CUST11411,2025-09-25 00:00:00,27,FEMALE,Pune,Returning,7,Mobile,Google,11.1,7,7,Beauty,Lipstick,1378,No,0,No,0,No,No,0,Credit Card,Express,,
SES505765,CUST11904,2025-04-21 00:00:00,57,FEMALE,Delhi,New,0,Mobile,Email,15.1,8,6,Electronics,Wireless Earbuds,1670,No,0,No,0,No,Yes,3555,UPI,Standard,5,5
SES500041,CUST11391,2025-04-29 00:00:00,42,MALE,Kolkata,New,0,Mobile,Instagram,15.6,4,7,Fashion,Jeans,4184,No,0,No,0,No,No,0,UPI,Same Day,,
SES502090,CUST12161,2025-07-07 00:00:00,32,FEMALE,Hyderabad,New,0,Desktop,Google,12.5,9,4,Home & Kitchen,Bedsheet,9127,Yes,8952,No,0,No,No,0,Debit Card,Express,,
SES503925,CUST10871,2025-02-19 00:00:00,43,FEMALE,Delhi,Returning,9,Tablet,Referral,8.3,9,4,Sports,Football,6835,No,0,No,0,No,No,0,UPI,Same Day,,
SES502176,CUST11423,2025-10-27 00:00:00,54,MALE,Mumbai,New,0,Mobile,Direct,8,15,5,Electronics,Wireless Earbuds,15850,No,0,Yes,25,Yes,No,0,Wallet,Standard,,
SES500075,CUST11523,2026-03-28 00:00:00,21,FEMALE,Kolkata,New,0,Tablet,Google,9.2,10,3,Fashion,T-Shirt,6337,Yes,6424,No,0,No,Yes,7713,Debit Card,Standard,2.9,3.7
SES504824,CUST10296,2025-05-12 00:00:00,28,MALE,Pune,Returning,13,Desktop,Referral,15.9,7,5,Home & Kitchen,Table Lamp,11573,Yes,9315,No,0,No,Yes,15012,Net Banking,Same Day,3.7,4.8
SES505952,CUST11135,2025-11-29 00:00:00,27,UNKNOWN,Delhi,New,0,Desktop,Referral,11.4,13,4,Sports,Cricket Bat,8023,Yes,7472,No,0,No,No,0,Credit Card,Standard,,
SES502658,CUST11238,2025-02-17 00:00:00,24,MALE,Ahmedabad,New,0,Desktop,YouTube,7.9,9,2,Home & Kitchen,Table Lamp,14951,Yes,33347,Yes,15,Yes,No,0,UPI,Standard,,
SES503181,CUST11924,2026-05-10 00:00:00,30,FEMALE,Kolkata,Returning,15,Tablet,Direct,6.6,9,5,Home & Kitchen,Bedsheet,12415,Yes,20071,Yes,10,Yes,No,0,Cash on Delivery,Standard,,
SES502077,CUST10664,2025-02-14 00:00:00,34,MALE,Kolkata,Returning,13,Mobile,Facebook,5.6,4,3,Fashion,Jeans,1344,No,0,No,0,No,No,0,UPI,Standard,,
SES500442,CUST10634,2025-12-24 00:00:00,28,FEMALE,Chennai,Returning,4,Mobile,Direct,7,9,2,Beauty,Face Wash,3896,No,0,Yes,25,Yes,No,0,Cash on Delivery,Express,,
SES502052,CUST11405,2026-04-03 00:00:00,24,MALE,Bangalore,Returning,6,Mobile,Direct,7.3,5,3,Home & Kitchen,Cookware Set,820,Yes,1523,Yes,15,Yes,Yes,1263,Debit Card,Standard,5,3.7
SES502542,CUST11564,2026-06-05 00:00:00,43,MALE,Kolkata,Returning,14,Mobile,Google,17.2,4,6,Home & Kitchen,Table Lamp,14285,Yes,18146,Yes,20,Yes,Yes,12833,UPI,Standard,3.9,3.5
SES501302,CUST12127,2026-06-23 00:00:00,26,FEMALE,Kolkata,New,0,Mobile,Direct,2,7,6,Sports,Running Shoes,8270,No,0,No,0,No,No,0,Credit Card,Express,,
SES503431,CUST10662,2025-04-09 00:00:00,35,FEMALE,Kolkata,New,0,Mobile,Google,3.1,5,2,Beauty,Shampoo,4506,Yes,8626,Yes,10,Yes,Yes,4944,UPI,Standard,5,3.8
SES501305,CUST11454,2026-05-11 00:00:00,28,MALE,Chennai,New,0,Mobile,Instagram,9.3,7,4,Electronics,Smart Watch,21581,Yes,20018,Yes,25,Yes,Yes,24960,UPI,Express,3.7,4.4
SES500237,CUST10460,2025-01-15 00:00:00,18,MALE,Mumbai,Returning,13,Mobile,Google,2.5,6,3,Electronics,Smart Watch,22160,Yes,37707,No,0,No,Yes,48615,Debit Card,Standard,4.7,5
SES505021,CUST11874,2025-01-27 00:00:00,36,FEMALE,Mumbai,New,1,Mobile,Instagram,18.1,7,4,Books,Academic Book,2180,No,0,Yes,15,Yes,No,0,UPI,Express,,
SES502600,CUST11649,2025-11-05 00:00:00,30,FEMALE,Chennai,Returning,14,Mobile,Referral,4.3,8,7,Electronics,Power Bank,895,Yes,1026,No,0,No,Yes,1852,Debit Card,Express,3.4,4.3
SES504617,CUST10442,2026-04-01 00:00:00,33,FEMALE,Ahmedabad,Returning,15,Mobile,Referral,13.7,14,2,Home & Kitchen,Coffee Maker,13638,Yes,28432,No,0,No,Yes,26149,Wallet,Standard,4.9,3.4
SES502574,CUST12071,2026-05-29 00:00:00,18,FEMALE,Hyderabad,New,0,Desktop,Email,8.3,5,4,Fashion,Jacket,6152,Yes,12557,No,0,No,Yes,8755,Debit Card,Standard,4.1,3.1
SES503281,CUST11814,2026-02-24 00:00:00,40,MALE,Delhi,Returning,2,Mobile,Google,6.5,6,5,Fashion,Jeans,789,Yes,1728,Yes,15,Yes,No,0,Credit Card,Standard,,
SES503187,CUST11000,2025-06-22 00:00:00,45,FEMALE,Ahmedabad,Returning,4,Mobile,Facebook,8.7,4,4,Fashion,Kurta,2492,Yes,2588,No,0,No,Yes,3614,UPI,Same Day,4.1,4.3
SES503954,CUST10367,2025-04-06 00:00:00,24,MALE,Hyderabad,New,0,Desktop,Email,27.1,4,3,Beauty,Moisturizer,2939,No,0,No,0,No,No,0,Net Banking,Standard,,
SES502769,CUST11051,2026-01-01 00:00:00,29,MALE,Jaipur,New,0,Mobile,Direct,8.7,6,2,Fashion,Jacket,2723,Yes,5575,Yes,10,No,No,0,UPI,Express,,
SES504224,CUST11554,2025-11-07 00:00:00,54,MALE,Chennai,Returning,4,Mobile,Referral,27.1,8,4,Beauty,Lipstick,3228,No,0,Yes,25,No,Yes,6412,Credit Card,Standard,4.4,4
SES502107,CUST11071,2026-01-15 00:00:00,31,MALE,Chennai,Returning,10,Desktop,Direct,7.6,8,4,Home & Kitchen,Bedsheet,10443,Yes,19500,Yes,10,No,No,0,Cash on Delivery,Standard,,
SES502680,CUST11606,2025-03-06 00:00:00,43,MALE,Kolkata,New,0,Desktop,Direct,11.9,8,7,Books,Self Help Book,1284,Yes,1970,No,0,No,No,0,Credit Card,Standard,,
SES502762,CUST12159,2026-05-13 00:00:00,34,MALE,Kolkata,New,0,Desktop,Instagram,5.2,4,3,Sports,Football,8931,No,0,Yes,10,No,No,0,UPI,Standard,,
SES504689,CUST11420,2025-08-03 00:00:00,31,FEMALE,Mumbai,Returning,8,Desktop,Google,7.9,4,7,Electronics,Smart Watch,31333,Yes,68327,No,0,No,Yes,29685,UPI,Express,4.3,2.5
SES501388,CUST12044,2026-05-09 00:00:00,24,FEMALE,Chennai,New,0,Desktop,Email,3.8,7,6,Electronics,Wireless Earbuds,26772,Yes,25529,No,0,No,No,0,Net Banking,Standard,,
SES505663,CUST11870,2025-09-07 00:00:00,37,MALE,Bangalore,Returning,12,Mobile,Google,8.4,4,3,Sports,Dumbbells,11637,No,0,No,0,No,No,0,Debit Card,Standard,,
SES505457,CUST10343,2025-10-17 00:00:00,29,FEMALE,Pune,New,0,Desktop,Google,4.6,5,6,Beauty,Perfume,3933,No,0,Yes,15,Yes,No,0,UPI,Standard,,
SES501280,CUST10989,2025-10-14 00:00:00,46,MALE,Kolkata,New,0,Mobile,Google,20.5,6,5,Home & Kitchen,Storage Box,3815,No,0,Yes,5,Yes,No,0,Debit Card,Express,,
SES505914,CUST10682,2026-05-12 00:00:00,48,MALE,Delhi,Returning,15,Mobile,Referral,6.8,7,6,Electronics,Headphones,1461,No,0,Yes,5,Yes,No,0,UPI,Standard,,
SES501556,CUST11318,2025-03-30 00:00:00,39,MALE,Pune,New,0,Desktop,Direct,13,8,8,Beauty,Lipstick,799,Yes,1577,Yes,30,Yes,Yes,1459,UPI,Standard,4.7,3.7
SES505453,CUST12105,2025-06-18 00:00:00,50,MALE,Ahmedabad,New,0,Mobile,Google,3,8,4,Sports,Football,3181,Yes,3376,Yes,20,No,No,0,UPI,Standard,,
SES503191,CUST10659,2025-08-15 00:00:00,36,MALE,Pune,Returning,6,Mobile,Direct,4.1,7,6,Home & Kitchen,Cookware Set,11444,No,0,No,0,No,No,0,UPI,Standard,,
SES504567,CUST11193,2025-12-21 00:00:00,27,MALE,Ahmedabad,Returning,14,Mobile,Referral,10.7,6,5,Fashion,Sneakers,3653,No,0,No,0,No,No,0, UPI ,Express,,
SES504803,CUST11182,2025-08-02 00:00:00,51,MALE,Bangalore,New,0,Desktop,Google,3.8,1,4,Beauty,Face Wash,4412,No,0,Yes,30,Yes,No,0,Debit Card,Standard,,
SES505658,CUST11169,2025-03-07 00:00:00,60,MALE,Ahmedabad,New,0,Mobile,Instagram,3.9,9,5,Home & Kitchen,Storage Box,7737,No,0,Yes,10,Yes,No,0,UPI,Standard,,
SES503595,CUST12104,2025-08-29 00:00:00,34,FEMALE,Bangalore,Returning,11,Mobile,Instagram,14.3,5,4,Fashion,Jeans,5726,Yes,11176,Yes,5,Yes,Yes,8945,Cash on Delivery,Express,4.5,3.8
SES501921,CUST10759,2025-09-08 00:00:00,39,MALE,Mumbai,Returning,3,Mobile,Facebook,3.5,6,4,Books,Biography,284,No,0,No,0,No,No,0,Credit Card,Standard,,
SES500514,CUST11036,2026-03-26 00:00:00,29,MALE,Mumbai,Returning,6,Mobile,Google,12.2,7,3,Fashion,Sneakers,5765,Yes,8836,No,0,No,No,0,Credit Card,Express,,
SES504178,CUST10973,2025-09-25 00:00:00,30,FEMALE,Pune,Returning,10,Mobile,Facebook,4.6,5,3,Electronics,Power Bank,34623,No,0,Yes,20,Yes,Yes,56444,Net Banking,Standard,4.4,3.4
SES501309,CUST10039,2025-10-22 00:00:00,40,MALE,Mumbai,New,0,Desktop,YouTube,9.4,5,4,Home & Kitchen,Cookware Set,8065,Yes,11928,No,0,No,No,0,UPI,Standard,,
SES500915,CUST10327,2026-05-21 00:00:00,19,FEMALE,Chennai,Returning,9,Mobile,Google,12.6,5,5,Fashion,Jacket,5255,No,0,No,0,No,No,0,UPI,Standard,,
SES503453,CUST10449,2025-09-23 00:00:00,18,FEMALE,Hyderabad,Returning,14,Desktop,Google,13.2,5,1,Electronics,Headphones,17076,No,0,No,0,No,Yes,26222,Credit Card,Standard,4.3,4
SES503696,CUST10628,2025-12-01 00:00:00,29,MALE,Mumbai,Returning,13,Tablet,Email,3.4,6,4,Electronics,Wireless Earbuds,6447,Yes,9078,No,0,No,Yes,7347,UPI,Standard,3.8,2.9
SES504243,CUST10575,2025-01-23 00:00:00,34,MALE,Pune,New,0,Mobile,Direct,14.8,10,4,Sports,Football,5493,Yes,6781,Yes,5,Yes,No,0,Credit Card,Standard,,
SES503157,CUST11364,2025-08-11 00:00:00,18,FEMALE,Delhi,Returning,2,Mobile,Referral,2.4,8,6,Electronics,Power Bank,19163,Yes,34115,Yes,15,Yes,Yes,21598,Debit Card,Standard,2.5,4.2
SES502199,CUST10598,2025-02-15 00:00:00,40,FEMALE,Hyderabad,New,1,Tablet,Facebook,4.7,12,3,Home & Kitchen,Coffee Maker,13772,Yes,30801,No,0,No,No,0,Cash on Delivery,Standard,,
SES500775,CUST11995,2025-02-01 00:00:00,18,FEMALE,Hyderabad,Returning,10,Tablet,Google,16.4,3,6,Books,Academic Book,896,No,0,Yes,10,Yes,No,0,UPI,Express,,
SES504426,CUST11735,2025-08-06 00:00:00,23,FEMALE,Pune,Returning,7,Desktop,YouTube,9.8,6,2,Electronics,Power Bank,18896,Yes,37418,No,0,No,No,0,Wallet,Express,,
SES500944,CUST11202,2026-05-05 00:00:00,27,FEMALE,Pune,Returning,9,Mobile,YouTube,3.6,5,4,Beauty,Shampoo,4152,No,0,No,0,No,No,0,Debit Card,Express,,
SES500823,CUST11313,2025-10-02 00:00:00,36,FEMALE,Jaipur,Returning,11,Mobile,Google,2.5,8,4,Sports,Yoga Mat,1054,Yes,1869,No,0,No,No,0,UPI,Standard,,
SES504278,CUST11188,2025-04-14 00:00:00,47,FEMALE,Kolkata,Returning,6,Mobile,Google,14.9,4,3,Books,Self Help Book,462,Yes,1123,Yes,10,No,Yes,412,Cash on Delivery,Same Day,3.7,3.9
SES500165,CUST10123,2025-08-28 00:00:00,27,FEMALE,Hyderabad,New,1,Mobile,Google,5.8,2,3,Fashion,Kurta,3851,No,0,Yes,5,Yes,No,0,Cash on Delivery,Standard,,
SES504548,CUST10921,2025-11-15 00:00:00,33,MALE,Lucknow,Returning,7,Desktop,Direct,7.5,8,4,Home & Kitchen,Bedsheet,12446,Yes,12618,No,0,No,No,0,Credit Card,Standard,,
SES503984,CUST11457,2026-02-23 00:00:00,36,MALE,Mumbai,New,0,Mobile,Email,7.2,4,2,Sports,Running Shoes,3468,No,0,Yes,10,No,No,0,Credit Card,Standard,,
SES502539,CUST10910,2026-05-24 00:00:00,38,FEMALE,Delhi,Returning,11,Desktop,Email,3.8,2,4,Electronics,Headphones,26173,No,0,No,0,No,No,0,Debit Card,Express,,
SES501312,CUST11824,2025-06-14 00:00:00,25,FEMALE,Pune,New,0,Desktop,Referral,3.7,6,5,Beauty,Lipstick,3464,Yes,5371,No,0,No,Yes,3846,Debit Card,Standard,3.7,2.7
SES505481,CUST11625,2025-08-19 00:00:00,24,FEMALE,Bangalore,Returning,8,Tablet,Direct,13.2,6,5,Fashion,Jeans,2471,No,0,Yes,20,No,No,0,Credit Card,Express,,
SES505023,CUST10718,2025-08-23 00:00:00,39,MALE,Lucknow,Returning,11,Desktop,YouTube,2.5,8,6,Fashion,T-Shirt,829,Yes,1378,Yes,25,Yes,Yes,1377,UPI,Standard,3.3,4
SES505599,CUST10919,2025-10-31 00:00:00,43,MALE,Kolkata,Returning,11,Desktop,Instagram,14.2,8,6,Books,Fiction Book,1520,Yes,2832,No,0,No,Yes,3302,UPI,Standard,3.6,4.1
SES503301,CUST10690,2025-06-17 00:00:00,36,FEMALE,Mumbai,New,0,Mobile,Direct,3.8,6,9,Beauty,Perfume,486,No,0,No,0,No,No,0,UPI,Standard,,
SES503311,CUST11065,2025-03-12 00:00:00,37,MALE,Ahmedabad,New,0,Desktop,Instagram,8,8,3,Beauty,Perfume,3116,No,0,No,0,No,No,0,Wallet,Standard,,
SES500328,CUST10831,2025-07-29 00:00:00,32,FEMALE,Pune,Returning,15,Mobile,Google,22.4,10,3,Sports,Running Shoes,10860,No,0,No,0,No,Yes,19080,UPI,Standard,2.7,4.4
SES502491,CUST11573,2026-04-26 00:00:00,21,MALE,Jaipur,Returning,2,Mobile,Email,8.9,9,8,Electronics,Power Bank,17831,Yes,43489,Yes,25,No,Yes,28704,Credit Card,Express,4.6,3.4
SES505652,CUST11152,2025-10-14 00:00:00,38,MALE,Mumbai,Returning,5,Desktop,YouTube,11.4,7,4,Home & Kitchen,Table Lamp,10930,Yes,21579,Yes,5,Yes,Yes,19706,Credit Card,Same Day,4.3,2.9
SES504409,CUST11380,2025-08-28 00:00:00,19,FEMALE,Hyderabad,Returning,8,Mobile,Google,8.3,7,4,Beauty,Shampoo,3090,No,0,No,0,No,No,0,Cash on Delivery,Express,,
SES500833,CUST10517,2026-03-01 00:00:00,28,MALE,Lucknow,New,0,Mobile,Referral,10.6,8,4,Fashion,Jeans,1762,Yes,3959,No,0,No,Yes,3123,UPI,Express,4.4,4.1
SES503080,CUST10271,2026-06-18 00:00:00,29,FEMALE,Bangalore,Returning,15,Mobile,Instagram,4.9,4,3,Beauty,Perfume,648,Yes,975,Yes,25,Yes,Yes,738,UPI,Same Day,4.1,4.2
SES503463,CUST11457,2025-05-19 00:00:00,21,FEMALE,Mumbai,Returning,5,Desktop,Instagram,14.9,7,2,Fashion,Jacket,6011,Yes,7862,Yes,15,Yes,Yes,8529,UPI,Same Day,3.2,3.9
SES505281,CUST11504,2025-05-21 00:00:00,47,MALE,Delhi,New,0,Mobile,Google,9.8,7,7,Fashion,Sneakers,1919,No,0,No,0,No,No,0,Debit Card,Standard,,
SES500055,CUST10996,2026-05-06 00:00:00,28,FEMALE,Hyderabad,New,0,Desktop,Facebook,13.7,7,5,Home & Kitchen,Storage Box,11378,Yes,18456,No,0,No,Yes,17229,Wallet,Express,3.2,3.9
SES504065,CUST11809,2026-05-09 00:00:00,32,FEMALE,Chennai,New,0,Mobile,Instagram,16.2,9,3,Electronics,Headphones,31661,No,0,Yes,15,Yes,Yes,48434,UPI,Standard,2.8,5
SES503452,CUST11002,2025-07-22 00:00:00,25,MALE,Ahmedabad,New,0,Mobile,YouTube,15.5,9,3,Fashion,Jacket,4695,Yes,5407,No,0,No,Yes,6866,UPI,Standard,3,4.3
SES501902,CUST11588,2025-06-30 00:00:00,18,FEMALE,Bangalore,Returning,15,Mobile,Referral,9.9,7,5,Fashion,T-Shirt,5013,Yes,10852,No,0,No,No,0,Credit Card,Standard,,
SES501482,CUST10794,2025-11-15 00:00:00,36,FEMALE,Delhi,Returning,10,Mobile,Direct,10.2,11,6,Fashion,Sneakers,4225,No,0,No,0,No,No,0,UPI,Same Day,,
SES504151,CUST11976,2025-08-04 00:00:00,28,FEMALE,Hyderabad,Returning,6,Mobile,Google,25.2,6,4,Beauty,Shampoo,4159,Yes,5453,Yes,5,Yes,Yes,6093,Credit Card,Standard,3.8,5
SES503336,CUST11527,2026-06-25 00:00:00,25,MALE,Kolkata,Returning,2,Desktop,Instagram,14.8,8,3,Home & Kitchen,Table Lamp,5963,No,0,No,0,No,No,0,Cash on Delivery,Express,,
SES500947,CUST11859,2025-02-21 00:00:00,22,MALE,Mumbai,Returning,13,Mobile,Referral,3.5,11,6,Electronics,Smart Watch,12615,No,0,Yes,20,Yes,No,0,Debit Card,Same Day,,
SES503294,CUST10618,2025-01-24 00:00:00,44,MALE,Delhi,Returning,11,Mobile,YouTube,15.8,6,2,Home & Kitchen,Cookware Set,9114,Yes,10578,No,0,No,No,0,Debit Card,Express,,
SES502162,CUST12015,2026-02-15 00:00:00,30,FEMALE,Ahmedabad,Returning,3,Desktop,Facebook,14.7,3,4,Fashion,Sneakers,2723,Yes,6102,No,0,No,Yes,4824,CREDIT CARD,Standard,4.5,5
SES505102,CUST10977,2025-01-10 00:00:00,39,FEMALE,Mumbai,New,0,Desktop,Referral,17,7,3,Beauty,Moisturizer,3909,Yes,5631,No,0,No,Yes,3767,Cash on Delivery,Express,2.2,4.8
SES503058,CUST10709,2026-04-27 00:00:00,23,FEMALE,Mumbai,Returning,2,Mobile,Referral,3.9,6,5,Sports,Yoga Mat,703,No,0,Yes,15,No,No,0,Cash on Delivery,Same Day,,
SES500769,CUST12061,2025-03-27 00:00:00,31,FEMALE,Delhi,New,0,Mobile,Google,10.1,11,4,Books,Business Book,2415,No,0,Yes,5,Yes,No,0,upi,Standard,,
SES505672,CUST11557,2025-07-01 00:00:00,42,MALE,Delhi,New,0,Desktop,Referral,10.7,3,3,Beauty,Shampoo,2133,No,0,Yes,10,Yes,No,0,UPI,Standard,,
SES503496,CUST10962,2025-08-17 00:00:00,37,MALE,Mumbai,New,0,Mobile,Google,7.1,10,7,Beauty,Face Wash,1134,No,0,Yes,10,Yes,No,0,UPI,Standard,,
SES500286,CUST10538,2026-02-01 00:00:00,37,FEMALE,Bangalore,New,1,Mobile,Google,12.8,6,5,Electronics,Smart Watch,31295,No,0,Yes,25,Yes,No,0,Credit Card,Standard,,
SES505962,CUST10126,2026-05-30 00:00:00,23,FEMALE,Kolkata,Returning,12,Mobile,Google,31,5,3,Fashion,T-Shirt,5280,Yes,9793,No,0,No,No,0,Credit Card,Express,,
SES504525,CUST11653,2025-08-11 00:00:00,45,MALE,Bangalore,New,0,Mobile,Direct,10.8,8,5,Fashion,Jeans,608,No,0,No,0,No,No,0,Debit Card,Standard,,
SES505362,CUST11033,2025-01-25 00:00:00,18,FEMALE,Unknown,New,0,Desktop,Direct,12.7,7,6,Fashion,Jeans,1029,No,0,No,0,No,No,0,UPI,Standard,,
SES502333,CUST10156,2025-07-17 00:00:00,26,MALE,Jaipur,New,0,Mobile,Google,24.7,8,3,Sports,Cricket Bat,6414,Yes,13432,Yes,25,No,Yes,9031,UPI,Express,2.9,4.1
SES502718,CUST11834,2026-03-26 00:00:00,20,MALE,Delhi,Returning,3,Mobile,Google,9.6,6,6,Fashion,T-Shirt,2396,Yes,4398,No,0,No,Yes,3182,Credit Card,Express,2.5,4.7
SES502080,CUST10542,2025-10-13 00:00:00,28,FEMALE,Ahmedabad,Returning,8,Desktop,Instagram,15,8,3,Books,Fiction Book,892,No,0,Yes,5,Yes,No,0,UPI,Express,,
SES503390,CUST10803,2026-04-05 00:00:00,18,FEMALE,Kolkata,New,0,Desktop,Facebook,4.1,5,4,Books,Fiction Book,1133,Yes,1535,No,0,No,Yes,1996,Net Banking,Standard,2.4,4.5
SES500723,CUST11064,2025-06-09 00:00:00,32,MALE,Mumbai,New,0,Mobile,Google,4.9,7,4,Beauty,Moisturizer,1751,No,0,Yes,15,Yes,No,0,Cash on Delivery,Standard,,
SES500952,CUST11288,2026-03-10 00:00:00,18,FEMALE,Bangalore,Returning,15,Mobile,Facebook,1.7,4,8,Books,Business Book,2012,No,0,Yes,25,Yes,Yes,1755,Debit Card,Express,4.3,3.5
SES505824,CUST11603,2025-07-06 00:00:00,37,FEMALE,Ahmedabad,Returning,6,Mobile,Referral,12.8,5,6,Beauty,Moisturizer,3734,Yes,3673,No,0,No,Yes,5999,UPI,Standard,4.3,3.8
SES502263,CUST11234,2026-05-07 00:00:00,21,MALE,Mumbai,New,1,Desktop,Google,20.2,7,3,Electronics,Power Bank,4165,Yes,4804,Yes,25,Yes,Yes,5203,Cash on Delivery,Express,4.9,3.3
SES500990,CUST11388,2025-07-05 00:00:00,19,FEMALE,Ahmedabad,Returning,7,Desktop,Email,10.2,5,4,Fashion,Kurta,6656,No,0,Yes,15,Yes,No,0,Debit Card,Express,,
SES503213,CUST10888,2025-12-08 00:00:00,29,FEMALE,Delhi,Returning,13,Mobile,Google,7.8,9,5,Fashion,T-Shirt,3429,Yes,4081,No,0,No,No,0,UPI,Standard,,
SES501760,CUST10348,2026-03-05 00:00:00,18,MALE,Delhi,Returning,7,Mobile,Google,5.2,5,1,Electronics,Headphones,32836,Yes,68536,No,0,No,Yes,46847,Wallet,Express,3.9,4.7
SES504945,CUST11391,2025-07-27 00:00:00,29,MALE,Hyderabad,Returning,10,Desktop,Google,19.7,6,4,Fashion,Jacket,2910,Yes,6755,Yes,15,Yes,Yes,5151,Debit Card,Express,4.9,4.4
SES504423,CUST10710,2025-01-24 00:00:00,18,MALE,Pune,Returning,6,Mobile,Facebook,11.6,5,1,Sports,Cricket Bat,2033,No,0,No,0,No,No,0,Debit Card,Standard,,
SES501725,CUST10353,2025-07-26 00:00:00,21,MALE,Bangalore,New,0,Mobile,Google,15.2,5,2,Fashion,Sneakers,1416,Yes,1929,Yes,15,Yes,No,0,Wallet,Express,,
SES500342,CUST10513,2025-06-28 00:00:00,32,MALE,Hyderabad,New,0,Mobile,Direct,2.8,12,4,Fashion,Sneakers,852,Yes,884,No,0,No,Yes,780,Credit Card,Standard,3.2,4.7
SES503702,CUST10955,2025-04-07 00:00:00,18,MALE,Lucknow,Returning,15,Mobile,Direct,12.6,8,2,Home & Kitchen,Coffee Maker,9314,No,0,No,0,No,No,0,UPI,Express,,
SES504244,CUST10892,2025-08-02 00:00:00,18,MALE,Delhi,New,0,Mobile,Instagram,10.1,7,3,Beauty,Shampoo,3095,No,0,Yes,15,No,No,0,Credit Card,Standard,,
SES500689,CUST11063,2026-06-26 00:00:00,28,MALE,Delhi,New,0,Mobile,Instagram,2.4,6,3,Fashion,Sneakers,4413,No,0,No,0,No,No,0,UPI,Standard,,
SES503433,CUST10289,2025-10-01 00:00:00,45,FEMALE,Delhi,New,0,Mobile,Instagram,8.2,9,3,Fashion,Sneakers,6510,Yes,10682,No,0,No,No,0,UPI,Standard,,
SES500967,CUST12199,2025-10-23 00:00:00,20,MALE,Ahmedabad,New,0,Desktop,Direct,8.5,7,2,Electronics,Power Bank,29915,Yes,50188,No,0,No,No,0,UPI,Standard,,
SES505698,CUST10998,2025-06-20 00:00:00,56,MALE,Kolkata,New,0,Desktop,Google,22.1,6,6,Fashion,Jacket,6901,No,0,No,0,No,No,0,Credit Card,Standard,,
SES502204,CUST12091,2025-03-01 00:00:00,34,MALE,Delhi,Returning,12,Mobile,Instagram,7.7,5,5,Electronics,Power Bank,17764,Yes,17088,Yes,5,Yes,Yes,20000,Credit Card,Standard,2.3,4
SES502714,CUST11138,2025-06-16 00:00:00,36,FEMALE,Bangalore,Returning,3,Mobile,Instagram,3.3,4,5,Beauty,Shampoo,4232,No,0,No,0,No,Yes,9051,Credit Card,Standard,5,2.9
SES504758,CUST11138,2026-06-23 00:00:00,27,FEMALE,Mumbai,New,1,Tablet,Google,5.8,8,5,Electronics,Power Bank,3358,No,0,No,0,No,No,0,Wallet,Standard,,
SES505308,CUST11358,2025-08-02 00:00:00,29,FEMALE,Kolkata,New,0,Mobile,Facebook,4.8,5,5,Fashion,Sneakers,6114,No,0,Yes,10,Yes,No,0,UPI,Standard,,
SES505517,CUST11541,2026-05-26 00:00:00,28,FEMALE,Mumbai,Returning,5,Mobile,Facebook,4.9,6,3,Fashion,Jeans,2137,No,0,No,0,No,No,0,Net Banking,Standard,,
SES503573,CUST12016,2026-01-29 00:00:00,30,FEMALE,Hyderabad,New,0,Desktop,Instagram,13.5,12,4,Books,Biography,718,Yes,734,Yes,15,Yes,No,0,UPI,Express,,
SES504806,CUST11879,2025-08-06 00:00:00,22,FEMALE,Ahmedabad,New,0,Desktop,Direct,11,7,2,Fashion,Kurta,2120,No,0,Yes,25,No,No,0,UPI,Express,,
SES501991,CUST11257,2026-04-30 00:00:00,43,MALE,Ahmedabad,New,0,Desktop,YouTube,1.3,8,6,Beauty,Shampoo,418,No,0,Yes,10,Yes,No,0,Wallet,Standard,,
SES504121,CUST11775,2025-10-29 00:00:00,31,MALE,Delhi,New,0,Desktop,Direct,7,7,4,Sports,Cricket Bat,9158,No,0,No,0,No,No,0,Debit Card,Same Day,,
SES504760,CUST11171,2026-04-09 00:00:00,52,MALE,Hyderabad,New,0,Desktop,Referral,11.4,15,4,Beauty,Moisturizer,4590,Yes,3839,No,0,No,No,0,credit card,Standard,,
SES504940,CUST10979,2025-02-19 00:00:00,34,FEMALE,Bangalore,New,1,Mobile,Direct,1.4,4,2,Sports,Cricket Bat,10513,Yes,23702,No,0,No,Yes,9202,Cash on Delivery,Standard,4.5,3.1
SES505289,CUST11899,2025-07-16 00:00:00,34,FEMALE,Bangalore,New,0,Mobile,Google,3.9,4,3,Beauty,Moisturizer,280,No,0,Yes,10,Yes,No,0,cash on delivery,Standard,,
SES505717,CUST10283,2026-02-04 00:00:00,,FEMALE,Bangalore,Returning,7,Mobile,Direct,5.9,7,4,Beauty,Shampoo,2923,No,0,Yes,15,Yes,No,0,UPI,Standard,,
SES503601,CUST10230,2026-01-27 00:00:00,21,FEMALE,Chennai,Returning,4,Desktop,Direct,2.6,8,3,Electronics,Bluetooth Speaker,5004,No,0,No,0,No,No,0,Net Banking,Standard,,
SES505503,CUST11274,2025-01-26 00:00:00,45,FEMALE,Bangalore,New,0,Desktop,Direct,5.7,6,7,Fashion,Sneakers,6611,Yes,14615,Yes,10,Yes,No,0,Wallet,Express,,
SES504964,CUST12182,2025-03-05 00:00:00,34,FEMALE,Ahmedabad,Returning,9,Mobile,Instagram,17.5,8,6,Beauty,Shampoo,2736,No,0,No,0,No,No,0,UPI,Standard,,
SES500386,CUST11441,2026-03-08 00:00:00,28,MALE,Mumbai,New,1,Desktop,Referral,4.7,8,6,Sports,Yoga Mat,7233,No,0,No,0,No,No,0,Cash on Delivery,Standard,,
SES505256,CUST10925,2025-06-08 00:00:00,29,FEMALE,Delhi,Returning,5,Mobile,Email,4.8,11,6,Beauty,Face Wash,1669,No,0,No,0,No,No,0,Credit Card,Standard,,
SES505866,CUST10835,2026-03-23 00:00:00,28,FEMALE,Mumbai,Returning,2,Desktop,Google,7,6,5,Beauty,Face Wash,1320,Yes,2670,Yes,20,Yes,Yes,2072,Credit Card,Same Day,4.5,3.4
SES500537,CUST10709,2025-04-24 00:00:00,33,MALE,Pune,Returning,12,Mobile,Instagram,11.8,9,1,Fashion,Kurta,4471,No,0,No,0,No,Yes,4433,upi,Express,4.3,3.3
SES505627,CUST10165,2026-04-06 00:00:00,38,FEMALE,Mumbai,Returning,2,Tablet,Direct,8,7,7,Sports,Cricket Bat,6208,Yes,6894,Yes,10,Yes,Yes,10930,Debit Card,Standard,4.4,4.5
SES504213,CUST10685,2025-06-08 00:00:00,23,MALE,Lucknow,Returning,4,Mobile,Google,4.3,9,4,Electronics,Headphones,20466,No,0,No,0,No,No,0,UPI,Standard,,
SES503508,CUST10685,2026-02-03 00:00:00,49,FEMALE,Kolkata,New,0,Desktop,Google,5.2,6,5,Home & Kitchen,Storage Box,5085,Yes,11196,Yes,10,Yes,No,0,UPI,Express,,
SES500202,CUST11184,2025-11-26 00:00:00,26,FEMALE,Mumbai,Returning,7,Desktop,Google,0.9,4,1,Electronics,Bluetooth Speaker,23680,No,0,No,0,No,No,0,Credit Card,Same Day,,
SES501333,CUST11084,2026-03-31 00:00:00,30,FEMALE,Chennai,New,0,Mobile,Instagram,11,4,6,Books,Business Book,1631,Yes,2927,No,0,No,No,0,Net Banking,Express,,
SES503503,CUST10384,2025-03-24 00:00:00,39,MALE,Delhi,Returning,7,Desktop,Referral,11.2,14,5,Fashion,Jacket,2816,Yes,2626,Yes,25,Yes,No,0,UPI,Express,,
SES502709,CUST12195,2025-12-17 00:00:00,21,MALE,Ahmedabad,Returning,6,Mobile,Instagram,14,6,4,Home & Kitchen,Coffee Maker,811,No,0,Yes,15,No,No,0,Debit Card,Standard,,
SES504663,CUST11591,2026-06-21 00:00:00,26,FEMALE,Pune,Returning,8,Mobile,Google,8.3,8,3,Fashion,Kurta,775,No,0,No,0,No,No,0,UPI,Standard,,
SES504022,CUST10870,2025-06-23 00:00:00,41,MALE,Ahmedabad,New,0,Mobile,Direct,9.1,3,3,Home & Kitchen,Table Lamp,2744,Yes,4722,No,0,No,No,0,UPI,Standard,,
SES501855,CUST10883,2025-05-07 00:00:00,19,FEMALE,Jaipur,Returning,5,Desktop,Instagram,10.6,5,7,Beauty,Lipstick,1507,Yes,2801,No,0,No,Yes,3082,Debit Card,Standard,3.3,3
SES505389,CUST12154,2026-06-25 00:00:00,36,MALE,Kolkata,New,1,Mobile,Google,13.6,12,4,Fashion,T-Shirt,5896,Yes,8096,No,0,No,No,0,UPI,Express,,
SES502873,CUST11052,2025-03-19 00:00:00,32,FEMALE,Unknown,Returning,13,Mobile,YouTube,10.7,5,4,Home & Kitchen,Storage Box,1577,Yes,3195,No,0,No,No,0, UPI ,Standard,,
SES503031,CUST10327,2026-03-07 00:00:00,26,FEMALE,Mumbai,New,0,Mobile,Instagram,6.7,9,3,Beauty,Face Wash,4330,No,0,No,0,No,No,0,UPI,Standard,,
SES501206,CUST10170,2025-07-01 00:00:00,38,FEMALE,Bangalore,Returning,3,Tablet,Email,4.6,6,4,Sports,Running Shoes,7303,No,0,Yes,5,Yes,No,0,UPI,Standard,,
SES501646,CUST10141,2026-05-15 00:00:00,48,FEMALE,Delhi,Returning,15,Mobile,Google,2.1,5,6,Electronics,Wireless Earbuds,20768,No,0,No,0,No,No,0,Wallet,Standard,,
SES503418,CUST12124,2025-08-27 00:00:00,42,MALE,Kolkata,New,0,Mobile,Google,11.9,9,3,Home & Kitchen,Bedsheet,4605,Yes,7456,No,0,No,Yes,8647,UPI,Express,4.1,3.2
SES503477,CUST10821,2025-10-12 00:00:00,37,FEMALE,Chennai,Returning,3,Mobile,Instagram,9.5,7,3,Home & Kitchen,Table Lamp,7426,No,0,Yes,15,Yes,No,0,UPI,Standard,,
SES502862,CUST11483,2026-06-01 00:00:00,34,FEMALE,Mumbai,New,0,Desktop,Referral,9.3,8,4,Home & Kitchen,Coffee Maker,6167,Yes,10853,No,0,No,No,0,Net Banking,Standard,,
SES501793,CUST10244,2025-05-13 00:00:00,38,MALE,Delhi,Returning,9,Desktop,Google,1.1,5,3,Fashion,Kurta,5295,No,0,No,0,No,No,0,UPI,Standard,,
SES503798,CUST11933,2025-09-03 00:00:00,23,FEMALE,Mumbai,Returning,8,Mobile,Google,4.4,4,6,Fashion,Jacket,1255,No,0,No,0,No,No,0,Debit Card,Express,,
SES503369,CUST10063,2026-03-07 00:00:00,32,FEMALE,Hyderabad,New,0,Mobile,Google,5.4,10,8,Fashion,Sneakers,6852,No,0,Yes,25,Yes,No,0,Net Banking,Standard,,
SES503368,CUST12140,2025-12-21 00:00:00,24,FEMALE,Delhi,Returning,15,Desktop,Email,22,4,3,Books,Self Help Book,627,Yes,1084,Yes,25,No,Yes,549,UPI,Standard,3.8,3.7
SES503534,CUST11160,2025-07-02 00:00:00,34,FEMALE,Bangalore,New,0,Mobile,Referral,5.9,8,4,Home & Kitchen,Cookware Set,11177,No,0,Yes,10,No,No,0,Credit Card,Standard,,
SES505287,CUST10177,2026-01-02 00:00:00,40,MALE,Ahmedabad,New,0,Desktop,Instagram,15.9,6,3,Home & Kitchen,Cookware Set,10771,Yes,11673,No,0,No,Yes,21014,Wallet,Standard,4.8,3.9
SES503450,CUST10019,2025-02-21 00:00:00,39,MALE,Pune,New,0,Tablet,Direct,11.8,3,5,Electronics,Smart Watch,3415,Yes,4603,Yes,10,Yes,Yes,6706,UPI,Express,4.7,3.2
SES500604,CUST11359,2026-02-05 00:00:00,43,MALE,Mumbai,Returning,15,Desktop,Direct,6.5,6,6,Electronics,Bluetooth Speaker,31595,Yes,64237,No,0,No,No,0,Cash on Delivery,Standard,,
SES503057,CUST11604,2026-04-25 00:00:00,18,FEMALE,Mumbai,New,0,Mobile,Instagram,15.1,6,4,Home & Kitchen,Cookware Set,4491,Yes,5544,Yes,25,Yes,Yes,7142,Credit Card,Standard,3.8,3.7
SES505240,CUST10344,2025-10-02 00:00:00,40,FEMALE,Bangalore,New,0,Desktop,Email,15.1,9,3,Fashion,Kurta,3903,Yes,4430,Yes,30,No,Yes,7673,Wallet,Standard,4.3,2.2
SES500127,CUST11401,2026-03-02 00:00:00,39,FEMALE,Lucknow,New,0,Tablet,Instagram,25.1,8,3,Fashion,T-Shirt,669,Yes,1584,Yes,15,Yes,Yes,1128,Cash on Delivery,Standard,4.2,4.9
SES503877,CUST10143,2026-03-26 00:00:00,40,MALE,Mumbai,Returning,7,Mobile,Instagram,10.2,11,2,Home & Kitchen,Cookware Set,14831,No,0,Yes,10,No,No,0,UPI,Standard,,
SES502936,CUST10631,2025-06-15 00:00:00,29,FEMALE,New Delhi,New,0,Mobile,Google,15.5,5,2,Fashion,Sneakers,5309,No,0,Yes,5,Yes,No,0,UPI,Express,,
SES504452,CUST11965,2025-08-30 00:00:00,25,FEMALE,Bangalore,New,0,Mobile,Instagram,4.6,5,2,Electronics,Wireless Earbuds,30430,Yes,72223,No,0,No,No,0,Debit Card,Standard,,
SES503532,CUST11072,2025-10-28 00:00:00,30,MALE,Kolkata,New,1,Mobile,Facebook,8.4,7,4,Electronics,Wireless Earbuds,14458,No,0,No,0,No,No,0,Wallet,Standard,,
SES502731,CUST10025,2026-02-16 00:00:00,38,FEMALE,Kolkata,Returning,9,Mobile,Facebook,4.8,7,7,Fashion,T-Shirt,6505,No,0,No,0,No,No,0,Credit Card,Standard,,
SES500828,CUST10420,2025-06-24 00:00:00,31,MALE,New Delhi,New,0,Desktop,Google,4.6,7,4,Home & Kitchen,Table Lamp,9287,Yes,10468,No,0,No,Yes,17684,cash on delivery,Express,3.9,5
SES501640,CUST11148,2026-03-10 00:00:00,35,FEMALE,Ahmedabad,New,0,Mobile,Instagram,19.7,7,7,Books,Academic Book,2053,No,0,No,0,No,No,0,Debit Card,Standard,,
SES500985,CUST11758,2025-11-11 00:00:00,32,MALE,Jaipur,Returning,11,Mobile,YouTube,14.1,4,4,Books,Biography,352,No,0,No,0,No,Yes,562,UPI,Express,2.8,3.7
SES503282,CUST10610,2026-01-20 00:00:00,26,MALE,Pune,New,0,Mobile,Instagram,5.5,5,6,Beauty,Shampoo,4008,No,0,No,0,No,No,0,UPI,Standard,,
SES505998,CUST10456,2026-01-28 00:00:00,23,FEMALE,Delhi,Returning,7,Mobile,Instagram,6,7,5,Fashion,Jacket,3657,No,0,No,0,No,No,0,Cash on Delivery,Express,,
SES502189,CUST11754,2026-06-30 00:00:00,37,MALE,Kolkata,New,0,Mobile,Direct,8.4,12,5,Fashion,Sneakers,1662,No,0,Yes,15,Yes,No,0,Cash on Delivery,Standard,,
SES505554,CUST10099,2025-01-22 00:00:00,41,MALE,Ahmedabad,Returning,7,Mobile,Facebook,5.3,9,3,Beauty,Moisturizer,4621,No,0,Yes,10,Yes,Yes,3810,Net Banking,Standard,3.7,2.1
SES502444,CUST11430,2025-12-15 00:00:00,42,FEMALE,Bangalore,Returning,6,Mobile,Referral,8,4,4,Home & Kitchen,Cookware Set,2836,No,0,No,0,No,No,0,Credit Card,Standard,,
SES500363,CUST10551,2025-04-08 00:00:00,18,FEMALE,Hyderabad,New,0,Desktop,Google,14,8,1,Fashion,Kurta,3111,No,0,Yes,15,Yes,No,0,UPI,Express,,
SES502350,CUST10949,2026-04-18 00:00:00,32,MALE,Delhi,New,0,Mobile,Google,7.5,8,4,Sports,Dumbbells,6234,Yes,8846,Yes,10,No,No,0,UPI,Standard,,
SES500346,CUST10488,2025-05-18 00:00:00,39,MALE,Delhi,New,0,Desktop,Referral,6,9,3,Beauty,Shampoo,1816,No,0,Yes,20,No,No,0,Debit Card,Same Day,,
SES500815,CUST12152,2026-06-17 00:00:00,33,FEMALE,Mumbai,Returning,11,Mobile,Instagram,18.3,10,3,Fashion,Sneakers,4879,Yes,7619,No,0,No,No,0,Cash on Delivery,Standard,,
SES504808,CUST10313,2025-10-15 00:00:00,18,MALE,Pune,New,0,Mobile,Facebook,9.5,8,5,Fashion,Jeans,3072,No,0,No,0,No,Yes,5718,Net Banking,Standard,4.9,4.5
SES503206,CUST11036,2026-04-04 00:00:00,19,MALE,Jaipur,New,0,Tablet,Direct,6.9,9,4,Home & Kitchen,Bedsheet,8346,No,0,Yes,15,Yes,No,0,Credit Card,Express,,
SES505004,CUST12025,2025-12-25 00:00:00,39,UNKNOWN,Kolkata,New,0,Mobile,Facebook,20.2,12,5,Sports,Yoga Mat,11203,No,0,Yes,20,No,No,0,UPI,Standard,,
SES505782,CUST10594,2025-07-24 00:00:00,18,MALE,Mumbai,New,0,Desktop,Facebook,8.1,10,5,Electronics,Bluetooth Speaker,9740,No,0,Yes,10,Yes,No,0,Net Banking,Standard,,
SES503326,CUST10802,2026-06-02 00:00:00,25,MALE,Jaipur,Returning,7,Mobile,YouTube,6.2,10,3,Sports,Dumbbells,4136,Yes,8246,Yes,15,No,Yes,5830,Credit Card,Standard,2.9,5
SES504107,CUST11699,2026-03-26 00:00:00,40,FEMALE,Pune,Returning,12,Desktop,Direct,8.3,9,8,Home & Kitchen,Storage Box,9493,Yes,22413,No,0,No,No,0,Debit Card,Express,,
SES502117,CUST10837,2026-01-29 00:00:00,34,FEMALE,Delhi,Returning,11,Mobile,Email,11.2,13,3,Home & Kitchen,Table Lamp,12218,No,0,No,0,No,No,0,Debit Card,Standard,,
SES501835,CUST11885,2025-03-20 00:00:00,18,MALE,Ahmedabad,New,0,Desktop,Referral,2.6,7,3,Sports,Running Shoes,8272,No,0,No,0,No,No,0,UPI,Standard,,
SES500794,CUST10725,2025-10-30 00:00:00,29,MALE,Ahmedabad,Returning,2,Mobile,Instagram,1.8,6,6,Beauty,Lipstick,4201,Yes,6426,No,0,No,Yes,4119,UPI,Standard,5,3
SES505971,CUST12133,2026-02-25 00:00:00,41,MALE,Chennai,Returning,9,Mobile,YouTube,7.9,5,3,Fashion,T-Shirt,5430,No,0,No,0,No,No,0,Debit Card,Standard,,
SES502675,CUST11208,2026-02-20 00:00:00,45,FEMALE,Ahmedabad,New,0,Tablet,Google,6.4,6,2,Fashion,Sneakers,2974,Yes,5735,Yes,20,Yes,No,0,UPI,Express,,
SES500095,CUST10503,2026-03-08 00:00:00,20,MALE,Chennai,New,0,Mobile,Google,6.2,5,4,Electronics,Power Bank,2100,Yes,5047,No,0,No,No,0,Credit Card,Standard,,
SES504226,CUST11013,2026-01-10 00:00:00,52,MALE,Jaipur,Returning,10,Tablet,Direct,3.8,6,5,Beauty,Lipstick,861,No,0,No,0,No,Yes,1288,Credit Card,Standard,5,3.9
SES503757,CUST10031,2025-12-03 00:00:00,18,FEMALE,Mumbai,New,0,Desktop,Instagram,7.3,16,4,Electronics,Wireless Earbuds,15678,No,0,Yes,25,No,No,0,Credit Card,Same Day,,
SES502892,CUST10675,2025-03-29 00:00:00,23,MALE,Hyderabad,New,0,Mobile,Direct,11.2,9,2,Home & Kitchen,Bedsheet,10067,Yes,11807,Yes,15,Yes,No,0,UPI,Express,,
SES502372,CUST10270,2026-05-27 00:00:00,23,MALE,Bangalore,Returning,7,Desktop,Facebook,3.8,6,4,Books,Self Help Book,967,No,0,No,0,No,Yes,1588,UPI,Standard,4.4,3.9
SES504991,CUST10616,2025-08-10 00:00:00,24,FEMALE,Delhi,New,1,Mobile,Email,9.7,3,5,Home & Kitchen,Cookware Set,2216,No,0,No,0,No,No,0,Credit Card,Standard,,
SES505341,CUST11158,2026-06-15 00:00:00,18,MALE,Kolkata,New,0,Mobile,Facebook,10.2,5,3,Sports,Running Shoes,6730,Yes,8380,Yes,10,Yes,No,0,Credit Card,Standard,,
SES503229,CUST10569,2026-05-07 00:00:00,20,FEMALE,Hyderabad,New,0,Mobile,Direct,11.9,10,3,Electronics,Bluetooth Speaker,26413,Yes,21350,Yes,30,Unknown,Yes,35972,Credit Card,Standard,3.8,3.3
SES505373,CUST10547,2026-01-31 00:00:00,34,FEMALE,Pune,New,0,Desktop,Email,18.5,9,4,Sports,Dumbbells,7207,No,0,No,0,No,No,0,UPI,Same Day,,
SES502854,CUST10892,2026-03-03 00:00:00,42,FEMALE,Hyderabad,Returning,5,Mobile,Instagram,5.8,7,8,Sports,Football,1523,No,0,Yes,25,Yes,No,0,Credit Card,Standard,,
SES502913,CUST12060,2026-06-06 00:00:00,42,FEMALE,Delhi,Returning,10,Desktop,Google,11.5,4,3,Books,Academic Book,1202,Yes,3001,No,0,No,Yes,2464,Net Banking,Standard,3.9,4.3
SES501866,CUST10420,2025-04-11 00:00:00,28,FEMALE,Mumbai,Returning,10,Mobile,Instagram,8.1,10,3,Fashion,Kurta,6258,Yes,13000,No,0,No,Yes,10931,UPI,Express,4.6,3.2
SES504613,CUST10693,2025-10-07 00:00:00,23,MALE,Pune,Returning,7,Mobile,Direct,8.7,5,4,Fashion,Jeans,3840,No,0,No,0,No,No,0,Net Banking,Standard,,
SES501858,CUST11796,2025-11-15 00:00:00,38,MALE,Delhi,Returning,6,Mobile,YouTube,12.2,3,6,Fashion,Jeans,2684,No,0,Yes,20,Yes,No,0,UPI,Standard,,
SES502646,CUST10139,2025-11-17 00:00:00,20,MALE,Bangalore,New,1,Mobile,Google,8.9,6,5,Books,Self Help Book,967,Yes,1554,No,0,No,Yes,2078,Net Banking,Standard,3.1,5
SES502244,CUST11278,2026-02-11 00:00:00,23,MALE,Jaipur,Returning,14,Mobile,Instagram,3,9,3,Fashion,Jacket,5727,Yes,9419,Yes,10,Yes,Yes,10378,Credit Card,Standard,2.5,3.8
SES502337,CUST10124,2026-04-20 00:00:00,38,MALE,Mumbai,New,0,Desktop,Direct,10,5,7,Fashion,Jeans,2577,Yes,2900,Yes,15,No,No,0,UPI,Standard,,
SES500951,CUST10328,2025-12-10 00:00:00,37,MALE,Delhi,New,0,Mobile,Instagram,6.1,7,3,Books,Fiction Book,2352,No,0,No,0,No,Yes,3167,UPI,Standard,3.7,5
SES503069,CUST12180,2026-03-16 00:00:00,21,MALE,Delhi,New,0,Mobile,Unknown,6.2,7,4,Beauty,Perfume,2310,No,0,Yes,5,Yes,No,0,UPI,Standard,,
SES501121,CUST11132,2026-05-16 00:00:00,22,MALE,Kolkata,New,0,Mobile,YouTube,4.4,7,4,Electronics,Headphones,7906,No,0,No,0,No,No,0,Wallet,Express,,
SES502598,CUST10833,2026-05-22 00:00:00,21,FEMALE,Kolkata,New,0,Tablet,Instagram,1.9,10,6,Beauty,Shampoo,4358,No,0,Yes,10,No,No,0,UPI,Standard,,
SES502205,CUST11705,2025-05-03 00:00:00,24,FEMALE,Delhi,New,0,Desktop,Google,11.7,6,6,Electronics,Headphones,11356,Yes,27614,Yes,15,Yes,Yes,18682,Wallet,Standard,3.4,5
SES500420,CUST11904,2026-04-16 00:00:00,34,FEMALE,Jaipur,New,0,Mobile,Email,6.6,11,3,Fashion,Jeans,6196,No,0,No,0,No,No,0,UPI,Standard,,
SES500923,CUST11501,2025-02-19 00:00:00,55,FEMALE,Delhi,Returning,4,Desktop,Google,11.8,10,3,Electronics,Power Bank,26193,No,0,Yes,5,No,Yes,48673,UPI,Standard,3.1,3.9
SES501255,CUST10589,2025-04-06 00:00:00,28,FEMALE,Bangalore,New,0,Desktop,Referral,11,10,5,Fashion,Jeans,4651,Yes,8306,No,0,No,No,0,UPI,Standard,,
SES500478,CUST11244,2025-11-19 00:00:00,43,MALE,Delhi,New,0,Mobile,Email,19.6,8,2,Beauty,Shampoo,1531,Yes,3554,Yes,5,Yes,Yes,1539,UPI,Standard,4.5,5
SES502036,CUST11429,2025-11-21 00:00:00,37,MALE,Chennai,New,0,Desktop,YouTube,4.6,8,4,Home & Kitchen,Bedsheet,1376,No,0,No,0,No,No,0,Credit Card,Standard,,
SES501203,CUST11219,2025-07-07 00:00:00,47,FEMALE,Mumbai,New,0,Desktop,Facebook,8.9,4,3,Electronics,Smart Watch,4017,Yes,8737,No,0,No,Yes,6956,UPI,Standard,3.2,4.2
SES502627,CUST11524,2026-05-03 00:00:00,33,MALE,Delhi,New,0,Mobile,Facebook,3.8,11,4,Home & Kitchen,Cookware Set,11109,No,0,No,0,No,No,0,Cash on Delivery,Standard,,
SES505807,CUST11220,2025-05-24 00:00:00,29,FEMALE,Delhi,Returning,10,Mobile,Google,5.3,4,2,Home & Kitchen,Table Lamp,2120,No,0,No,0,No,No,0,UPI,Standard,,
SES501971,CUST11312,2025-08-06 00:00:00,20,FEMALE,Hyderabad,New,0,Desktop,Referral,11.4,9,2,Electronics,Smart Watch,9509,No,0,Yes,10,Yes,No,0,Credit Card,Standard,,
SES503111,CUST11989,2026-05-20 00:00:00,25,FEMALE,Kolkata,Returning,10,Mobile,Email,9,9,4,Sports,Dumbbells,8734,Yes,16589,No,0,No,Yes,15952,Credit Card,Same Day,3.3,3.8
SES504019,CUST12104,2025-06-08 00:00:00,18,MALE,Bangalore,New,1,Desktop,Direct,5,2,4,Electronics,Headphones,30725,No,0,No,0,No,No,0,Debit Card,Same Day,,
SES502152,CUST10876,2025-02-14 00:00:00,24,FEMALE,Kolkata,New,0,Mobile,Google,10.3,8,2,Books,Fiction Book,1224,No,0,Yes,15,Yes,Yes,1210,Net Banking,Express,4.8,3.3
SES503688,CUST10945,2026-05-24 00:00:00,18,MALE,Mumbai,New,0,Mobile,YouTube,3.3,8,2,Beauty,Face Wash,2671,No,0,Yes,20,No,No,0,Debit Card,Standard,,
SES504917,CUST10199,2025-09-14 00:00:00,33,MALE,Chennai,New,0,Tablet,Instagram,9.6,6,2,Beauty,Face Wash,4486,Yes,4905,Yes,25,No,No,0,Cash on Delivery,Standard,,
SES501998,CUST10256,2025-04-16 00:00:00,28,FEMALE,Mumbai,New,0,Desktop,Direct,4.1,6,6,Books,Fiction Book,952,No,0,Yes,25,Yes,No,0,Credit Card,Standard,,
SES504034,CUST10891,2026-01-24 00:00:00,22,MALE,Bangalore,Returning,4,Desktop,Facebook,17.4,5,7,Home & Kitchen,Cookware Set,12844,Yes,12395,Yes,15,No,Yes,26219,Credit Card,Same Day,4.2,3.4
SES505918,CUST12064,2026-04-06 00:00:00,24,FEMALE,Bangalore,Returning,10,Mobile,Google,17.5,7,2,Beauty,Moisturizer,569,Yes,1185,No,0,No,No,0,Net Banking,Standard,,
SES503055,CUST11773,2025-07-30 00:00:00,28,FEMALE,Delhi,Returning,3,Desktop,Google,10.6,8,3,Electronics,Smart Watch,30499,No,0,No,0,No,No,0,UPI,Standard,,
SES501249,CUST10557,2025-12-23 00:00:00,34,FEMALE,Chennai,Returning,10,Desktop,Direct,3.8,7,3,Sports,Running Shoes,5744,Yes,13704,No,0,No,No,0,UPI,Express,,
SES502193,CUST10853,2025-06-18 00:00:00,32,MALE,Delhi,Returning,6,Mobile,Direct,10.7,7,4,Electronics,Power Bank,25698,Yes,37184,No,0,No,Yes,28823,UPI,Standard,5,2.9
SES502713,CUST11725,2026-03-17 00:00:00,18,FEMALE,Lucknow,New,0,Desktop,Google,16.3,3,5,Fashion,Jeans,2095,No,0,No,0,No,No,0,Credit Card,Express,,
SES500993,CUST12107,2025-02-12 00:00:00,31,FEMALE,Bangalore,Returning,14,Desktop,Facebook,4.9,8,3,Fashion,Sneakers,1821,Yes,3602,No,0,No,No,0,UPI,Standard,,
SES502191,CUST10371,2026-02-08 00:00:00,24,FEMALE,Pune,New,0,Desktop,Instagram,4,8,8,Sports,Running Shoes,11784,Yes,24654,No,0,No,Yes,10116,UPI,Standard,3.9,3.5
SES504671,CUST10179,2025-08-25 00:00:00,34,FEMALE,Mumbai,New,0,Mobile,Facebook,9.7,8,5,Electronics,Wireless Earbuds,22082,Yes,36773,Yes,15,Yes,No,0,Debit Card,Standard,,
SES503763,CUST11448,2026-02-15 00:00:00,44,FEMALE,Mumbai,New,0,Desktop,Instagram,7.6,10,4,Electronics,Wireless Earbuds,5036,No,0,No,0,No,No,0,Wallet,Standard,,
SES503598,CUST10455,2025-06-13 00:00:00,50,FEMALE,Bangalore,Returning,2,Mobile,Google,12.7,9,2,Home & Kitchen,Bedsheet,8290,Yes,8442,Yes,15,No,Yes,15323,UPI,Standard,3.4,5
SES504712,CUST12049,2025-05-21 00:00:00,19,MALE,Mumbai,New,0,Mobile,Unknown,3.3,6,2,Fashion,Jacket,2135,Yes,4275,No,0,No,Yes,3786,Credit Card,Standard,4.5,4.7
SES501319,CUST10084,2025-01-12 00:00:00,18,MALE,Delhi,New,0,Desktop,Instagram,10.3,4,1,Home & Kitchen,Cookware Set,5601,No,0,Yes,20,Yes,No,0,Debit Card,Standard,,
SES501864,CUST10820,2025-01-18 00:00:00,47,FEMALE,Ahmedabad,Returning,7,Mobile,Email,7.9,9,6,Electronics,Wireless Earbuds,13057,No,0,No,0,No,No,0,Cash on Delivery,Standard,,
SES502344,CUST11945,2026-03-08 00:00:00,42,MALE,Kolkata,New,0,Mobile,Google,13.3,8,2,Books,Business Book,1390,No,0,Yes,25,No,No,0,UPI,Express,,
SES502450,CUST11186,2025-03-12 00:00:00,27,FEMALE,Mumbai,Returning,12,Mobile,Google,5.4,7,6,Home & Kitchen,Coffee Maker,951,Yes,824,No,0,No,No,0,Cash on Delivery,Same Day,,
SES502137,CUST10704,2026-03-18 00:00:00,29,MALE,Mumbai,New,0,Desktop,YouTube,20.6,7,4,Home & Kitchen,Cookware Set,11628,Yes,26012,No,0,No,Yes,18158,Cash on Delivery,Express,5,4.5
SES501066,CUST11253,2026-01-18 00:00:00,23,MALE,Bangalore,Returning,2,Mobile,Google,6.7,6,2,Fashion,Jeans,5275,Yes,11779,No,0,No,Yes,11280,Debit Card,Express,3.5,4.5
SES505986,CUST10948,2026-04-01 00:00:00,33,FEMALE,Chennai,Returning,15,Mobile,YouTube,6.7,11,5,Beauty,Lipstick,281,No,0,No,0,No,No,0,Wallet,Express,,
SES504228,CUST11882,2026-01-29 00:00:00,28,MALE,Jaipur,Returning,5,Mobile,Direct,4.5,6,3,Fashion,Jeans,5385,No,0,Yes,25,Yes,No,0,UPI,Standard,,
SES502622,CUST10786,2026-06-13 00:00:00,25,MALE,Jaipur,New,0,Mobile,Google,5.9,12,2,Home & Kitchen,Coffee Maker,825,No,0,No,0,No,No,0,Cash on Delivery,Express,,
SES500078,CUST10419,2026-06-15 00:00:00,49,MALE,Chennai,Returning,5,Mobile,Direct,4.6,9,3,Fashion,T-Shirt,3030,No,0,Yes,25,Yes,Yes,4698,UPI,Standard,4.7,3.6
SES502899,CUST10740,2025-05-28 00:00:00,37,FEMALE,Delhi,New,0,Mobile,Google,2.7,6,3,Fashion,T-Shirt,5894,Yes,11791,No,0,No,Yes,5137,UPI,Standard,4.1,4.8
SES504821,CUST10649,2025-08-10 00:00:00,34,MALE,Bangalore,New,0,Tablet,Direct,18.9,5,4,Fashion,Sneakers,6438,Yes,7002,Yes,15,Yes,No,0,Debit Card,Standard,,
SES501315,CUST11563,2025-08-28 00:00:00,32,MALE,Kolkata,New,0,Mobile,Instagram,14.7,11,7,Fashion,T-Shirt,6134,No,0,Yes,15,No,No,0,UPI,Express,,
SES505931,CUST10471,2025-12-10 00:00:00,27,MALE,Kolkata,New,0,Mobile,Google,8.7,10,7,Home & Kitchen,Coffee Maker,3837,Yes,3823,Yes,15,Yes,Yes,3537,Net Banking,Standard,3.8,4.1
SES500873,CUST11855,2025-08-23 00:00:00,43,FEMALE,Mumbai,Returning,12,Mobile,Referral,5.5,10,2,Sports,Dumbbells,10044,No,0,No,0,No,No,0,cash on delivery,Same Day,,
SES503851,CUST11352,2026-02-22 00:00:00,22,FEMALE,Unknown,Returning,4,Mobile,YouTube,10.9,6,3,Fashion,Sneakers,497,No,0,No,0,No,No,0,UPI,Express,,
SES505772,CUST11503,2025-11-28 00:00:00,31,FEMALE,Kolkata,New,0,Desktop,Direct,5,8,2,Fashion,Jacket,4050,Yes,4792,Yes,30,No,No,0,Debit Card,Standard,,
SES502966,CUST11582,2025-07-13 00:00:00,19,MALE,Mumbai,New,1,Mobile,YouTube,5.6,9,4,Home & Kitchen,Storage Box,3216,No,0,No,0,No,Yes,4168,Credit Card,Standard,4.7,4
SES503392,CUST10069,2025-03-03 00:00:00,27,MALE,Ahmedabad,Returning,12,Mobile,Google,33.1,6,4,Electronics,Smart Watch,33257,No,0,Yes,10,Yes,No,0,Wallet,Express,,
SES502561,CUST11820,2026-04-25 00:00:00,32,FEMALE,Lucknow,New,1,Desktop,Google,0.7,10,3,Beauty,Lipstick,748,No,0,No,0,No,No,0,UPI,Standard,,
SES505911,CUST10479,2025-12-03 00:00:00,18,MALE,Mumbai,New,0,Mobile,Facebook,6.6,6,5,Fashion,Jacket,4130,No,0,No,0,No,No,0,Credit Card,Standard,,
SES502636,CUST10947,2025-07-11 00:00:00,35,FEMALE,Mumbai,Returning,9,Mobile,Direct,7,4,5,Electronics,Wireless Earbuds,25539,Yes,27983,No,0,No,No,0, UPI ,Express,,
SES503531,CUST10719,2026-06-19 00:00:00,29,MALE,Bangalore,New,0,Desktop,Instagram,19.8,4,6,Sports,Yoga Mat,2031,Yes,2104,No,0,No,Yes,2610,UPI,Express,4.7,3.7
SES500376,CUST11783,2026-06-11 00:00:00,29,MALE,Delhi,New,0,Tablet,Instagram,9.9,12,6,Home & Kitchen,Cookware Set,4440,No,0,Yes,25,Yes,No,0,Debit Card,Standard,,
SES501909,CUST12069,2025-02-06 00:00:00,23,FEMALE,Delhi,Returning,15,Desktop,Instagram,8.6,8,3,Beauty,Face Wash,1339,No,0,Yes,15,No,No,0,Credit Card,Standard,,
SES504430,CUST11334,2025-11-02 00:00:00,39,FEMALE,Unknown,New,0,Desktop,Email,3,7,5,Electronics,Power Bank,13739,Yes,22117,Yes,25,No,No,0,UPI,Standard,,
SES505210,CUST10226,2025-11-13 00:00:00,30,MALE,Ahmedabad,New,0,Mobile,Facebook,8.4,12,3,Electronics,Bluetooth Speaker,16122,No,0,Yes,15,Yes,No,0,UPI,Standard,,
SES505268,CUST10735,2025-06-17 00:00:00,35,MALE,Jaipur,Returning,10,Mobile,Direct,11.9,5,4,Home & Kitchen,Storage Box,4719,Yes,7458,No,0,No,No,0,UPI,Express,,
SES504028,CUST12078,2025-06-06 00:00:00,36,FEMALE,Kolkata,New,0,Mobile,Google,10.8,8,4,Fashion,Jacket,6029,No,0,Yes,5,No,No,0,Cash on Delivery,Express,,
SES501605,CUST11368,2026-02-06 00:00:00,38,MALE,Hyderabad,Returning,13,Desktop,YouTube,9.3,9,5,Electronics,Wireless Earbuds,26068,Yes,21194,No,0,No,Yes,33779,Credit Card,Same Day,4.2,3
SES501119,CUST10493,2026-02-25 00:00:00,29,MALE,Kolkata,Returning,15,Tablet,YouTube,13.8,5,2,Beauty,Face Wash,1466,No,0,No,0,No,No,0,Cash on Delivery,Same Day,,
SES503678,CUST10207,2025-01-20 00:00:00,47,FEMALE,Mumbai,Returning,3,Mobile,YouTube,17.4,7,2,Beauty,Shampoo,3945,Yes,9025,Yes,5,No,Yes,6202,Net Banking,Standard,4,3
SES503491,CUST11388,2025-09-03 00:00:00,26,FEMALE,Mumbai,New,0,Mobile,Referral,4.4,5,6,Home & Kitchen,Coffee Maker,4902,Yes,4574,Yes,25,Yes,Yes,4289,UPI,Standard,4.7,3.2
SES505870,CUST11605,2025-05-14 00:00:00,27,FEMALE,Ahmedabad,New,0,Mobile,Instagram,13.9,4,7,Electronics,Power Bank,24451,Yes,55012,No,0,No,Yes,48456,Net Banking,Standard,3.5,3.1
SES502959,CUST12053,2025-12-18 00:00:00,39,MALE,Mumbai,New,0,Mobile,Google,1.7,8,3,Beauty,Perfume,3281,Yes,5386,No,0,No,No,0,UPI,Standard,,
SES501995,CUST10647,2025-03-10 00:00:00,44,FEMALE,New Delhi,Returning,8,Mobile,Direct,9,5,6,Books,Business Book,1914,No,0,Yes,10,No,Yes,2440,Debit Card,Standard,4.2,3.8
SES505981,CUST10271,2025-03-31 00:00:00,39,FEMALE,Hyderabad,Returning,8,Mobile,Google,11.3,7,1,Sports,Running Shoes,7979,No,0,Yes,10,No,No,0,Net Banking,Same Day,,
SES505234,CUST10993,2026-04-07 00:00:00,23,FEMALE,Hyderabad,New,0,Mobile,Instagram,17.9,9,2,Home & Kitchen,Bedsheet,6039,Yes,10421,Yes,30,Yes,Yes,10657,UPI,Express,2.9,5
SES502377,CUST10083,2025-03-22 00:00:00,35,FEMALE,Delhi,New,0,Tablet,Google,1.9,5,2,Electronics,Power Bank,33651,No,0,No,0,No,No,0,Cash on Delivery,Standard,,
SES501343,CUST11964,2025-12-17 00:00:00,39,UNKNOWN,Chennai,Returning,9,Mobile,Direct,7.3,7,5,Electronics,Headphones,16996,Yes,25171,No,0,No,Yes,16473,Debit Card,Express,3.6,5
SES500321,CUST10370,2026-02-17 00:00:00,18,MALE,Mumbai,Returning,7,Tablet,Referral,7.2,9,3,Beauty,Lipstick,4263,No,0,No,0,No,Yes,7121,Debit Card,Express,4.4,4.1
SES501620,CUST11027,2025-06-27 00:00:00,36,MALE,Hyderabad,Returning,9,Desktop,Google,5.1,7,4,Electronics,Smart Watch,27530,No,0,No,0,No,No,0,UPI,Standard,,
SES503714,CUST11775,2026-02-03 00:00:00,26,MALE,Mumbai,Returning,2,Mobile,Google,6.3,4,4,Sports,Dumbbells,6218,No,0,Yes,10,Yes,No,0,Wallet,Standard,,
SES502061,CUST12024,2025-05-07 00:00:00,31,FEMALE,Chennai,Returning,14,Mobile,Email,15.3,4,5,Beauty,Lipstick,339,Yes,565,Yes,15,Yes,No,0,Debit Card,Express,,
SES502220,CUST10588,2026-03-29 00:00:00,40,FEMALE,Ahmedabad,Returning,9,Tablet,Instagram,5.4,6,2,Beauty,Shampoo,528,No,0,Yes,25,Yes,No,0,UPI,Same Day,,
SES501674,CUST11400,2025-03-15 00:00:00,25,FEMALE,Bangalore,Returning,8,Desktop,Instagram,8.1,4,4,Electronics,Smart Watch,15435,Yes,12407,No,0,No,Yes,17482,Cash on Delivery,Express,3.9,4
SES500261,CUST10302,2026-02-18 00:00:00,34,MALE,Ahmedabad,Returning,11,Mobile,Google,14.2,4,3,Fashion,Jacket,1151,Yes,1751,No,0,No,Yes,1617,Credit Card,Standard,4.7,3.2
SES505320,CUST11164,2025-04-11 00:00:00,31,FEMALE,Jaipur,Returning,7,Mobile,Instagram,8.1,5,3,Home & Kitchen,Storage Box,2464,No,0,No,0,No,Yes,3969,UPI,Standard,3.6,4.6
SES502040,CUST11037,2026-01-17 00:00:00,28,MALE,Hyderabad,New,0,Mobile,Google,13.6,10,4,Beauty,Lipstick,2333,Yes,5113,No,0,No,Yes,3699,UPI,Standard,5,5
SES504786,CUST11367,2026-03-26 00:00:00,44,FEMALE,Bangalore,Returning,10,Mobile,Referral,6.2,6,1,Sports,Football,6878,Yes,5724,No,0,No,Yes,11771,Debit Card,Standard,4.3,4.4
SES500902,CUST10063,2025-06-16 00:00:00,41,MALE,Bangalore,New,0,Mobile,Google,16.1,8,5,Electronics,Wireless Earbuds,11434,Yes,16395,No,0,No,Yes,23165,UPI,Standard,3.9,4.4
SES503745,CUST10862,2026-02-14 00:00:00,23,FEMALE,Chennai,Returning,7,Desktop,Google,14.2,9,6,Electronics,Headphones,22680,No,0,Yes,15,Yes,No,0,Credit Card,Standard,,
SES502027,CUST11900,2025-11-15 00:00:00,38,MALE,Mumbai,Returning,11,Tablet,Email,4,6,4,Electronics,Bluetooth Speaker,12259,No,0,Yes,20,Yes,No,0,Wallet,Standard,,
SES504235,CUST11357,2025-04-20 00:00:00,42,MALE,Jaipur,Returning,15,Desktop,Google,10.7,10,4,Sports,Football,9079,No,0,No,0,No,No,0,Cash on Delivery,Same Day,,
SES501918,CUST10242,2025-03-10 00:00:00,34,FEMALE,Jaipur,New,0,Mobile,Instagram,11.1,3,3,Fashion,Kurta,1084,No,0,No,0,No,No,0,Wallet,Standard,,
SES501829,CUST10092,2026-03-16 00:00:00,43,MALE,Hyderabad,Returning,7,Desktop,Direct,1.2,4,10,Books,Self Help Book,1025,No,0,No,0,No,No,0,UPI,Express,,
SES501574,CUST11143,2025-11-26 00:00:00,25,MALE,Mumbai,Returning,4,Desktop,Direct,20.3,11,4,Home & Kitchen,Cookware Set,733,Yes,660,Yes,15,Yes,Yes,917,Cash on Delivery,Express,4.6,4.9
SES504416,CUST10480,2025-09-05 00:00:00,44,FEMALE,Pune,New,0,Tablet,Facebook,14.1,7,3,Home & Kitchen,Bedsheet,2779,Yes,6451,Yes,20,Yes,Yes,2316,UPI,Same Day,3.4,3.3
SES504750,CUST10850,2025-10-28 00:00:00,18,MALE,Mumbai,Returning,8,Mobile,Google,1.1,8,7,Beauty,Face Wash,1135,No,0,Yes,20,No,No,0,UPI,Standard,,
SES505520,CUST11202,2026-05-19 00:00:00,18,FEMALE,Bangalore,New,0,Mobile,Direct,5.7,6,3,Beauty,Lipstick,4560,No,0,Yes,10,Yes,Yes,7856,UPI,Standard,3.7,3.5
SES504655,CUST10881,2025-08-12 00:00:00,39,FEMALE,Delhi,Returning,3,Desktop,Direct,6,5,3,Beauty,Lipstick,3504,No,0,No,0,No,No,0,Wallet,Same Day,,
SES504209,CUST12147,2026-01-05 00:00:00,36,MALE,Hyderabad,New,0,Desktop,Instagram,10.8,8,3,Sports,Football,2206,No,0,Yes,15,No,No,0,Debit Card,Standard,,
SES504628,CUST11548,2026-02-02 00:00:00,23,MALE,Mumbai,New,0,Mobile,Facebook,10.1,9,2,Fashion,Kurta,4751,Yes,11765,No,0,No,Yes,9364,UPI,Standard,4,3.7
SES500225,CUST10161,2025-11-02 00:00:00,30,FEMALE,Mumbai,Returning,13,Mobile,Facebook,3.4,6,4,Sports,Running Shoes,5877,No,0,Yes,30,Yes,No,0,Cash on Delivery,Same Day,,
SES500724,CUST10229,2025-06-21 00:00:00,33,MALE,Mumbai,New,0,Mobile,Referral,2.7,5,4,Books,Academic Book,714,No,0,Yes,30,No,No,0,Credit Card,Standard,,
SES505550,CUST10256,2026-06-18 00:00:00,32,FEMALE,Mumbai,Returning,7,Mobile,YouTube,3.8,7,6,Books,Self Help Book,1215,Yes,2235,No,0,No,Yes,1971,Debit Card,Standard,4.2,4
SES501142,CUST11263,2025-08-15 00:00:00,20,FEMALE,Hyderabad,Returning,7,Desktop,Direct,4.6,7,3,Fashion,T-Shirt,426,Yes,923,Yes,10,Yes,Yes,528,Credit Card,Standard,4.6,4.4
SES502763,CUST11951,2025-03-24 00:00:00,30,FEMALE,Delhi,Returning,8,Mobile,YouTube,27.4,5,3,Home & Kitchen,Table Lamp,3891,Yes,7526,Yes,30,Yes,No,0,Debit Card,Standard,,
SES500847,CUST12117,2026-01-18 00:00:00,29,FEMALE,Chennai,New,0,Mobile,Referral,5,8,5,Sports,Dumbbells,4862,No,0,Yes,5,Yes,No,0,Credit Card,Standard,,
SES504290,CUST11391,2025-04-14 00:00:00,28,FEMALE,Mumbai,New,0,Tablet,Google,8.5,5,3,Fashion,Sneakers,1478,No,0,Yes,15,Yes,No,0,UPI,Standard,,
SES505043,CUST11260,2026-06-23 00:00:00,27,MALE,Lucknow,New,0,Mobile,Google,8.3,9,3,Home & Kitchen,Coffee Maker,4664,Yes,4951,Yes,5,No,No,0,Credit Card,Standard,,
SES502552,CUST11999,2025-08-18 00:00:00,18,MALE,Jaipur,Returning,8,Mobile,Facebook,11.8,7,7,Fashion,T-Shirt,1977,Yes,3719,Yes,25,No,Yes,3152,UPI,Standard,4.4,4.6
SES502929,CUST11103,2026-01-09 00:00:00,42,MALE,Jaipur,Returning,2,Desktop,Instagram,11.4,2,3,Sports,Dumbbells,10633,No,0,Yes,10,Yes,No,0,Credit Card,Standard,,
SES500118,CUST11644,2025-04-01 00:00:00,30,MALE,Delhi,Returning,7,Desktop,YouTube,2.9,9,7,Beauty,Face Wash,3830,No,0,No,0,No,No,0,UPI,Express,,
SES500646,CUST11429,2025-05-23 00:00:00,31,MALE,Lucknow,Returning,14,Mobile,Direct,12.3,6,6,Beauty,Moisturizer,3887,Yes,8591,No,0,No,Yes,7862,Credit Card,Standard,4.2,2.1
SES500004,CUST11096,2025-04-03 00:00:00,18,MALE,Pune,New,0,Mobile,Facebook,9.5,6,2,Beauty,Face Wash,1323,Yes,2422,Yes,25,Unknown,No,0,Credit Card,Standard,,
SES504171,CUST10809,2025-04-27 00:00:00,25,MALE,Kolkata,New,0,Mobile,Referral,16.2,5,2,Fashion,Kurta,775,Yes,851,No,0,No,Yes,1065,UPI,Express,4.3,4.8
SES500468,CUST11828,2025-07-14 00:00:00,41,MALE,Lucknow,Returning,8,Mobile,Direct,15,14,5,Books,Business Book,1396,Yes,2102,No,0,No,Yes,2041,UPI,Standard,5,4.2
SES500006,CUST12170,2026-05-23 00:00:00,34,FEMALE,Delhi,Returning,12,Mobile,Direct,13.2,13,5,Sports,Running Shoes,11327,Yes,14769,No,0,No,No,0,Cash on Delivery,Standard,,
SES500920,CUST10723,2025-07-18 00:00:00,47,FEMALE,Bangalore,New,0,Mobile,Google,11.8,5,5,Fashion,Sneakers,6096,Yes,11243,Yes,5,Yes,No,0,UPI,Standard,,
SES502596,CUST10930,2026-03-06 00:00:00,34,FEMALE,New Delhi,New,0,Desktop,Instagram,5,12,6,Books,Academic Book,1812,Yes,4176,Yes,25,Yes,No,0,Debit Card,Express,,
SES504325,CUST11162,2026-05-29 00:00:00,23,MALE,Chennai,New,0,Mobile,Email,18.4,11,1,Home & Kitchen,Coffee Maker,1163,No,0,Yes,25,Yes,No,0,UPI,Express,,
SES501064,CUST11063,2025-10-02 00:00:00,27,FEMALE,Ahmedabad,New,0,Mobile,Google,17,8,5,Fashion,Jacket,2392,Yes,2374,No,0,No,Yes,4002,UPI,Standard,3.3,3.8
SES502591,CUST10126,2026-03-25 00:00:00,26,MALE,Mumbai,New,1,Mobile,Direct,11.5,9,4,Beauty,Face Wash,2834,No,0,No,0,No,Yes,3670,UPI,Express,3.6,5
SES500243,CUST10563,2025-03-02 00:00:00,27,FEMALE,Ahmedabad,New,0,Mobile,Instagram,6.5,7,3,Fashion,Kurta,6874,No,0,No,0,No,Yes,7815,Cash on Delivery,Standard,4.9,3.9
SES505241,CUST10366,2026-04-03 00:00:00,38,FEMALE,Pune,New,0,Mobile,Instagram,9,7,3,Fashion,Jeans,4843,Yes,4046,Yes,10,Yes,No,0,UPI,Standard,,
SES501161,CUST12109,2026-04-22 00:00:00,29,FEMALE,Mumbai,Returning,14,Desktop,Email,18.4,8,5,Fashion,T-Shirt,1629,Yes,2518,No,0,No,No,0,UPI,Standard,,
SES502871,CUST10776,2025-03-04 00:00:00,40,FEMALE,Lucknow,New,0,Mobile,Google,10.3,10,3,Beauty,Perfume,4741,Yes,9055,Yes,10,Yes,Yes,6414,UPI,Standard,3.5,2.9
SES503736,CUST10236,2025-04-12 00:00:00,29,MALE,Lucknow,Returning,11,Mobile,Google,4.4,8,3,Books,Business Book,1515,Yes,1537,No,0,No,No,0,Credit Card,Standard,,
SES502398,CUST10041,2026-02-11 00:00:00,18,MALE,Jaipur,New,0,Desktop,Facebook,7.4,3,8,Electronics,Power Bank,15416,No,0,No,0,No,No,0,UPI,Standard,,
SES503518,CUST10206,2026-03-14 00:00:00,23,FEMALE,Mumbai,New,0,Mobile,Direct,6.7,5,5,Sports,Dumbbells,11341,No,0,Yes,10,No,No,0,UPI,Standard,,
SES503422,CUST11648,2026-02-05 00:00:00,24,MALE,Bangalore,Returning,9,Mobile,Direct,14.4,6,2,Fashion,Jeans,3122,Yes,4085,No,0,No,Yes,4958,Credit Card,Standard,5,3.7
SES502564,CUST11682,2025-03-03 00:00:00,18,FEMALE,Mumbai,New,0,Desktop,Instagram,11.1,4,3,Fashion,Jeans,1578,Yes,1409,No,0,No,Yes,2931,UPI,Express,3.2,4.9
SES501606,CUST10822,2025-04-23 00:00:00,44,MALE,Chennai,New,0,Desktop,Email,4.3,7,5,Fashion,T-Shirt,3338,No,0,No,0,No,No,0,UPI,Express,,
SES505819,CUST11102,2026-01-23 00:00:00,25,MALE,Mumbai,New,1,Desktop,Instagram,6.4,7,4,Fashion,T-Shirt,6318,Yes,12697,No,0,No,No,0,UPI,Standard,,
SES502325,CUST11675,2025-03-23 00:00:00,18,FEMALE,Lucknow,New,0,Mobile,Google,7.2,7,3,Electronics,Power Bank,5570,No,0,No,0,No,No,0,Cash on Delivery,Standard,,
SES502710,CUST11347,2025-10-07 00:00:00,23,FEMALE,Bangalore,New,0,Mobile,Direct,6,7,4,Fashion,Jeans,1535,No,0,Yes,20,Yes,No,0,UPI,Standard,,
SES505430,CUST10920,2026-04-11 00:00:00,19,MALE,Mumbai,Returning,8,Mobile,YouTube,10.2,7,5,Home & Kitchen,Table Lamp,3699,No,0,Yes,15,Yes,No,0,Cash on Delivery,Standard,,
SES501313,CUST11711,2026-03-19 00:00:00,46,FEMALE,Ahmedabad,New,0,Mobile,Direct,5,8,6,Home & Kitchen,Table Lamp,7534,Yes,6956,No,0,No,No,0,UPI,Standard,,
SES503449,CUST10137,2025-03-06 00:00:00,32,FEMALE,Chennai,Returning,7,Mobile,Google,6.4,8,2,Electronics,Smart Watch,15666,No,0,Yes,15,Yes,No,0,Wallet,Standard,,
SES503813,CUST11696,2025-07-18 00:00:00,48,MALE,Ahmedabad,New,0,Desktop,Google,10.3,8,4,Fashion,Jacket,735,No,0,No,0,No,Yes,1467,UPI,Standard,4.7,4.3
SES505611,CUST11075,2025-06-01 00:00:00,41,MALE,Ahmedabad,New,0,Tablet,Instagram,12.7,6,4,Home & Kitchen,Coffee Maker,5478,Yes,5815,No,0,No,No,0,UPI,Standard,,
SES502363,CUST10840,2026-04-12 00:00:00,32,MALE,Mumbai,New,0,Mobile,Referral,18.4,8,3,Electronics,Bluetooth Speaker,17776,No,0,No,0,No,No,0,Cash on Delivery,Standard,,
SES501976,CUST10936,2025-08-15 00:00:00,26,FEMALE,Jaipur,New,0,Tablet,Email,5.5,12,6,Books,Academic Book,580,Yes,673,No,0,No,No,0,UPI,Standard,,
SES503515,CUST11875,2026-01-04 00:00:00,37,MALE,Bangalore,New,0,Mobile,Email,5.4,4,4,Home & Kitchen,Storage Box,948,No,0,No,0,Unknown,No,0,Debit Card,Standard,,
SES501762,CUST11541,2025-09-27 00:00:00,29,MALE,Bangalore,New,0,Mobile,YouTube,8.9,7,3,Fashion,Jacket,5781,No,0,No,0,No,No,0,CREDIT CARD,Express,,
SES502740,CUST10547,2025-10-15 00:00:00,27,FEMALE,Bangalore,Returning,15,Desktop,Direct,12.3,6,3,Sports,Yoga Mat,9174,No,0,No,0,No,Yes,15390,UPI,Standard,4.2,2.3
SES505618,CUST11138,2026-06-24 00:00:00,37,MALE,Pune,New,1,Mobile,Instagram,6.1,7,2,Electronics,Headphones,17544,Yes,37228,No,0,No,No,0,Credit Card,Standard,,
SES502473,CUST10998,2026-02-25 00:00:00,19,FEMALE,Delhi,New,0,Mobile,Google,23.5,5,2,Beauty,Perfume,537,Yes,446,No,0,No,Yes,982,Net Banking,Standard,4.4,4
SES504008,CUST11987,2026-03-31 00:00:00,36,FEMALE,Bangalore,Returning,5,Desktop,Google,8.6,8,2,Home & Kitchen,Bedsheet,10200,No,0,No,0,No,No,0,UPI,Standard,,
SES504719,CUST11724,2025-02-04 00:00:00,30,FEMALE,Delhi,Returning,8,Desktop,Facebook,8.1,6,4,Sports,Yoga Mat,10964,No,0,Yes,15,Yes,No,0,Credit Card,Standard,,
SES501494,CUST11647,2025-09-06 00:00:00,18,MALE,Kolkata,New,0,Desktop,Instagram,12.5,7,3,Books,Fiction Book,1024,Yes,1184,No,0,No,No,0,UPI,Express,,
SES504207,CUST12096,2025-06-12 00:00:00,20,MALE,Ahmedabad,Returning,6,Mobile,Direct,12.7,7,4,Books,Self Help Book,227,Yes,288,Yes,15,Yes,No,0,UPI,Standard,,
SES502159,CUST10270,2026-05-27 00:00:00,30,MALE,Mumbai,Returning,13,Mobile,Facebook,7.3,10,3,Books,Biography,1352,No,0,Yes,10,No,Yes,2416,Cash on Delivery,Standard,4.1,3.3
SES501170,CUST10772,2025-06-26 00:00:00,33,UNKNOWN,Hyderabad,New,1,Mobile,Instagram,20.9,6,6,Home & Kitchen,Cookware Set,12053,Yes,21215,No,0,No,Yes,13207,Credit Card,Express,3.2,3.3
SES505446,CUST10110,2026-04-02 00:00:00,28,FEMALE,Mumbai,Returning,9,Mobile,Facebook,12.3,10,3,Electronics,Wireless Earbuds,20646,Yes,37615,No,0,No,No,0,Credit Card,Standard,,
SES500233,CUST11159,2025-11-24 00:00:00,27,FEMALE,Delhi,New,1,Desktop,Facebook,9.2,1,4,Electronics,Headphones,5955,Yes,10104,Yes,20,Yes,Yes,7201,Cash on Delivery,Express,3.9,3
SES500067,CUST11181,2026-04-03 00:00:00,29,FEMALE,Chennai,New,0,Mobile,Facebook,2.6,5,6,Fashion,Kurta,1414,No,0,No,0,No,No,0,Debit Card,Express,,
SES501604,CUST11355,2025-08-02 00:00:00,25,FEMALE,Hyderabad,New,0,Mobile,Google,4.4,5,2,Sports,Dumbbells,3847,No,0,No,0,No,No,0,UPI,Express,,
SES503284,CUST12029,2025-08-19 00:00:00,26,MALE,Delhi,Returning,9,Mobile,Facebook,4.2,6,2,Electronics,Power Bank,16680,Yes,27203,No,0,No,No,0,UPI,Standard,,
SES503597,CUST11723,2025-01-24 00:00:00,22,FEMALE,Delhi,New,0,Desktop,Google,3.4,9,6,Fashion,Jacket,6927,Yes,14605,Yes,10,No,No,0,cash on delivery,Standard,,
SES504633,CUST10405,2026-06-09 00:00:00,49,FEMALE,Lucknow,Returning,10,Mobile,Instagram,10,8,4,Sports,Yoga Mat,8040,Yes,8291,Yes,20,Yes,Yes,11651,UPI,Standard,5,5
SES500126,CUST11409,2025-10-26 00:00:00,30,MALE,Mumbai,New,0,Mobile,Google,6.7,6,3,Home & Kitchen,Table Lamp,3144,No,0,No,0,No,No,0,Credit Card,Standard,,
SES501297,CUST11251,2025-05-02 00:00:00,33,MALE,Mumbai,New,0,Mobile,Direct,5.9,8,3,Electronics,Bluetooth Speaker,5076,No,0,Yes,15,Yes,Yes,6336,Debit Card,Standard,4,3.4
SES501977,CUST11689,2025-07-21 00:00:00,28,MALE,Mumbai,Returning,14,Desktop,Google,2.8,7,2,Beauty,Face Wash,4274,No,0,No,0,No,No,0,Wallet,Express,,
SES505447,CUST11017,2025-11-04 00:00:00,32,FEMALE,Mumbai,Returning,3,Mobile,Referral,7.8,6,4,Fashion,T-Shirt,2285,No,0,Yes,20,Yes,No,0,Debit Card,Standard,,
SES505404,CUST10469,2026-03-04 00:00:00,18,MALE,Bangalore,Returning,13,Mobile,Google,7.8,6,5,Home & Kitchen,Cookware Set,9390,Yes,10035,No,0,No,Yes,10228,Debit Card,Standard,4.2,3.8
SES502076,CUST10406,2026-03-13 00:00:00,19,FEMALE,Ahmedabad,Returning,6,Desktop,Google,6.6,12,5,Books,Academic Book,2446,Yes,2165,Yes,25,Yes,Yes,2649,UPI,Express,4.8,4.3
SES504581,CUST11540,2025-03-01 00:00:00,18,FEMALE,Bangalore,Returning,6,Mobile,Direct,10.3,5,6,Electronics,Wireless Earbuds,1688,Yes,2339,Yes,10,Yes,Yes,1625,Cash on Delivery,Express,4.4,4.8
SES503087,CUST10290,2025-12-07 00:00:00,41,MALE,Bangalore,Returning,8,Desktop,Email,8.3,4,4,Electronics,Bluetooth Speaker,23844,Yes,43316,Yes,25,No,Yes,52448,Credit Card,Standard,3,2.7
SES505224,CUST10667,2026-02-18 00:00:00,18,MALE,Delhi,Returning,11,Mobile,Email,3.4,8,2,Fashion,Jeans,3130,Yes,3792,No,0,No,Yes,5565,Debit Card,Standard,3.8,3.9
SES503346,CUST10603,2025-02-24 00:00:00,27,MALE,Bangalore,New,0,Mobile,Google,8.4,7,3,Electronics,Wireless Earbuds,16925,Yes,30419,Yes,5,Yes,Yes,13437,UPI,Standard,4.7,4.9
SES505384,CUST10883,2025-11-08 00:00:00,36,MALE,Lucknow,New,0,Mobile,Facebook,5,6,5,Books,Academic Book,272,No,0,No,0,No,No,0,Debit Card,Express,,
SES502798,CUST10991,2025-05-04 00:00:00,30,MALE,Lucknow,Returning,13,Mobile,Email,11.8,10,3,Books,Biography,2329,Yes,3707,Yes,15,Yes,No,0,Debit Card,Standard,,
SES500919,CUST10952,2025-02-18 00:00:00,47,FEMALE,Kolkata,New,0,Desktop,Email,6.1,5,5,Fashion,T-Shirt,4005,No,0,Yes,5,Yes,No,0,UPI,Standard,,
SES501647,CUST10470,2025-10-08 00:00:00,25,FEMALE,Mumbai,New,0,Mobile,Unknown,6.4,6,6,Fashion,Jacket,6305,No,0,No,0,No,No,0,Credit Card,Standard,,
SES505123,CUST12008,2026-04-03 00:00:00,31,FEMALE,Delhi,New,0,Mobile,Google,3.2,13,2,Home & Kitchen,Storage Box,4679,Yes,7281,Yes,15,Yes,Yes,6902,UPI,Standard,4.4,4.4
SES505127,CUST10536,2025-01-01 00:00:00,29,MALE,Pune,New,0,Mobile,Email,12.5,6,8,Books,Academic Book,333,No,0,Yes,5,Yes,No,0,Debit Card,Standard,,
SES504979,CUST10827,2026-01-22 00:00:00,26,FEMALE,Bangalore,New,0,Mobile,Referral,8.6,5,2,Fashion,Sneakers,1347,Yes,1454,No,0,No,No,0,UPI,Express,,
SES504622,CUST10019,2026-04-23 00:00:00,18,FEMALE,Chennai,Returning,13,Mobile,Instagram,13.4,5,3,Beauty,Face Wash,4560,Yes,4166,No,0,No,Yes,6181,UPI,Same Day,3.8,4.5
SES500365,CUST11313,2026-02-09 00:00:00,28,MALE,Kolkata,New,0,Mobile,Direct,11.7,7,3,Fashion,Jacket,4016,Yes,6378,No,0,No,No,0,UPI,Express,,
SES503288,CUST11092,2026-04-15 00:00:00,26,FEMALE,Jaipur,New,0,Desktop,Email,4.7,7,1,Electronics,Headphones,21396,No,0,Yes,15,Yes,Yes,34583,UPI,Same Day,4.3,4.2
SES502126,CUST11886,2026-04-03 00:00:00,34,MALE,Mumbai,New,0,Desktop,Facebook,7.6,7,4,Sports,Yoga Mat,11145,Yes,27747,Yes,10,Yes,Yes,16672,UPI,Express,3.6,4
SES504124,CUST10187,2025-10-12 00:00:00,20,MALE,Chennai,New,0,Desktop,YouTube,9.3,5,3,Sports,Football,9824,Yes,21760,Yes,10,No,Yes,12674,Credit Card,Express,4.3,4.9
SES504570,CUST11465,2025-11-04 00:00:00,32,MALE,Hyderabad,Returning,15,Mobile,YouTube,19.3,9,4,Electronics,Wireless Earbuds,30499,Yes,63898,No,0,No,Yes,31981,credit card,Standard,3.8,3.9
SES500526,CUST10041,2026-02-07 00:00:00,22,FEMALE,Lucknow,New,1,Desktop,Google,12.6,6,4,Home & Kitchen,Bedsheet,14540,Yes,22274,Yes,15,Yes,Yes,26572,Debit Card,Standard,3,3.9
SES504822,CUST10245,2025-02-26 00:00:00,36,MALE,Delhi,New,0,Mobile,Instagram,11.6,4,3,Electronics,Smart Watch,4285,No,0,No,0,No,No,0,credit card,Standard,,
SES500056,CUST10816,2025-01-18 00:00:00,31,FEMALE,Bangalore,New,0,Mobile,Google,16.3,6,4,Books,Fiction Book,2315,No,0,No,0,No,No,0,Credit Card,Standard,,
SES500639,CUST10672,2025-02-04 00:00:00,44,MALE,Hyderabad,New,0,Mobile,Google,7.8,4,3,Electronics,Smart Watch,11737,Yes,13432,Yes,5,Yes,Yes,16090,Debit Card,Standard,4.4,3.8
SES500303,CUST10854,2025-03-04 00:00:00,37,MALE,Jaipur,New,0,Desktop,Google,8.6,9,6,Books,Business Book,2251,Yes,4453,Yes,25,Yes,No,0,Net Banking,Express,,
SES502767,CUST10632,2025-02-20 00:00:00,19,MALE,Delhi,Returning,5,Mobile,YouTube,4.5,6,5,Home & Kitchen,Coffee Maker,12692,No,0,Yes,20,Yes,No,0,Debit Card,Standard,,
SES501277,CUST10572,2025-02-22 00:00:00,37,FEMALE,Bangalore,Returning,12,Mobile,Google,35,11,6,Electronics,Bluetooth Speaker,8271,Yes,8886,No,0,No,Yes,16281,UPI,Standard,4.1,4.5
SES504721,CUST11518,2025-08-11 00:00:00,40,MALE,Mumbai,New,0,Mobile,Instagram,11.5,7,4,Fashion,Jacket,3218,Yes,5393,No,0,No,Yes,4948,UPI,Express,4,5
SES502056,CUST11014,2025-09-25 00:00:00,38,FEMALE,Pune,Returning,9,Mobile,YouTube,8.6,9,4,Fashion,Kurta,2898,No,0,No,0,No,No,0,Debit Card,Express,,
SES505146,CUST11231,2025-04-03 00:00:00,52,MALE,Mumbai,New,0,Desktop,YouTube,7.5,9,3,Electronics,Smart Watch,13209,No,0,No,0,No,No,0,Cash on Delivery,Standard,,
SES504433,CUST12157,2025-04-11 00:00:00,33,MALE,Mumbai,New,0,Mobile,Direct,13.2,5,3,Home & Kitchen,Coffee Maker,5037,Yes,10523,No,0,No,Yes,9504,Wallet,Standard,3.3,5
SES503645,CUST10994,2026-03-10 00:00:00,36,MALE,Delhi,Returning,9,Desktop,Referral,3.2,5,5,Electronics,Wireless Earbuds,8080,No,0,Yes,10,Yes,No,0,Net Banking,Express,,
SES504144,CUST11149,2025-09-17 00:00:00,22,MALE,Ahmedabad,Returning,9,Mobile,YouTube,7.1,6,4,Beauty,Lipstick,2272,No,0,Yes,20,No,No,0,UPI,Standard,,
SES502879,CUST10356,2025-09-29 00:00:00,33,MALE,Lucknow,Returning,4,Desktop,Facebook,9.8,6,3,Sports,Dumbbells,4522,Yes,9123,No,0,No,Yes,5921,Credit Card,Standard,3.8,5
SES504203,CUST11961,2026-05-21 00:00:00,30,MALE,Mumbai,New,0,Mobile,Referral,14.8,10,7,Fashion,Sneakers,3051,Yes,7005,No,0,No,No,0,UPI,Express,,
SES505176,CUST11105,2025-01-23 00:00:00,25,FEMALE,Delhi,Returning,12,Mobile,Instagram,4.6,6,5,Fashion,Jacket,6218,No,0,No,0,No,No,0,UPI,Standard,,
SES502287,CUST10924,2026-01-20 00:00:00,50,FEMALE,Hyderabad,Returning,7,Desktop,Google,19.9,5,2,Electronics,Power Bank,32652,Yes,34981,No,0,No,No,0,Debit Card,Express,,
SES502262,CUST11128,2026-04-20 00:00:00,32,MALE,Lucknow,Returning,13,Mobile,Facebook,7.9,7,4,Sports,Dumbbells,5384,Yes,11504,Yes,15,Yes,Yes,7943,Cash on Delivery,Express,5,4.1
SES502297,CUST10227,2025-04-07 00:00:00,28,FEMALE,Mumbai,New,0,Mobile,Google,14.7,4,2,Electronics,Smart Watch,4633,Yes,4708,No,0,No,Yes,7888,Cash on Delivery,Standard,3.6,4.2
SES501754,CUST12103,2026-05-28 00:00:00,37,MALE,Bangalore,Returning,12,Desktop,Facebook,5.4,6,3,Home & Kitchen,Cookware Set,7154,Yes,7982,Yes,30,No,Yes,10522,UPI,Standard,3.8,3.3
SES505198,CUST10599,2025-12-02 00:00:00,29,MALE,Kolkata,New,0,Mobile,Instagram,3.7,6,5,Home & Kitchen,Storage Box,5206,Yes,8290,No,0,No,Yes,7708,UPI,Express,3.4,3.2
SES501969,CUST10781,2025-04-12 00:00:00,18,FEMALE,Bangalore,New,0,Desktop,Referral,4.2,12,7,Fashion,Jacket,4055,No,0,Yes,20,No,No,0,UPI,Standard,,
SES505230,CUST10639,2026-01-05 00:00:00,51,MALE,Delhi,Returning,9,Desktop,Referral,8.9,6,2,Fashion,Sneakers,3830,No,0,No,0,No,No,0,UPI,Standard,,
SES503118,CUST10206,2025-07-03 00:00:00,28,FEMALE,Hyderabad,Returning,3,Mobile,Google,23.4,11,1,Books,Fiction Book,2478,No,0,No,0,No,No,0,UPI,Express,,
SES502394,CUST11678,2026-03-22 00:00:00,20,FEMALE,Delhi,New,0,Desktop,Instagram,11.3,7,3,Fashion,Jacket,6350,No,0,No,0,No,No,0,Cash on Delivery,Standard,,
SES500524,CUST10540,2025-02-06 00:00:00,29,MALE,Ahmedabad,Returning,3,Mobile,Instagram,4.7,8,4,Fashion,T-Shirt,2822,No,0,No,0,No,No,0,UPI,Standard,,
SES503901,CUST11505,2026-01-26 00:00:00,39,MALE,Hyderabad,New,0,Mobile,Facebook,13.3,4,3,Home & Kitchen,Bedsheet,4717,Yes,4421,Yes,20,Yes,Yes,5293,Debit Card,Standard,3.6,4
SES505623,CUST11493,2025-06-28 00:00:00,41,FEMALE,Ahmedabad,Returning,13,Desktop,Direct,2.4,7,6,Home & Kitchen,Bedsheet,3103,Yes,4601,Yes,20,No,Yes,3871,UPI,Standard,2.7,5
SES504700,CUST11160,2026-01-30 00:00:00,38,MALE,Pune,New,0,Tablet,Referral,8.5,5,3,Electronics,Smart Watch,19054,No,0,Yes,15,Yes,No,0,UPI,Standard,,
SES505613,CUST10689,2025-07-25 00:00:00,45,MALE,Mumbai,New,0,Desktop,Google,4.8,4,6,Fashion,Kurta,4144,No,0,Yes,15,No,No,0,UPI,Standard,,
SES503123,CUST10310,2026-02-23 00:00:00,26,FEMALE,Hyderabad,New,0,Tablet,Direct,15.4,4,7,Fashion,Kurta,2838,Yes,4029,Yes,10,Yes,No,0,UPI,Standard,,
SES504157,CUST11914,2025-06-19 00:00:00,32,MALE,Hyderabad,New,0,Mobile,Facebook,4.8,7,4,Electronics,Wireless Earbuds,7753,No,0,No,0,No,No,0,Net Banking,Standard,,
SES501970,CUST11717,2025-12-19 00:00:00,25,MALE,Bangalore,New,0,Desktop,YouTube,5.5,7,3,Fashion,Jeans,6545,Yes,14937,Yes,20,No,Yes,10524,Debit Card,Express,2.9,4.4
SES500672,CUST12126,2025-08-02 00:00:00,36,MALE,Delhi,Returning,2,Mobile,Email,2.4,6,2,Fashion,Sneakers,2714,No,0,Yes,15,No,No,0,UPI,Standard,,
SES504189,CUST11107,2025-02-08 00:00:00,28,MALE,Mumbai,New,0,Desktop,Instagram,15.7,6,6,Beauty,Moisturizer,2120,No,0,No,0,No,No,0,UPI,Standard,,
SES500667,CUST10056,2025-09-11 00:00:00,38,FEMALE,Ahmedabad,New,1,Tablet,Instagram,11.8,9,2,Sports,Cricket Bat,10898,No,0,No,0,No,No,0,Cash on Delivery,Standard,,
SES505585,CUST11657,2026-04-09 00:00:00,33,MALE,Mumbai,New,0,Mobile,Google,7.5,8,4,Books,Biography,954,Yes,1442,No,0,No,No,0,Debit Card,Standard,,
SES501888,CUST12021,2025-12-15 00:00:00,35,MALE,Delhi,New,0,Mobile,Email,5.5,5,4,Electronics,Headphones,7867,No,0,Yes,5,Yes,Yes,8636,UPI,Standard,2.4,4.8
SES503267,CUST10481,2026-06-15 00:00:00,43,FEMALE,Mumbai,Returning,7,Mobile,Direct,1.5,6,3,Electronics,Bluetooth Speaker,7333,Yes,10601,Yes,20,No,No,0,Cash on Delivery,Express,,
SES500281,CUST11410,2026-05-27 00:00:00,40,FEMALE,Mumbai,New,0,Desktop,Instagram,9.8,6,4,Beauty,Shampoo,2961,No,0,No,0,No,No,0,UPI,Standard,,
SES501720,CUST11191,2026-02-11 00:00:00,40,FEMALE,Delhi,Returning,4,Mobile,Facebook,22,9,2,Fashion,Jacket,3961,Yes,3552,Yes,20,Yes,Yes,3314,UPI,Standard,4.2,1.8
SES502948,CUST11092,2026-03-16 00:00:00,56,MALE,Lucknow,New,0,Mobile,Google,26.1,5,7,Fashion,T-Shirt,6521,No,0,Yes,15,No,No,0,UPI,Express,,
SES504456,CUST11271,2026-01-01 00:00:00,29,FEMALE,Mumbai,New,0,Tablet,Google,10,5,3,Beauty,Lipstick,4176,Yes,4821,No,0,No,No,0,Debit Card,Express,,
SES500900,CUST11185,2025-08-13 00:00:00,28,MALE,Delhi,New,0,Mobile,Google,13.4,9,5,Sports,Cricket Bat,8608,Yes,11364,Yes,5,Yes,Yes,6724,UPI,Standard,3.8,2.4
SES505849,CUST10846,2025-10-12 00:00:00,36,FEMALE,Chennai,New,0,Mobile,Google,19.8,7,5,Books,Academic Book,1655,No,0,No,0,No,No,0,UPI,Standard,,
SES500761,CUST12027,2025-09-18 00:00:00,43,MALE,Bangalore,Returning,11,Desktop,Email,6.2,3,2,Sports,Dumbbells,9026,Yes,22314,Yes,5,Yes,Yes,9059, UPI ,Express,2.2,2.2
SES501907,CUST11460,2025-05-03 00:00:00,22,MALE,Delhi,New,0,Desktop,Direct,15,9,5,Fashion,Jacket,2416,Yes,3746,Yes,15,Yes,Yes,3564,UPI,Standard,3.9,2.9
SES504043,CUST12005,2026-02-22 00:00:00,37,FEMALE,Pune,New,1,Desktop,Google,9.6,6,4,Fashion,Jeans,4958,No,0,Yes,10,Yes,No,0,Net Banking,Express,,
SES503824,CUST10072,2026-04-03 00:00:00,27,MALE,Chennai,New,0,Desktop,Google,12,6,3,Electronics,Bluetooth Speaker,25053,Yes,41441,No,0,No,Yes,53985,cash on delivery,Express,3.9,3.3
SES504139,CUST11581,2025-06-10 00:00:00,46,FEMALE,Chennai,New,0,Mobile,YouTube,12.7,6,7,Electronics,Headphones,26407,No,0,Yes,15,Yes,No,0,UPI,Same Day,,
SES503819,CUST11475,2026-01-02 00:00:00,33,MALE,Delhi,New,0,Mobile,Email,11.9,6,6,Electronics,Power Bank,30712,No,0,Yes,5,Yes,No,0,Cash on Delivery,Standard,,
SES504301,CUST11879,2025-10-09 00:00:00,22,FEMALE,Delhi,Returning,10,Desktop,Direct,20.1,11,2,Beauty,Face Wash,479,Yes,855,No,0,No,Yes,713,Cash on Delivery,Express,3.4,5
SES502594,CUST10576,2026-04-23 00:00:00,56,MALE,Mumbai,Returning,7,Mobile,Google,10.9,10,5,Fashion,T-Shirt,743,No,0,Yes,10,Yes,No,0,Wallet,Same Day,,
SES504165,CUST10835,2026-02-14 00:00:00,43,MALE,Delhi,New,1,Mobile,Email,16.7,14,3,Home & Kitchen,Bedsheet,14071,No,0,Yes,15,No,No,0,Credit Card,Standard,,
SES503032,CUST10980,2026-03-27 00:00:00,35,FEMALE,Mumbai,New,0,Mobile,Google,12.8,5,4,Electronics,Headphones,21172,Yes,22092,No,0,No,Yes,36428,Debit Card,Express,4,4.3
SES503580,CUST10838,2025-09-13 00:00:00,56,MALE,Bangalore,New,0,Tablet,Google,7.7,9,6,Sports,Football,8481,No,0,Yes,15,Yes,No,0,Credit Card,Express,,
SES502833,CUST10431,2026-01-19 00:00:00,38,FEMALE,Pune,Returning,2,Mobile,Instagram,5.3,6,2,Electronics,Wireless Earbuds,25748,Yes,58121,Yes,5,Yes,Yes,26197,Credit Card,Standard,4.1,4.4
SES503473,CUST11031,2026-04-24 00:00:00,22,MALE,Lucknow,New,1,Mobile,Direct,8.4,10,5,Beauty,Perfume,4276,No,0,Yes,10,No,No,0,Credit Card,Standard,,
SES500138,CUST10684,2025-09-24 00:00:00,32,FEMALE,Bangalore,Returning,6,Mobile,Email,4.8,2,5,Electronics,Smart Watch,32717,No,0,No,0,No,No,0,Credit Card,Express,,
SES504893,CUST10272,2026-03-01 00:00:00,51,MALE,Ahmedabad,Returning,7,Desktop,Email,7.2,9,5,Home & Kitchen,Cookware Set,8539,Yes,16174,No,0,No,No,0,UPI,Express,,
SES502181,CUST10944,2025-04-08 00:00:00,26,FEMALE,Jaipur,Returning,12,Desktop,Facebook,11.7,11,3,Sports,Dumbbells,3262,Yes,4153,No,0,No,No,0,Credit Card,Express,,
SES502129,CUST11450,2025-11-11 00:00:00,50,FEMALE,Bangalore,New,0,Desktop,Google,17.1,9,5,Books,Academic Book,1662,No,0,Yes,15,Yes,No,0,cash on delivery,Express,,
SES503178,CUST10674,2025-01-18 00:00:00,39,FEMALE,Mumbai,New,0,Mobile,Referral,8.1,9,3,Fashion,Jeans,902,No,0,Yes,10,Yes,No,0,Credit Card,Standard,,
SES504855,CUST10508,2025-05-07 00:00:00,31,FEMALE,Mumbai,New,0,Mobile,Google,13.6,5,5,Home & Kitchen,Bedsheet,12779,Yes,24845,No,0,No,No,0,Debit Card,Standard,,
SES504638,CUST10747,2025-06-07 00:00:00,27,FEMALE,Delhi,New,0,Mobile,Direct,11.3,5,2,Electronics,Wireless Earbuds,25612,Yes,30705,Yes,15,Yes,Yes,48161,UPI,Standard,4,3.7
SES505116,CUST11092,2025-08-29 00:00:00,53,FEMALE,Hyderabad,New,0,Mobile,Instagram,10.3,6,4,Fashion,Kurta,1398,No,0,Yes,20,No,No,0,Wallet,Express,,
SES505251,CUST11118,2026-01-06 00:00:00,28,FEMALE,Delhi,New,0,Mobile,Instagram,10.4,4,7,Fashion,Kurta,834,Yes,1999,Yes,20,Yes,No,0,Debit Card,Express,,
SES504262,CUST11806,2025-06-11 00:00:00,46,MALE,Ahmedabad,Returning,15,Mobile,YouTube,20.9,5,3,Fashion,Sneakers,888,Yes,740,No,0,No,Yes,982,Debit Card,Standard,2.8,3.5
SES504345,CUST11642,2025-03-04 00:00:00,18,MALE,Hyderabad,New,0,Mobile,Email,4.7,7,3,Fashion,Kurta,5340,No,0,Yes,10,No,No,0,Credit Card,Standard,,
SES501332,CUST11608,2026-04-30 00:00:00,20,FEMALE,Delhi,Returning,10,Mobile,YouTube,13.8,7,6,Home & Kitchen,Coffee Maker,13173,No,0,No,0,No,No,0,Wallet,Standard,,
SES502018,CUST10023,2025-10-20 00:00:00,34,MALE,Hyderabad,Returning,9,Desktop,Google,17.6,9,1,Electronics,Bluetooth Speaker,2655,No,0,No,0,No,No,0,Debit Card,Standard,,
SES504543,CUST12025,2025-02-22 00:00:00,18,FEMALE,Bangalore,New,0,Desktop,Direct,5.5,6,7,Electronics,Power Bank,32263,Yes,36920,Yes,10,Yes,Yes,55959,Net Banking,Standard,4.4,2.8
SES502483,CUST11831,2025-10-19 00:00:00,24,FEMALE,Delhi,Returning,3,Mobile,Facebook,10.3,5,4,Home & Kitchen,Coffee Maker,5411,Yes,11373,Yes,20,Yes,Yes,8650,Debit Card,Standard,4.6,3
SES501359,CUST11088,2025-06-27 00:00:00,22,MALE,Hyderabad,Returning,12,Mobile,Instagram,4.4,6,5,Electronics,Bluetooth Speaker,9520,Yes,18091,Yes,15,Yes,Yes,11630,Credit Card,Standard,3.6,3
SES501330,CUST11810,2025-08-07 00:00:00,40,FEMALE,Kolkata,Returning,14,Desktop,Instagram,6.7,6,1,Electronics,Power Bank,23122,No,0,No,0,No,No,0,Credit Card,Standard,,
SES505944,CUST10029,2026-04-15 00:00:00,26,MALE,Hyderabad,New,0,Mobile,Google,9.5,6,2,Fashion,T-Shirt,1264,Yes,3051,Yes,25,No,No,0,Credit Card,Express,,
SES502151,CUST11432,2025-07-07 00:00:00,18,MALE,Chennai,New,0,Mobile,Email,9,4,8,Beauty,Lipstick,2211,No,0,No,0,No,Yes,2603,Cash on Delivery,Standard,3.4,2.7
SES504531,CUST11293,2025-04-23 00:00:00,23,FEMALE,Delhi,New,0,Mobile,Google,7.7,14,5,Beauty,Moisturizer,785,Yes,1016,Yes,15,Yes,Yes,1324,UPI,Express,5,4.4
SES502123,CUST11795,2025-06-11 00:00:00,31,MALE,Bangalore,New,0,Mobile,Email,7.6,7,2,Books,Biography,1469,No,0,No,0,No,No,0,UPI,Same Day,,
SES504674,CUST10265,2025-02-04 00:00:00,18,MALE,Chennai,New,0,Mobile,Direct,8.9,7,2,Fashion,Jacket,562,No,0,No,0,No,No,0,Cash on Delivery,Express,,
SES503982,CUST10985,2025-03-22 00:00:00,19,MALE,Pune,New,0,Mobile,Google,4,7,6,Beauty,Perfume,714,No,0,No,0,No,No,0,Cash on Delivery,Express,,
SES501253,CUST11575,2025-10-22 00:00:00,38,MALE,Bangalore,New,0,Mobile,YouTube,6.6,6,3,Electronics,Smart Watch,6348,Yes,5301,No,0,No,No,0,UPI,Express,,
SES503279,CUST10560,2025-09-04 00:00:00,38,FEMALE,Mumbai,Returning,6,Mobile,Instagram,10.3,2,6,Home & Kitchen,Coffee Maker,1118,No,0,No,0,No,No,0,Credit Card,Express,,
SES503375,CUST10822,2025-04-05 00:00:00,28,MALE,Bangalore,New,0,Tablet,Instagram,5.1,4,3,Books,Business Book,1614,No,0,No,0,No,No,0,Debit Card,Standard,,
SES502815,CUST10428,2026-06-19 00:00:00,24,FEMALE,Bangalore,Returning,13,Desktop,Referral,10.7,4,5,Fashion,T-Shirt,1868,No,0,No,0,No,No,0,Cash on Delivery,Standard,,
SES504720,CUST11690,2025-11-06 00:00:00,23,MALE,Bangalore,Returning,15,Desktop,Email,15,9,6,Fashion,T-Shirt,1038,No,0,No,0,No,Yes,1503,Debit Card,Standard,4.1,4.1
SES501849,CUST12131,2025-08-21 00:00:00,21,MALE,Chennai,Returning,14,Mobile,Google,4.7,4,7,Fashion,Jacket,5251,Yes,5976,No,0,No,No,0,Cash on Delivery,Same Day,,
SES504859,CUST11762,2026-02-12 00:00:00,39,MALE,Chennai,Returning,5,Mobile,Email,6.1,5,5,Beauty,Face Wash,1235,Yes,2826,No,0,No,Yes,2220,UPI,Same Day,4,3.4
SES503038,CUST10861,2025-12-19 00:00:00,29,MALE,Delhi,New,0,Mobile,Google,11,9,5,Electronics,Smart Watch,32848,Yes,80250,No,0,No,No,0,UPI,Standard,,
SES500389,CUST10285,2025-03-28 00:00:00,22,MALE,Ahmedabad,New,0,Mobile,Referral,15.8,8,3,Fashion,Jeans,6370,No,0,Yes,5,Yes,No,0,UPI,Standard,,
SES500236,CUST10640,2026-06-29 00:00:00,40,MALE,Pune,Returning,6,Desktop,Google,3.9,7,3,Sports,Cricket Bat,10958,No,0,Yes,25,Yes,No,0,Debit Card,Same Day,,
SES501078,CUST10339,2025-01-14 00:00:00,24,FEMALE,Delhi,New,0,Desktop,Instagram,2.7,6,2,Beauty,Lipstick,1844,No,0,Yes,10,No,No,0,UPI,Express,,
SES501985,CUST12161,2026-03-26 00:00:00,46,MALE,Hyderabad,New,0,Mobile,Facebook,7.4,5,3,Fashion,Sneakers,6610,Yes,13749,No,0,No,No,0,Net Banking,Standard,,
SES504364,CUST11398,2025-03-20 00:00:00,32,FEMALE,Lucknow,New,0,Desktop,YouTube,3.7,4,7,Beauty,Face Wash,3211,No,0,No,0,No,No,0,UPI,Express,,
SES503963,CUST10152,2025-10-28 00:00:00,19,MALE,Delhi,Returning,10,Mobile,Google,31.4,12,3,Electronics,Bluetooth Speaker,16937,Yes,25133,Yes,15,Yes,Yes,28971,Debit Card,Express,3.1,3
SES500771,CUST11620,2026-01-28 00:00:00,37,FEMALE,Kolkata,New,0,Desktop,Instagram,2.5,6,7,Beauty,Shampoo,3993,Yes,6980,Yes,5,Yes,Yes,5406,UPI,Express,4.5,3.7
SES502166,CUST11580,2025-10-14 00:00:00,41,MALE,Lucknow,Returning,3,Mobile,Google,9.5,12,5,Books,Self Help Book,321,Yes,665,No,0,No,Yes,482,Credit Card,Standard,3.1,3
SES504534,CUST10118,2026-03-19 00:00:00,37,FEMALE,Hyderabad,Returning,6,Mobile,Instagram,8.6,7,4,Fashion,Kurta,5916,No,0,Yes,15,Yes,No,0,UPI,Same Day,,
SES500674,CUST10526,2025-09-12 00:00:00,23,FEMALE,Bangalore,New,0,Mobile,Referral,19.2,5,2,Home & Kitchen,Table Lamp,8204,No,0,Yes,10,Yes,No,0,Net Banking,Same Day,,
SES500250,CUST10453,2025-11-05 00:00:00,35,MALE,Delhi,New,0,Mobile,YouTube,20.5,10,1,Electronics,Smart Watch,24058,Yes,51380,Yes,5,Yes,Yes,27545,Debit Card,Standard,4.8,4.5
SES501575,CUST11994,2026-01-01 00:00:00,37,MALE,Bangalore,New,0,Mobile,Facebook,7.9,5,5,Electronics,Headphones,12146,Yes,13884,No,0,No,Yes,21964,Credit Card,Standard,4.4,3.8
SES503420,CUST11701,2025-07-29 00:00:00,47,FEMALE,Bangalore,Returning,12,Mobile,YouTube,16,6,4,Electronics,Power Bank,10397,No,0,No,0,No,Yes,10358,UPI,Standard,4,3
SES502082,CUST10998,2026-04-02 00:00:00,27,MALE,Bangalore,New,0,Mobile,Facebook,12.1,4,9,Books,Academic Book,1628,Yes,3535,Yes,5,Yes,Yes,3178,Debit Card,Standard,4,4.8
SES501824,CUST10964,2025-06-01 00:00:00,47,FEMALE,Pune,Returning,2,Mobile,Google,2.9,4,2,Fashion,Kurta,3773,No,0,No,0,No,No,0,Net Banking,Standard,,
SES505581,CUST10573,2025-08-04 00:00:00,29,FEMALE,Lucknow,Returning,3,Mobile,Instagram,22.1,10,5,Electronics,Bluetooth Speaker,21651,No,0,No,0,No,No,0,Credit Card,Standard,,
SES505771,CUST11608,2026-05-30 00:00:00,42,FEMALE,Ahmedabad,Returning,14,Mobile,Google,5.5,4,4,Fashion,Kurta,6266,No,0,No,0,No,No,0,credit card,Same Day,,
SES504545,CUST10747,2025-02-09 00:00:00,34,MALE,Delhi,New,1,Mobile,Instagram,10.5,2,2,Beauty,Face Wash,2308,Yes,5633,Yes,15,No,Yes,4221,Cash on Delivery,Express,3.6,3.3
SES500717,CUST11606,2025-11-23 00:00:00,23,MALE,Delhi,Returning,15,Mobile,Instagram,5.6,6,2,Beauty,Shampoo,2736,No,0,Yes,20,No,No,0,UPI,Standard,,
SES505375,CUST11038,2025-01-31 00:00:00,53,MALE,Delhi,Returning,15,Desktop,Instagram,1.4,11,2,Sports,Running Shoes,3822,No,0,No,0,No,No,0,Wallet,Express,,
SES505630,CUST10333,2025-04-26 00:00:00,31,MALE,Hyderabad,New,0,Mobile,Google,7.2,5,4,Home & Kitchen,Table Lamp,10372,No,0,Yes,20,Yes,No,0,Wallet,Standard,,
SES502049,CUST11125,2025-06-12 00:00:00,28,FEMALE,Bangalore,New,0,Desktop,Facebook,5.6,3,1,Sports,Football,6201,No,0,Yes,5,Yes,No,0,UPI,Standard,,
SES505265,CUST11553,2025-07-17 00:00:00,37,FEMALE,Delhi,New,0,Mobile,Google,10.7,3,4,Fashion,Kurta,3893,No,0,No,0,No,No,0,UPI,Express,,
SES504179,CUST11539,2025-11-13 00:00:00,24,MALE,Chennai,New,0,Mobile,Facebook,12,4,2,Electronics,Wireless Earbuds,9164,Yes,18157,No,0,No,No,0,Credit Card,Standard,,
SES504810,CUST11883,2025-02-10 00:00:00,30,MALE,Jaipur,Returning,10,Mobile,Facebook,11.9,9,5,Beauty,Face Wash,3864,Yes,4415,No,0,No,Yes,7211,Debit Card,Standard,4.8,4.2
SES502725,CUST10057,2025-02-02 00:00:00,24,MALE,Mumbai,New,0,Mobile,Instagram,9.8,6,6,Home & Kitchen,Coffee Maker,1283,No,0,Yes,10,No,No,0,Net Banking,Express,,
SES505873,CUST11833,2025-05-15 00:00:00,42,FEMALE,Delhi,Returning,12,Desktop,Email,22.1,9,5,Sports,Yoga Mat,3323,Yes,2728,No,0,No,No,0,Credit Card,Standard,,
SES501461,CUST12072,2025-05-30 00:00:00,32,MALE,Jaipur,New,0,Mobile,Google,8.9,2,4,Fashion,T-Shirt,6860,No,0,Yes,5,Yes,No,0,Credit Card,Express,,
SES501669,CUST11476,2025-05-08 00:00:00,19,MALE,Bangalore,Returning,2,Mobile,Instagram,2.6,7,1,Books,Business Book,989,No,0,Yes,5,Yes,No,0,Cash on Delivery,Standard,,
SES502757,CUST11681,2026-04-16 00:00:00,34,MALE,Lucknow,Returning,11,Mobile,Facebook,6.6,5,3,Books,Academic Book,2313,No,0,No,0,No,No,0,UPI,Express,,
SES502001,CUST10235,2025-01-31 00:00:00,31,MALE,Bangalore,Returning,14,Desktop,Instagram,14.4,4,4,Sports,Cricket Bat,4111,Yes,3606,No,0,No,No,0,UPI,Express,,
SES504572,CUST11520,2025-04-24 00:00:00,29,MALE,Delhi,Returning,9,Desktop,Direct,10.7,7,2,Fashion,Kurta,5379,Yes,10063,No,0,No,Yes,6372,UPI,Standard,4.7,3.8
SES504614,CUST10255,2025-03-23 00:00:00,39,FEMALE,Kolkata,New,0,Desktop,Google,5.2,5,4,Fashion,Jeans,1206,Yes,2764,No,0,No,Yes,2635,Credit Card,Standard,2.6,2.7
SES500405,CUST10676,2025-03-30 00:00:00,48,FEMALE,Lucknow,Returning,15,Mobile,Referral,2.1,8,7,Electronics,Power Bank,14300,No,0,Yes,15,Yes,No,0,Cash on Delivery,Express,,
SES500385,CUST11292,2025-03-03 00:00:00,26,FEMALE,Bangalore,Returning,3,Mobile,Google,8.1,5,3,Books,Fiction Book,1347,No,0,No,0,No,Yes,1410,UPI,Express,3.2,3.4
SES505416,CUST10135,2025-03-13 00:00:00,18,FEMALE,Lucknow,New,0,Tablet,YouTube,17.7,10,2,Fashion,Sneakers,6899,Yes,9049,Yes,5,No,No,0,Credit Card,Standard,,
SES502153,CUST10618,2025-09-29 00:00:00,26,MALE,Kolkata,Returning,13,Desktop,Email,8.3,8,3,Home & Kitchen,Bedsheet,4565,Yes,8780,Yes,20,No,Yes,6421,Net Banking,Standard,3.9,4.3
SES501634,CUST11005,2026-02-28 00:00:00,33,MALE,Jaipur,New,0,Mobile,Instagram,16.1,12,3,Beauty,Moisturizer,1108,Yes,919,No,0,No,Yes,1900,Credit Card,Standard,3,4
SES505525,CUST11064,2025-12-24 00:00:00,29,FEMALE,Pune,Returning,4,Mobile,Google,2.7,5,3,Home & Kitchen,Cookware Set,8823,Yes,12209,No,0,No,Yes,12341,Debit Card,Same Day,4.8,3.3
SES504785,CUST10294,2025-05-25 00:00:00,36,MALE,Delhi,Returning,2,Desktop,Instagram,4.7,6,6,Beauty,Moisturizer,4258,No,0,Yes,15,Yes,No,0,UPI,Same Day,,
SES503926,CUST10668,2025-01-24 00:00:00,35,MALE,Kolkata,Returning,6,Mobile,Referral,6.1,6,6,Books,Business Book,880,No,0,Yes,10,Yes,Yes,878,Wallet,Standard,4.3,3.3
SES504159,CUST10457,2026-02-10 00:00:00,18,MALE,Mumbai,Returning,12,Mobile,Referral,7.8,5,6,Fashion,Jacket,1579,No,0,No,0,No,No,0,UPI,Standard,,
SES504949,CUST11516,2026-06-14 00:00:00,41,FEMALE,Pune,Returning,10,Mobile,Direct,11.5,10,5,Electronics,Headphones,22529,No,0,Yes,15,Yes,No,0,UPI,Express,,
SES500224,CUST11705,2026-03-01 00:00:00,30,FEMALE,Bangalore,New,0,Mobile,Direct,9.9,4,4,Home & Kitchen,Bedsheet,1583,Yes,1662,No,0,No,No,0,Net Banking,Standard,,
SES502194,CUST10384,2025-02-28 00:00:00,24,FEMALE,Mumbai,Returning,8,Desktop,Referral,9.1,5,5,Books,Biography,1778,Yes,3678,Yes,30,Yes,Yes,2970,UPI,Standard,2.5,5
SES503137,CUST11857,2025-10-02 00:00:00,34,FEMALE,New Delhi,Returning,10,Mobile,Google,7.4,7,3,Beauty,Lipstick,2971,No,0,Yes,25,No,No,0,UPI,Express,,
SES504470,CUST10706,2025-01-14 00:00:00,18,MALE,Unknown,Returning,15,Mobile,Direct,3.6,7,2,Fashion,Sneakers,4472,Yes,9684,Yes,20,Yes,Yes,7380,Credit Card,Express,4.9,4.1
SES501825,CUST10537,2025-11-22 00:00:00,30,FEMALE,Mumbai,New,0,Mobile,Instagram,12.1,3,6,Electronics,Wireless Earbuds,1838,Yes,3350,Yes,25,Yes,Yes,3050,UPI,Standard,4.2,3.7
SES505751,CUST11724,2026-04-24 00:00:00,24,MALE,Delhi,New,0,Mobile,Google,11.1,6,7,Home & Kitchen,Storage Box,12984,Yes,29018,Yes,20,No,No,0,UPI,Standard,,
SES505125,CUST10840,2026-04-01 00:00:00,25,MALE,Mumbai,Returning,4,Mobile,Instagram,7.5,10,3,Home & Kitchen,Storage Box,12744,Yes,12879,No,0,No,No,0,Debit Card,Express,,
SES504973,CUST12126,2026-04-27 00:00:00,38,MALE,Lucknow,New,1,Mobile,Google,11.1,14,6,Fashion,Jacket,6702,Yes,10642,No,0,No,No,0,Cash on Delivery,Same Day,,
SES500798,CUST10601,2025-11-13 00:00:00,23,FEMALE,Delhi,New,0,Mobile,Google,6.4,7,6,Electronics,Power Bank,5977,No,0,Yes,10,No,No,0,Cash on Delivery,Standard,,
SES502872,CUST11828,2025-09-09 00:00:00,25,FEMALE,Lucknow,Returning,15,Tablet,YouTube,9.2,13,3,Electronics,Smart Watch,19242,No,0,No,0,No,No,0,Net Banking,Standard,,
SES500010,CUST11483,2025-08-06 00:00:00,39,FEMALE,Chennai,New,0,Mobile,Google,8,5,2,Books,Academic Book,331,No,0,Yes,25,No,No,0,cash on delivery,Same Day,,
SES501945,CUST10773,2026-04-16 00:00:00,37,MALE,Mumbai,Returning,9,Desktop,Email,5.5,7,5,Sports,Yoga Mat,11840,Yes,10877,No,0,No,Yes,11382,Net Banking,Express,4,4
SES501839,CUST11541,2026-02-06 00:00:00,35,FEMALE,Mumbai,New,0,Desktop,Facebook,10.8,9,3,Fashion,Kurta,5680,Yes,9687,No,0,No,Yes,6843,Wallet,Express,3.5,4.6
SES504805,CUST10491,2025-03-06 00:00:00,,MALE,Mumbai,Returning,4,Mobile,Instagram,8.7,4,3,Electronics,Power Bank,4776,Yes,11071,No,0,No,Yes,9396,Net Banking,Standard,3.5,3.8
SES500256,CUST11244,2026-01-14 00:00:00,42,MALE,Hyderabad,New,0,Mobile,Direct,18.5,6,3,Electronics,Smart Watch,24266,Yes,50571,Yes,20,No,Yes,22707,Net Banking,Standard,5,3.5
SES504486,CUST11110,2025-12-14 00:00:00,30,FEMALE,Bangalore,New,0,Mobile,Google,4.7,3,5,Beauty,Shampoo,1995,Yes,3702,Yes,20,Yes,Yes,3806,UPI,Standard,4.4,4.8
SES505433,CUST10070,2025-04-10 00:00:00,25,MALE,Hyderabad,New,0,Mobile,Instagram,11.1,6,1,Electronics,Wireless Earbuds,15890,Yes,27730,No,0,No,Yes,23671,Credit Card,Standard,3.7,4.1
SES501582,CUST10814,2025-10-16 00:00:00,44,FEMALE,Pune,New,0,Mobile,Instagram,6.6,7,6,Sports,Cricket Bat,9516,Yes,20843,Yes,10,No,Yes,11081,Debit Card,Standard,4.7,3.4
SES502957,CUST10686,2025-09-04 00:00:00,28,FEMALE,Kolkata,New,0,Mobile,Google,12.2,5,5,Fashion,Kurta,4311,Yes,9738,Yes,25,No,Yes,6872,Credit Card,Standard,2.9,5
SES500925,CUST12066,2025-06-20 00:00:00,22,MALE,Bangalore,New,0,Mobile,Google,6,5,7,Beauty,Perfume,2134,No,0,Yes,10,Yes,No,0,UPI,Express,,
SES505338,CUST10078,2025-06-20 00:00:00,33,FEMALE,Mumbai,New,1,Mobile,Facebook,4.5,6,3,Beauty,Lipstick,1669,No,0,Yes,20,Yes,No,0,UPI,Express,,
SES502509,CUST11133,2025-06-26 00:00:00,18,FEMALE,Chennai,Returning,5,Desktop,Google,27.5,7,5,Beauty,Face Wash,3684,Yes,4794,Yes,10,Yes,Yes,3698,upi,Standard,4,4.5
SES505025,CUST11606,2025-05-15 00:00:00,25,MALE,Bangalore,New,1,Desktop,Google,14.6,11,3,Home & Kitchen,Table Lamp,3363,Yes,7439,No,0,No,Yes,7209,UPI,Standard,4.9,3.2
SES505321,CUST10730,2025-10-17 00:00:00,22,MALE,Delhi,Returning,8,Mobile,Facebook,6.7,10,4,Electronics,Power Bank,21969,Yes,30405,Yes,15,Yes,Yes,25592,UPI,Standard,4.8,4.6
SES503776,CUST10688,2026-06-05 00:00:00,24,MALE,Mumbai,Returning,13,Mobile,Google,5.6,7,2,Electronics,Headphones,14663,Yes,18070,Yes,10,No,No,0,Credit Card,Standard,,
SES504836,CUST10902,2026-03-12 00:00:00,33,FEMALE,Kolkata,Returning,7,Mobile,Direct,8.1,3,8,Books,Self Help Book,401,No,0,Yes,15,Yes,Yes,739,UPI,Standard,5,3.7
SES504137,CUST10792,2025-11-20 00:00:00,26,MALE,Pune,New,0,Mobile,Google,6.9,8,6,Beauty,Face Wash,3527,No,0,No,0,No,No,0,Debit Card,Same Day,,
SES504965,CUST11945,2025-09-18 00:00:00,39,FEMALE,Delhi,Returning,10,Desktop,Google,17,9,2,Beauty,Shampoo,1439,Yes,1555,No,0,No,Yes,3069,UPI,Express,3.8,3.9
SES502780,CUST11590,2025-03-15 00:00:00,51,MALE,Chennai,Returning,14,Desktop,Google,6,11,2,Electronics,Bluetooth Speaker,13873,No,0,Yes,20,Yes,No,0,Cash on Delivery,Standard,,
SES500540,CUST10010,2025-06-09 00:00:00,34,FEMALE,Hyderabad,New,0,Mobile,YouTube,3.9,8,9,Sports,Running Shoes,1824,Yes,3518,Yes,25,Yes,Yes,3488,UPI,Express,3.7,4.9
SES502746,CUST11099,2025-05-24 00:00:00,39,FEMALE,Jaipur,Returning,8,Mobile,Direct,12.7,6,6,Home & Kitchen,Table Lamp,11620,Yes,13495,Yes,10,Yes,No,0,Credit Card,Standard,,
SES505422,CUST11580,2025-02-15 00:00:00,39,MALE,Pune,Returning,6,Mobile,Referral,7.8,8,7,Sports,Cricket Bat,3781,No,0,No,0,No,No,0,UPI,Standard,,
SES505507,CUST10997,2025-12-25 00:00:00,18,FEMALE,Jaipur,Returning,2,Mobile,Google,10.8,8,3,Books,Business Book,1986,No,0,No,0,No,Yes,2247,UPI,Standard,3.9,2.9
SES501146,CUST10389,2025-09-01 00:00:00,29,FEMALE,Kolkata,New,0,Desktop,Email,6.7,6,1,Electronics,Bluetooth Speaker,30815,Yes,52167,No,0,No,Yes,51774,Debit Card,Standard,4.1,4.5
SES505128,CUST11408,2025-02-09 00:00:00,28,MALE,Bangalore,Returning,5,Mobile,Email,6.5,8,3,Fashion,Jeans,2649,No,0,Yes,5,No,No,0,UPI,Same Day,,
SES504469,CUST11873,2025-12-03 00:00:00,53,MALE,Lucknow,New,0,Tablet,Google,13.3,7,5,Fashion,Jacket,4805,Yes,8184,No,0,No,Yes,7864,UPI,Standard,3.8,3.8
SES500668,CUST10726,2026-02-20 00:00:00,35,MALE,Chennai,Returning,9,Tablet,Facebook,16.5,7,3,Sports,Cricket Bat,9778,Yes,8987,Yes,15,Yes,Yes,13031,Net Banking,Express,4.2,4.5
SES503020,CUST10944,2026-06-04 00:00:00,27,FEMALE,Chennai,New,0,Mobile,Referral,7.1,6,3,Beauty,Shampoo,4614,No,0,No,0,No,No,0,Wallet,Standard,,
SES500358,CUST12142,2026-05-31 00:00:00,26,FEMALE,Mumbai,New,0,Mobile,Google,14.4,4,3,Home & Kitchen,Coffee Maker,11608,Yes,18101,No,0,No,Yes,15053,UPI,Standard,4.3,3
SES505064,CUST10862,2025-11-12 00:00:00,45,MALE,Bangalore,New,0,Desktop,Google,21.9,7,8,Sports,Running Shoes,2823,No,0,No,0,No,No,0,Cash on Delivery,Standard,,
SES502832,CUST11809,2025-02-24 00:00:00,53,FEMALE,Mumbai,Returning,12,Desktop,Google,3.1,6,4,Electronics,Smart Watch,24827,Yes,56917,No,0,No,Yes,50333,Credit Card,Same Day,4,3.7
SES502784,CUST11012,2026-04-30 00:00:00,34,FEMALE,Bangalore,New,0,Mobile,Google,6.5,5,1,Electronics,Wireless Earbuds,23325,Yes,45631,No,0,No,Yes,23101,Credit Card,Standard,3.8,3.3
SES501354,CUST11014,2025-03-15 00:00:00,22,FEMALE,Chennai,New,0,Mobile,Direct,9.8,7,1,Fashion,T-Shirt,5084,No,0,No,0,No,No,0,Credit Card,Standard,,
SES505132,CUST10611,2026-02-11 00:00:00,18,MALE,Pune,New,0,Mobile,Instagram,11.6,6,4,Beauty,Moisturizer,3060,No,0,No,0,No,No,0,Credit Card,Express,,
SES500471,CUST10091,2025-09-17 00:00:00,28,MALE,Bangalore,New,0,Mobile,Google,9.8,5,6,Books,Self Help Book,346,No,0,No,0,No,No,0,Debit Card,Standard,,
SES502704,CUST10163,2026-05-21 00:00:00,32,MALE,Bangalore,New,1,Mobile,Instagram,4.3,7,3,Beauty,Shampoo,3053,No,0,No,0,No,No,0,UPI,Standard,,
SES503331,CUST10331,2026-05-23 00:00:00,27,FEMALE,Jaipur,Returning,8,Desktop,Google,19.6,7,2,Home & Kitchen,Storage Box,4337,Yes,8389,No,0,No,No,0,Net Banking,Standard,,
SES503638,CUST10019,2025-06-12 00:00:00,42,MALE,Hyderabad,Returning,14,Mobile,Email,13.2,7,4,Sports,Cricket Bat,4636,No,0,No,0,No,No,0,Debit Card,Standard,,
SES501397,CUST10143,2026-02-04 00:00:00,44,FEMALE,Bangalore,Returning,12,Mobile,Instagram,5.2,8,9,Fashion,Jacket,5070,No,0,Yes,20,Yes,No,0,UPI,Same Day,,
SES503585,CUST10392,2025-06-07 00:00:00,51,FEMALE,Jaipur,New,0,Desktop,Direct,4.5,3,6,Electronics,Smart Watch,20087,No,0,Yes,15,Yes,No,0,Credit Card,Express,,
SES505410,CUST10752,2025-11-30 00:00:00,20,MALE,Kolkata,Returning,15,Desktop,Email,7.3,6,4,Home & Kitchen,Table Lamp,13521,No,0,Yes,5,Yes,No,0,UPI,Standard,,
SES505263,CUST10557,2025-10-02 00:00:00,32,MALE,Mumbai,Returning,14,Desktop,Facebook,3.1,7,4,Books,Biography,883,No,0,No,0,No,No,0,UPI,Standard,,
SES503377,CUST10823,2025-05-25 00:00:00,40,MALE,Hyderabad,New,0,Mobile,Instagram,13.8,6,3,Electronics,Headphones,12257,Yes,20783,Yes,15,Yes,Yes,11454,Debit Card,Standard,3.2,3.9
SES501257,CUST11548,2025-07-26 00:00:00,29,MALE,Bangalore,New,1,Desktop,Google,2.2,5,4,Fashion,T-Shirt,3452,No,0,No,0,No,No,0,UPI,Standard,,
SES503513,CUST10635,2025-04-05 00:00:00,29,FEMALE,Mumbai,Returning,5,Mobile,Referral,3.6,5,3,Sports,Cricket Bat,9699,No,0,Yes,25,Yes,Yes,16972,Debit Card,Standard,3.7,3.6
SES501251,CUST11055,2025-12-09 00:00:00,34,MALE,Kolkata,Returning,7,Mobile,Direct,5.8,5,4,Beauty,Shampoo,4296,Yes,7761,Yes,25,No,Yes,6719,Cash on Delivery,Standard,3.2,5
SES505349,CUST11758,2026-03-22 00:00:00,25,MALE,Bangalore,New,0,Mobile,Email,7.9,8,2,Electronics,Power Bank,1261,No,0,Yes,5,No,No,0,Cash on Delivery,Same Day,,
SES505796,CUST12188,2026-04-25 00:00:00,37,MALE,Bangalore,Returning,7,Desktop,Referral,20.3,4,6,Books,Academic Book,1409,Yes,1470,No,0,No,Yes,2770,Credit Card,Express,3.9,5
SES504299,CUST11874,2025-06-22 00:00:00,33,MALE,Delhi,New,0,Mobile,Instagram,13.5,7,4,Electronics,Bluetooth Speaker,5532,Yes,6910,Yes,10,Yes,Yes,10532,UPI,Express,3.6,3.6
SES503285,CUST10284,2026-04-29 00:00:00,55,MALE,Mumbai,Returning,5,Mobile,Instagram,13.4,10,2,Fashion,Kurta,5396,No,0,Yes,25,Yes,No,0,Wallet,Standard,,
SES502934,CUST11128,2025-05-03 00:00:00,39,MALE,Ahmedabad,Returning,11,Mobile,Direct,9.3,9,5,Sports,Yoga Mat,5271,No,0,No,0,No,No,0,Credit Card,Standard,,
SES504176,CUST11904,2025-10-18 00:00:00,44,FEMALE,Hyderabad,Returning,7,Mobile,Email,5.5,3,4,Home & Kitchen,Storage Box,4419,Yes,10408,No,0,No,Yes,5283,UPI,Same Day,4.1,4.6
SES505269,CUST12180,2026-01-31 00:00:00,31,MALE,Bangalore,Returning,8,Mobile,YouTube,11.1,10,4,Home & Kitchen,Bedsheet,2472,No,0,Yes,5,Yes,No,0,Credit Card,Standard,,
SES504911,CUST11188,2026-02-10 00:00:00,35,MALE,Pune,Returning,14,Mobile,Google,12.8,6,4,Fashion,Kurta,6887,No,0,No,0,No,No,0,Credit Card,Standard,,
SES501853,CUST11180,2025-02-12 00:00:00,26,FEMALE,Mumbai,New,0,Mobile,Referral,11.1,7,5,Sports,Running Shoes,11714,Yes,11288,Yes,10,Yes,No,0,UPI,Standard,,
SES505643,CUST10055,2025-11-20 00:00:00,28,FEMALE,Bangalore,New,0,Desktop,Email,10,9,2,Electronics,Wireless Earbuds,33789,Yes,57573,Yes,10,Yes,Yes,62560,Debit Card,Standard,4.4,3.7
SES505876,CUST11549,2025-02-09 00:00:00,18,FEMALE,Mumbai,New,0,Mobile,Google,12,9,3,Fashion,Sneakers,625,Yes,856,Yes,5,Yes,Yes,484,UPI,Standard,2.8,4.3
SES502106,CUST11776,2025-08-19 00:00:00,55,MALE,Chennai,Returning,5,Mobile,Google,14.3,7,11,Home & Kitchen,Table Lamp,892,Yes,952,Yes,5,No,Yes,870,Debit Card,Standard,4.5,3.9
SES500134,CUST11435,2025-05-21 00:00:00,44,FEMALE,Ahmedabad,Returning,11,Desktop,Google,7.9,6,4,Home & Kitchen,Coffee Maker,9926,No,0,No,0,No,No,0,Credit Card,Express,,
SES505237,CUST10427,2026-02-13 00:00:00,18,FEMALE,Delhi,Returning,11,Mobile,Google,11.7,10,7,Home & Kitchen,Storage Box,1292,No,0,No,0,No,No,0,Credit Card,Same Day,,
SES505030,CUST11385,2025-04-22 00:00:00,33,FEMALE,Kolkata,Returning,13,Mobile,Google,6.8,10,3,Beauty,Face Wash,4208,Yes,8875,No,0,No,No,0,UPI,Express,,
SES500929,CUST10988,2026-05-14 00:00:00,32,MALE,Delhi,New,0,Mobile,Facebook,35,6,2,Electronics,Wireless Earbuds,12636,Yes,23984,No,0,No,Yes,12600,UPI,Standard,2.9,3.8
SES500824,CUST12036,2025-12-09 00:00:00,18,MALE,Delhi,Returning,11,Mobile,Referral,6.9,6,1,Books,Self Help Book,1164,Yes,2461,No,0,No,Yes,1291,Debit Card,Standard,3.8,2.5
SES505477,CUST10194,2025-06-14 00:00:00,26,MALE,Jaipur,New,0,Mobile,Instagram,8.3,11,6,Books,Business Book,2248,No,0,No,0,No,No,0,Cash on Delivery,Standard,,
SES501532,CUST11275,2025-03-27 00:00:00,19,MALE,Delhi,New,0,Mobile,Unknown,1.3,3,4,Books,Biography,1159,Yes,1294,No,0,No,No,0,UPI,Standard,,
SES501215,CUST10038,2026-01-01 00:00:00,29,MALE,Hyderabad,New,0,Mobile,Facebook,3.1,9,5,Fashion,T-Shirt,4858,No,0,No,0,No,No,0,Debit Card,Standard,,
SES500505,CUST11251,2025-04-26 00:00:00,50,FEMALE,Delhi,New,0,Mobile,Email,8.7,6,3,Fashion,Jeans,2227,Yes,4743,No,0,No,No,0,UPI,Express,,
SES504286,CUST10830,2026-03-20 00:00:00,32,MALE,Mumbai,Returning,11,Tablet,YouTube,0.5,9,5,Fashion,T-Shirt,4712,No,0,Yes,20,No,No,0,Credit Card,Standard,,
SES501997,CUST11760,2025-11-09 00:00:00,24,MALE,Pune,Returning,15,Desktop,YouTube,13.7,5,3,Sports,Running Shoes,9064,No,0,No,0,No,No,0,Cash on Delivery,Standard,,
SES503073,CUST10221,2025-07-26 00:00:00,25,FEMALE,Mumbai,Returning,15,Mobile,Google,7.2,3,3,Beauty,Lipstick,2392,Yes,4365,No,0,No,Yes,4481,UPI,Standard,4.8,3.3
SES501959,CUST10378,2025-07-07 00:00:00,43,MALE,Mumbai,New,0,Desktop,Referral,3.8,12,2,Beauty,Perfume,3674,No,0,Yes,20,Yes,No,0,Cash on Delivery,Express,,
SES501385,CUST10936,2025-08-30 00:00:00,24,MALE,Chennai,Returning,2,Mobile,Facebook,4.5,12,3,Beauty,Lipstick,3228,No,0,Yes,10,Yes,No,0,UPI,Standard,,
SES500895,CUST10025,2025-10-14 00:00:00,31,MALE,Kolkata,Returning,12,Mobile,YouTube,5.4,2,6,Beauty,Shampoo,1017,No,0,No,0,No,Yes,1823,Credit Card,Same Day,4.9,2.7
SES504925,CUST11175,2025-12-05 00:00:00,36,FEMALE,Bangalore,Returning,14,Tablet,Direct,7.2,8,6,Fashion,Kurta,2889,Yes,3260,Yes,20,Yes,Yes,2903,UPI,Standard,3.6,2.9
SES500456,CUST12077,2025-09-15 00:00:00,29,MALE,Delhi,Returning,15,Mobile,Google,6.2,5,8,Fashion,Kurta,6036,No,0,Yes,10,Yes,No,0,Debit Card,Standard,,
SES505589,CUST10772,2026-03-14 00:00:00,25,FEMALE,Chennai,New,0,Mobile,Google,9.8,11,5,Fashion,Jacket,4529,No,0,Yes,15,Yes,Yes,5515,UPI,Standard,3.3,3.6
SES503710,CUST10179,2025-11-14 00:00:00,49,FEMALE,Mumbai,New,0,Mobile,Referral,13.3,10,3,Electronics,Bluetooth Speaker,10233,Yes,21550,Yes,20,Yes,Yes,8426,Credit Card,Standard,4.8,4.4
SES505564,CUST10071,2025-09-10 00:00:00,47,FEMALE,Delhi,Returning,12,Desktop,Instagram,17.3,6,4,Fashion,Sneakers,1212,No,0,No,0,No,No,0,Credit Card,Standard,,
SES504850,CUST11773,2025-03-23 00:00:00,18,MALE,Chennai,New,0,Mobile,YouTube,6.3,11,4,Fashion,Jeans,4265,Yes,5400,Yes,15,No,Yes,7524,UPI,Express,4.6,5
SES504749,CUST11142,2025-06-12 00:00:00,31,MALE,Lucknow,Returning,7,Desktop,Direct,8.2,6,7,Home & Kitchen,Coffee Maker,7268,Yes,11899,Yes,20,No,Yes,8507,Cash on Delivery,Standard,4.9,5
SES504269,CUST11460,2026-01-12 00:00:00,39,FEMALE,Delhi,Returning,7,Desktop,Facebook,9.7,3,3,Electronics,Bluetooth Speaker,17354,Yes,23072,Yes,30,Yes,Yes,15424,UPI,Standard,3.6,4.1
SES503523,CUST11531,2025-08-25 00:00:00,42,FEMALE,Chennai,New,1,Mobile,Google,12.5,7,4,Beauty,Lipstick,2931,No,0,No,0,Unknown,No,0,Wallet,Standard,,
SES504135,CUST10758,2025-09-19 00:00:00,26,MALE,Delhi,New,0,Mobile,Google,5.3,5,6,Sports,Cricket Bat,9502,Yes,16643,Yes,5,Yes,Yes,9098,UPI,Standard,3.7,3.6
SES503603,CUST11206,2025-12-25 00:00:00,54,FEMALE,Hyderabad,Returning,12,Mobile,Email,23.8,4,4,Fashion,T-Shirt,5707,Yes,13864,No,0,No,Yes,7303,UPI,Standard,4.9,2.9
SES500714,CUST11313,2025-02-08 00:00:00,28,MALE,Hyderabad,New,1,Desktop,Email,9.1,7,5,Home & Kitchen,Coffee Maker,10873,No,0,Yes,25,No,No,0,Debit Card,Standard,,
SES504187,CUST11815,2025-05-01 00:00:00,22,MALE,Chennai,Returning,14,Desktop,Instagram,8.3,9,5,Fashion,T-Shirt,6460,No,0,No,0,No,No,0,UPI,Standard,,
SES502215,CUST11081,2026-05-09 00:00:00,54,MALE,Delhi,New,0,Mobile,Direct,6.8,7,6,Electronics,Bluetooth Speaker,15787,Yes,16805,Yes,10,No,Yes,34346,UPI,Express,3.4,4.7
SES505302,CUST10860,2025-11-05 00:00:00,28,FEMALE,Kolkata,New,0,Mobile,Facebook,12,4,5,Fashion,Jeans,1490,No,0,No,0,No,No,0,UPI,Express,,
SES502924,CUST10644,2025-08-03 00:00:00,36,FEMALE,Delhi,Returning,5,Mobile,Referral,16.3,6,7,Beauty,Perfume,1859,No,0,Yes,15,Yes,No,0,Credit Card,Standard,,
SES501811,CUST11561,2026-02-06 00:00:00,26,FEMALE,Bangalore,Returning,9,Mobile,Instagram,3.8,5,5,Sports,Running Shoes,11372,Yes,10219,No,0,No,No,0,Debit Card,Express,,
SES503487,CUST11097,2025-08-11 00:00:00,40,FEMALE,Delhi,New,0,Desktop,Direct,12,7,1,Books,Fiction Book,393,No,0,Yes,10,Yes,No,0,Credit Card,Standard,,
SES503142,CUST11112,2025-11-17 00:00:00,19,MALE,Mumbai,Returning,10,Desktop,Google,9,10,3,Electronics,Power Bank,6416,Yes,6855,No,0,No,Yes,7788,Credit Card,Standard,3.4,4.2
SES501828,CUST10128,2025-11-30 00:00:00,25,MALE,Hyderabad,Returning,13,Mobile,Google,13.2,4,2,Books,Self Help Book,1537,No,0,No,0,No,No,0,UPI,Express,,
SES501156,CUST11999,2026-05-17 00:00:00,25,MALE,Pune,Returning,10,Mobile,Instagram,5.4,9,4,Home & Kitchen,Bedsheet,13037,Yes,12357,No,0,No,No,0,Debit Card,Standard,,
SES501325,CUST10934,2026-06-19 00:00:00,40,MALE,Jaipur,New,0,Desktop,Email,6.1,6,8,Electronics,Smart Watch,24172,No,0,No,0,No,No,0,Credit Card,Express,,
SES504313,CUST11183,2025-03-29 00:00:00,18,MALE,Mumbai,Returning,2,Mobile,YouTube,9.1,6,3,Home & Kitchen,Cookware Set,6120,No,0,Yes,10,No,Yes,8267,Wallet,Standard,2.8,4
SES500511,CUST11167,2025-06-21 00:00:00,43,FEMALE,Bangalore,Returning,13,Mobile,Google,6.1,4,4,Fashion,Kurta,6827,Yes,15760,Yes,10,Yes,No,0,Cash on Delivery,Express,,
SES501681,CUST11807,2025-08-24 00:00:00,49,FEMALE,Jaipur,Returning,7,Desktop,Direct,12.3,8,2,Electronics,Wireless Earbuds,4492,No,0,Yes,25,Yes,No,0,Debit Card,Standard,,
SES500500,CUST11173,2025-12-15 00:00:00,28,MALE,Hyderabad,New,0,Mobile,Email,4.7,9,1,Electronics,Power Bank,3791,No,0,No,0,No,No,0,Credit Card,Standard,,
SES505468,CUST11782,2025-05-06 00:00:00,29,MALE,Mumbai,Returning,14,Mobile,Google,3.1,6,8,Home & Kitchen,Bedsheet,9077,No,0,No,0,No,No,0,Debit Card,Express,,
SES501857,CUST10609,2025-12-29 00:00:00,41,MALE,Lucknow,Returning,14,Mobile,Email,5,8,3,Electronics,Headphones,31152,No,0,Yes,30,No,No,0,UPI,Standard,,
SES501389,CUST10002,2025-09-12 00:00:00,42,MALE,Delhi,Returning,10,Desktop,Email,5.8,13,6,Beauty,Perfume,1542,No,0,Yes,20,No,No,0,Credit Card,Standard,,
SES503720,CUST10925,2025-02-25 00:00:00,43,FEMALE,Ahmedabad,New,0,Mobile,Direct,4.3,10,6,Home & Kitchen,Cookware Set,924,Yes,875,No,0,No,Yes,1124,Debit Card,Standard,4.3,3.8
SES502387,CUST11144,2025-01-19 00:00:00,52,MALE,Bangalore,Returning,3,Desktop,Direct,5.5,3,3,Beauty,Shampoo,3103,Yes,7021,No,0,No,Yes,3527,Credit Card,Same Day,5,3.7
SES503237,CUST11436,2025-11-08 00:00:00,31,FEMALE,Mumbai,New,0,Mobile,Google,12.3,6,4,Home & Kitchen,Table Lamp,12997,No,0,Yes,20,Yes,No,0,UPI,Standard,,
SES501541,CUST10198,2026-05-25 00:00:00,18,FEMALE,Delhi,New,0,Desktop,Google,8.5,7,7,Electronics,Bluetooth Speaker,6912,No,0,Yes,20,No,Yes,9285,Debit Card,Express,3.8,5
SES501218,CUST11626,2026-03-24 00:00:00,38,MALE,Bangalore,New,1,Tablet,Direct,22,4,2,Fashion,Sneakers,3016,No,0,Yes,10,Yes,No,0,UPI,Express,,
SES502682,CUST12195,2025-11-08 00:00:00,32,MALE,Delhi,New,0,Desktop,Direct,5.2,7,7,Home & Kitchen,Storage Box,9989,Yes,22809,No,0,No,Yes,19077,UPI,Same Day,3.9,4.1
SES502994,CUST10620,2025-09-02 00:00:00,38,MALE,Mumbai,Returning,4,Tablet,Google,3.1,12,3,Home & Kitchen,Cookware Set,13855,No,0,Yes,15,No,No,0,Cash on Delivery,Standard,,
SES501192,CUST10160,2025-08-10 00:00:00,47,MALE,Ahmedabad,New,0,Mobile,Instagram,5.5,6,2,Beauty,Shampoo,2531,Yes,5999,Yes,20,Yes,Yes,2315,Credit Card,Standard,4.5,4.4
SES505294,CUST11070,2025-01-26 00:00:00,36,FEMALE,Bangalore,New,0,Mobile,Direct,7.1,8,4,Electronics,Smart Watch,5452,Yes,8666,Yes,15,Yes,No,0,Debit Card,Standard,,
SES501543,CUST11185,2025-01-02 00:00:00,26,MALE,Lucknow,Returning,11,Tablet,Direct,6.5,8,4,Books,Biography,775,Yes,1669,Yes,20,Yes,No,0,UPI,Same Day,,
SES503302,CUST11780,2025-01-13 00:00:00,33,FEMALE,Jaipur,New,0,Mobile,Instagram,0.8,7,5,Books,Academic Book,1129,No,0,Yes,20,Yes,No,0,UPI,Express,,
SES503325,CUST10944,2026-01-19 00:00:00,31,MALE,Bangalore,New,0,Mobile,Email,8.1,8,5,Fashion,Jeans,4691,Yes,7166,No,0,No,Yes,7584,Debit Card,Express,4.9,3.7
SES502540,CUST10210,2025-12-29 00:00:00,18,MALE,Delhi,New,1,Mobile,Direct,14,3,4,Fashion,Sneakers,965,Yes,2309,No,0,No,No,0,Credit Card,Express,,
SES500954,CUST11112,2025-09-13 00:00:00,36,MALE,Kolkata,New,0,Desktop,Instagram,8.4,8,2,Books,Self Help Book,692,No,0,No,0,No,Yes,1315,Debit Card,Express,3.9,3.8
SES504847,CUST11984,2026-01-15 00:00:00,51,FEMALE,Pune,Returning,7,Mobile,Instagram,4.2,6,4,Electronics,Power Bank,16051,Yes,31821,No,0,No,No,0,UPI,Standard,,
SES504331,CUST10927,2026-02-09 00:00:00,29,MALE,Bangalore,New,0,Mobile,Instagram,12.4,6,5,Fashion,Jeans,1422,No,0,No,0,No,No,0,Cash on Delivery,Same Day,,
SES500733,CUST10646,2025-06-24 00:00:00,20,MALE,Delhi,New,1,Desktop,Referral,15.6,10,4,Books,Fiction Book,1998,Yes,4888,No,0,No,No,0,UPI,Express,,
SES501157,CUST10399,2025-09-20 00:00:00,18,FEMALE,Bangalore,New,0,Mobile,Google,11.1,13,4,Electronics,Wireless Earbuds,23167,Yes,30563,No,0,No,Yes,47348,UPI,Standard,4.6,4.6
SES505588,CUST11998,2026-06-22 00:00:00,39,FEMALE,Bangalore,New,0,Mobile,Instagram,2.3,3,1,Electronics,Headphones,28948,Yes,43921,Yes,15,Yes,Yes,28726,Credit Card,Standard,4,4.4
SES503295,CUST10176,2026-02-27 00:00:00,43,MALE,Delhi,Returning,8,Mobile,Instagram,8.9,9,7,Home & Kitchen,Cookware Set,12740,Yes,22338,No,0,No,Yes,26632,Cash on Delivery,Standard,2.9,3
SES502983,CUST11856,2026-05-28 00:00:00,32,FEMALE,Delhi,Returning,10,Desktop,Google,13.9,8,3,Books,Academic Book,2411,Yes,5837,Yes,15,Yes,Yes,4435,UPI,Standard,4,3.3
SES505306,CUST11358,2025-04-05 00:00:00,34,FEMALE,Pune,Returning,10,Mobile,Google,21.1,6,7,Beauty,Perfume,1140,Yes,2535,No,0,No,Yes,2197,Cash on Delivery,Standard,2.8,4.9
SES505162,CUST10065,2025-09-10 00:00:00,27,FEMALE,Delhi,New,0,Mobile,Instagram,15.5,8,5,Electronics,Headphones,4204,No,0,Yes,20,No,No,0,UPI,Express,,
SES502157,CUST10163,2025-03-21 00:00:00,37,FEMALE,Bangalore,Returning,3,Mobile,Google,13.7,6,4,Fashion,T-Shirt,2580,No,0,No,0,No,No,0,Debit Card,Standard,,
SES501063,CUST10025,2026-02-21 00:00:00,37,FEMALE,Mumbai,New,0,Desktop,YouTube,10.1,10,2,Fashion,T-Shirt,816,Yes,666,Yes,15,Yes,Yes,950,UPI,Standard,4.3,4.3
SES502617,CUST12170,2026-06-08 00:00:00,42,MALE,Hyderabad,Returning,8,Desktop,YouTube,5,9,6,Beauty,Lipstick,382,Yes,689,No,0,No,No,0,Net Banking,Express,,
SES501168,CUST11086,2026-02-09 00:00:00,27,FEMALE,Kolkata,Returning,14,Mobile,YouTube,3.3,7,4,Electronics,Headphones,21952,No,0,Yes,10,Yes,No,0,Debit Card,Standard,,
SES503223,CUST11550,2025-01-16 00:00:00,45,MALE,Mumbai,New,0,Mobile,YouTube,19.1,5,2,Books,Fiction Book,2227,No,0,No,0,No,No,0,Credit Card,Standard,,
SES503637,CUST10383,2025-05-16 00:00:00,32,FEMALE,Kolkata,New,0,Mobile,Google,18.4,6,5,Sports,Yoga Mat,6920,No,0,No,0,No,No,0,Credit Card,Express,,
SES502939,CUST10434,2026-03-04 00:00:00,41,FEMALE,Hyderabad,New,1,Mobile,Direct,18.1,4,7,Electronics,Power Bank,32363,Yes,35726,Yes,10,Yes,No,0,UPI,Standard,,
SES504492,CUST12036,2025-04-30 00:00:00,35,FEMALE,Delhi,Returning,9,Mobile,Direct,3,5,7,Sports,Football,3397,Yes,4175,No,0,No,Yes,3036,Debit Card,Express,4.7,3.8
SES503141,CUST10895,2026-03-16 00:00:00,39,FEMALE,Pune,New,0,Mobile,YouTube,5.2,4,3,Electronics,Headphones,12861,No,0,Yes,20,Yes,No,0,UPI,Express,,
SES504981,CUST11812,2025-10-02 00:00:00,25,FEMALE,Mumbai,Returning,2,Desktop,Email,4.1,7,6,Home & Kitchen,Bedsheet,9364,No,0,No,0,No,No,0,Wallet,Same Day,,
SES500144,CUST11854,2025-08-18 00:00:00,18,MALE,Jaipur,Returning,9,Mobile,YouTube,18.8,9,3,Beauty,Shampoo,4643,Yes,9778,Yes,10,Yes,Yes,4999,UPI,Standard,4.1,5
SES503578,CUST11231,2026-02-18 00:00:00,18,MALE,Kolkata,New,0,Mobile,Instagram,6.3,14,4,Electronics,Wireless Earbuds,18767,Yes,38845,No,0,No,Yes,36039,Cash on Delivery,Express,5,4.4
SES504947,CUST10384,2025-05-06 00:00:00,37,FEMALE,Jaipur,Returning,8,Mobile,Facebook,12.3,3,1,Books,Biography,740,No,0,No,0,No,No,0,Cash on Delivery,Standard,,
SES502783,CUST10160,2025-08-02 00:00:00,18,MALE,Delhi,Returning,5,Mobile,YouTube,9,7,8,Electronics,Wireless Earbuds,34830,No,0,Yes,20,Yes,No,0,Credit Card,Standard,,
SES500718,CUST11527,2025-08-31 00:00:00,38,MALE,Delhi,Returning,11,Mobile,Facebook,7.4,5,3,Fashion,Jacket,3248,Yes,5959,Yes,10,Yes,Yes,4070,Credit Card,Standard,4.5,2.4
SES501820,CUST10238,2025-09-30 00:00:00,18,MALE,Delhi,Returning,7,Desktop,Referral,4.7,8,5,Fashion,Jeans,2285,No,0,Yes,10,Yes,No,0, UPI ,Express,,
SES502503,CUST12175,2026-03-28 00:00:00,30,MALE,Jaipur,New,0,Mobile,Direct,21.9,4,7,Books,Fiction Book,696,Yes,1701,No,0,No,Yes,852,Debit Card,Standard,3.8,3.5
SES504361,CUST10845,2026-01-15 00:00:00,23,FEMALE,Hyderabad,Returning,9,Mobile,Facebook,12,6,3,Beauty,Perfume,2722,Yes,6143,Yes,10,Yes,Yes,5027,Debit Card,Express,2.9,3.5
SES504172,CUST10979,2025-12-22 00:00:00,28,FEMALE,Bangalore,New,0,Mobile,Facebook,6.3,8,3,Beauty,Moisturizer,4931,No,0,Yes,20,Yes,No,0,Cash on Delivery,Standard,,
SES500396,CUST11626,2025-11-25 00:00:00,48,MALE,Bangalore,New,1,Mobile,Facebook,1.6,3,5,Fashion,Sneakers,6213,No,0,Yes,10,Yes,No,0,Debit Card,Standard,,
SES505832,CUST11076,2025-06-19 00:00:00,18,FEMALE,Mumbai,New,0,Mobile,Direct,13.1,6,6,Home & Kitchen,Table Lamp,1962,Yes,1607,Yes,15,Yes,Yes,2563,Credit Card,Standard,4.5,4
SES504493,CUST10858,2025-02-09 00:00:00,42,MALE,Kolkata,New,0,Mobile,Google,3,5,3,Electronics,Wireless Earbuds,13849,No,0,No,0,No,No,0,UPI,Standard,,
SES501366,CUST10607,2025-12-02 00:00:00,26,FEMALE,Delhi,New,0,Mobile,Google,18.4,7,7,Beauty,Face Wash,578,Yes,929,Yes,30,Yes,Yes,1124,UPI,Standard,3.6,3.9
SES505494,CUST11554,2025-08-23 00:00:00,40,MALE,Kolkata,Returning,10,Mobile,Direct,18.2,6,4,Electronics,Bluetooth Speaker,9994,Yes,16888,No,0,No,No,0,Credit Card,Express,,
SES500596,CUST11253,2026-04-18 00:00:00,32,FEMALE,Bangalore,New,0,Mobile,Instagram,4.7,7,5,Fashion,Sneakers,3244,No,0,Yes,15,No,No,0,UPI,Standard,,
SES503953,CUST10137,2025-10-20 00:00:00,25,MALE,Kolkata,New,0,Mobile,Direct,9.1,9,5,Home & Kitchen,Storage Box,13601,Yes,28280,Yes,10,Yes,Yes,15757,UPI,Express,4.5,3.2
SES505393,CUST10642,2026-04-10 00:00:00,19,MALE,Jaipur,New,0,Mobile,Instagram,4.3,3,3,Beauty,Face Wash,2046,No,0,Yes,5,Yes,No,0,Credit Card,Express,,
SES504969,CUST10899,2025-09-08 00:00:00,57,MALE,Delhi,Returning,8,Mobile,Facebook,7.9,9,3,Fashion,Kurta,5339,Yes,6552,No,0,No,Yes,5156,UPI,Same Day,2.5,3.3
SES502915,CUST10720,2025-01-19 00:00:00,18,FEMALE,Pune,Returning,2,Mobile,Direct,5.1,4,5,Electronics,Smart Watch,13960,No,0,No,0,No,No,0,UPI,Standard,,
SES502327,CUST10289,2025-06-22 00:00:00,25,FEMALE,Chennai,New,0,Mobile,Google,2.2,6,4,Sports,Football,10503,No,0,Yes,20,Yes,No,0,Cash on Delivery,Standard,,
SES503767,CUST11470,2025-11-15 00:00:00,25,MALE,Pune,New,0,Desktop,Google,14.8,12,4,Sports,Football,11955,Yes,22912,Yes,15,Yes,Yes,16622,Credit Card,Express,4.2,4
SES503441,CUST10674,2025-11-16 00:00:00,24,MALE,Mumbai,New,1,Mobile,Instagram,4.6,7,5,Fashion,Jacket,6549,Yes,13228,Yes,20,No,Yes,6210,UPI,Standard,4.8,5
SES503852,CUST12034,2025-06-13 00:00:00,22,FEMALE,Ahmedabad,Returning,7,Mobile,Instagram,12.2,10,6,Beauty,Perfume,4127,Yes,6675,No,0,No,No,0,Debit Card,Express,,
SES504133,CUST11311,2025-10-30 00:00:00,32,MALE,Chennai,New,0,Desktop,Email,9,7,3,Home & Kitchen,Storage Box,5767,Yes,13001,No,0,No,Yes,12223,upi,Express,3.6,1.6
SES505530,CUST10900,2025-07-21 00:00:00,50,FEMALE,Jaipur,Returning,2,Mobile,Facebook,15.7,8,2,Beauty,Moisturizer,4412,Yes,7325,No,0,No,No,0,Cash on Delivery,Standard,,
SES502144,CUST10686,2025-01-11 00:00:00,20,MALE,Delhi,Returning,15,Mobile,Google,5.8,8,1,Home & Kitchen,Table Lamp,13421,No,0,No,0,No,No,0,Credit Card,Standard,,
SES505561,CUST10422,2026-06-22 00:00:00,40,FEMALE,Bangalore,Returning,8,Mobile,Unknown,13.6,7,4,Electronics,Wireless Earbuds,31310,Yes,26814,No,0,No,Yes,32814,Credit Card,Standard,4.9,3.4
SES505074,CUST10157,2025-08-11 00:00:00,34,FEMALE,Jaipur,New,0,Desktop,Email,6.8,4,2,Sports,Football,5370,Yes,8552,Yes,5,Yes,Yes,8597,Debit Card,Express,2.9,4.6
SES501572,CUST10086,2025-01-18 00:00:00,42,FEMALE,Bangalore,Returning,11,Tablet,Email,3.1,6,2,Home & Kitchen,Coffee Maker,13259,No,0,Yes,25,No,No,0,Cash on Delivery,Standard,,
SES504080,CUST11777,2025-08-16 00:00:00,27,MALE,Bangalore,Returning,2,Desktop,Instagram,2,6,4,Fashion,Jeans,2889,Yes,6991,No,0,No,Yes,3857,Cash on Delivery,Express,4.8,5
SES501123,CUST10739,2026-01-16 00:00:00,35,MALE,Delhi,Returning,14,Mobile,Email,17.3,8,5,Fashion,Jacket,1108,Yes,1293,No,0,No,No,0,Cash on Delivery,Standard,,
SES502787,CUST11054,2025-09-22 00:00:00,34,MALE,Delhi,New,0,Mobile,Instagram,8.5,5,5,Beauty,Shampoo,2002,Yes,4733,Yes,5,Yes,Yes,1564,Credit Card,Standard,3.7,3.6
SES502968,CUST11758,2026-04-08 00:00:00,44,MALE,Jaipur,Returning,15,Mobile,Google,6.1,4,5,Electronics,Bluetooth Speaker,14950,Yes,23364,Yes,20,Yes,Yes,21713,UPI,Express,4.7,4.6
SES502505,CUST10019,2026-01-22 00:00:00,28,MALE,Ahmedabad,New,0,Mobile,Facebook,23.4,7,2,Electronics,Power Bank,7417,Yes,12349,Yes,15,Yes,Yes,11335,UPI,Express,3.7,5
SES503466,CUST10295,2025-03-12 00:00:00,34,MALE,Delhi,Returning,8,Mobile,Direct,8.1,7,5,Beauty,Lipstick,3817,No,0,No,0,No,No,0,UPI,Express,,
SES500676,CUST10883,2026-03-27 00:00:00,18,MALE,Kolkata,New,0,Tablet,Instagram,16.1,2,1,Home & Kitchen,Table Lamp,10081,Yes,21790,Yes,20,No,Yes,11430,Wallet,Standard,5,3.2
SES502809,CUST10668,2025-05-29 00:00:00,36,MALE,Delhi,Returning,4,Mobile,Direct,12.3,6,5,Fashion,Sneakers,5723,Yes,6695,Yes,25,No,Yes,11772,UPI,Standard,3.7,4.6
SES503349,CUST10494,2025-01-02 00:00:00,38,MALE,Mumbai,New,0,Desktop,Google,12.7,5,4,Electronics,Headphones,32080,Yes,31458,No,0,No,Yes,53312,Wallet,Standard,4.2,3.9
SES500729,CUST11756,2025-11-20 00:00:00,41,FEMALE,Kolkata,New,0,Mobile,Instagram,14.9,6,6,Fashion,T-Shirt,6906,Yes,13253,Yes,25,Yes,Yes,12481,UPI,Standard,4.4,4
SES500413,CUST10037,2025-06-11 00:00:00,24,MALE,Mumbai,Returning,10,Mobile,Google,8.8,6,4,Home & Kitchen,Bedsheet,9513,Yes,19555,No,0,No,Yes,11174,Credit Card,Express,4,3.5
SES503147,CUST11402,2026-03-13 00:00:00,37,MALE,Kolkata,New,0,Mobile,Email,13.2,3,2,Beauty,Perfume,1594,No,0,No,0,No,No,0,Credit Card,Standard,,
SES501517,CUST12181,2025-04-02 00:00:00,26,MALE,Pune,New,0,Desktop,Instagram,4.1,8,6,Electronics,Wireless Earbuds,14366,No,0,Yes,5,No,No,0,Debit Card,Standard,,
SES500826,CUST11255,2025-05-14 00:00:00,34,FEMALE,Chennai,New,0,Desktop,Referral,5.8,7,5,Fashion,Jeans,5087,Yes,8468,Yes,10,No,No,0,UPI,Express,,
SES503268,CUST10560,2025-07-26 00:00:00,36,FEMALE,Delhi,Returning,11,Mobile,Google,7.8,5,3,Fashion,Jeans,5992,No,0,No,0,No,No,0,Debit Card,Express,,
SES503975,CUST10087,2025-11-24 00:00:00,32,MALE,Jaipur,Returning,5,Mobile,Google,2.8,4,3,Electronics,Wireless Earbuds,24955,Yes,51529,Yes,25,Yes,Yes,46618,Debit Card,Standard,4.1,3.3
SES500617,CUST10138,2025-12-25 00:00:00,36,FEMALE,Hyderabad,Returning,10,Mobile,Direct,8.6,14,4,Beauty,Perfume,4754,No,0,No,0,No,No,0,Wallet,Express,,
SES500115,CUST11598,2025-05-03 00:00:00,37,FEMALE,Bangalore,Returning,15,Mobile,Google,1.2,4,3,Electronics,Smart Watch,1398,Yes,2797,No,0,No,No,0,Credit Card,Express,,
SES500418,CUST12110,2025-06-03 00:00:00,31,MALE,Delhi,New,1,Mobile,Google,14.8,4,6,Fashion,Kurta,1477,Yes,3339,No,0,No,No,0,Credit Card,Standard,,
SES503070,CUST10874,2025-11-21 00:00:00,41,FEMALE,Kolkata,New,1,Mobile,Google,10.4,6,1,Fashion,Jacket,5375,No,0,No,0,No,Yes,11630,UPI,Express,3.7,4.4
SES501626,CUST10012,2026-05-07 00:00:00,36,MALE,Jaipur,New,0,Desktop,Google,2.1,15,4,Beauty,Lipstick,576,Yes,699,No,0,No,No,0,Credit Card,Express,,
SES505975,CUST10970,2025-05-22 00:00:00,29,MALE,Jaipur,New,0,Desktop,Google,9.9,5,6,Sports,Yoga Mat,1657,Yes,2848,Yes,25,Yes,No,0,Net Banking,Standard,,
SES504186,CUST10841,2026-03-24 00:00:00,43,FEMALE,Lucknow,New,0,Desktop,Direct,7.4,10,3,Electronics,Wireless Earbuds,14053,No,0,Yes,15,Yes,No,0,Wallet,Express,,
SES502897,CUST10541,2026-04-10 00:00:00,28,MALE,New Delhi,New,0,Mobile,Direct,9,7,3,Books,Academic Book,1095,No,0,No,0,No,No,0,UPI,Standard,,
SES505633,CUST10045,2025-12-17 00:00:00,42,MALE,Delhi,New,1,Mobile,Instagram,23.3,7,4,Electronics,Bluetooth Speaker,32231,Yes,28203,Yes,15,No,Yes,56341,Debit Card,Standard,4.3,4.1
SES502083,CUST11141,2025-05-13 00:00:00,43,FEMALE,Mumbai,New,0,Mobile,Google,5.3,5,2,Electronics,Bluetooth Speaker,25226,No,0,No,0,No,No,0,UPI,Express,,
SES500754,CUST12138,2025-01-09 00:00:00,46,MALE,Bangalore,New,0,Mobile,Facebook,20.7,8,4,Electronics,Headphones,27362,Yes,52760,No,0,No,Yes,33423,Net Banking,Standard,5,4.2
SES502547,CUST10387,2025-05-13 00:00:00,40,MALE,Bangalore,Returning,14,Mobile,Google,3.8,5,2,Electronics,Smart Watch,3484,No,0,No,0,No,No,0,UPI,Standard,,
SES503970,CUST10105,2025-12-22 00:00:00,45,MALE,Jaipur,New,0,Desktop,Referral,9.6,7,4,Beauty,Perfume,3917,No,0,Yes,5,Yes,No,0,Debit Card,Express,,
SES503374,CUST10875,2025-12-21 00:00:00,29,MALE,Lucknow,New,0,Desktop,Referral,7.9,3,6,Beauty,Face Wash,2476,No,0,No,0,No,No,0,UPI,Standard,,
SES504108,CUST12170,2025-12-07 00:00:00,19,FEMALE,Jaipur,New,0,Mobile,Google,15,5,3,Home & Kitchen,Storage Box,13418,No,0,No,0,No,No,0,Debit Card,Express,,
SES502445,CUST12124,2025-06-05 00:00:00,20,MALE,Bangalore,Returning,14,Mobile,Direct,6.2,5,3,Beauty,Shampoo,2030,Yes,4315,No,0,No,No,0,Credit Card,Standard,,
SES504381,CUST11888,2025-12-29 00:00:00,38,MALE,Delhi,New,0,Mobile,Instagram,5.5,3,2,Home & Kitchen,Cookware Set,6150,No,0,No,0,No,No,0,UPI,Standard,,
SES501067,CUST10108,2026-02-28 00:00:00,34,FEMALE,Mumbai,New,0,Mobile,Google,12.8,6,4,Electronics,Smart Watch,33502,Yes,75159,Yes,10,No,No,0,Debit Card,Standard,,
SES503914,CUST11736,2025-11-06 00:00:00,33,MALE,Ahmedabad,Returning,11,Mobile,Email,10.7,5,3,Sports,Cricket Bat,3721,No,0,Yes,25,Yes,No,0,UPI,Standard,,
SES505288,CUST10643,2025-08-23 00:00:00,50,FEMALE,Kolkata,Returning,13,Mobile,Instagram,7.7,10,2,Electronics,Power Bank,9742,No,0,Yes,10,Yes,No,0,Credit Card,Standard,,
SES505388,CUST10866,2026-05-28 00:00:00,38,FEMALE,Delhi,Returning,12,Desktop,Instagram,12.7,3,2,Fashion,Jacket,5623,No,0,Yes,10,No,Yes,10830,UPI,Express,4.3,3.8
SES503499,CUST10139,2025-10-18 00:00:00,29,FEMALE,Delhi,New,0,Desktop,Google,18.9,8,3,Fashion,Jacket,6987,No,0,No,0,No,Yes,12487,UPI,Same Day,4.5,3.3
SES502739,CUST10257,2025-04-10 00:00:00,41,FEMALE,Mumbai,Returning,14,Mobile,Referral,3.1,5,2,Sports,Running Shoes,9710,Yes,10945,Yes,25,No,Yes,16942,UPI,Standard,4.1,4.9
SES505053,CUST10974,2025-01-11 00:00:00,,MALE,Jaipur,Returning,4,Mobile,Direct,12.9,5,4,Sports,Running Shoes,11495,No,0,Yes,10,Yes,No,0,UPI,Express,,
SES504001,CUST10091,2025-06-09 00:00:00,42,MALE,Bangalore,New,0,Mobile,Google,6.8,6,4,Home & Kitchen,Table Lamp,7174,No,0,No,0,No,No,0,UPI,Standard,,
SES501569,CUST11382,2025-05-03 00:00:00,18,FEMALE,Jaipur,New,0,Mobile,Google,9.5,9,7,Beauty,Face Wash,2611,No,0,Yes,30,Yes,No,0,Credit Card,Standard,,
SES502428,CUST10343,2025-03-19 00:00:00,43,MALE,Delhi,Returning,14,Desktop,Email,3.5,5,4,Beauty,Moisturizer,3699,No,0,Yes,20,Yes,No,0,Debit Card,Standard,,
SES503747,CUST10650,2025-04-26 00:00:00,27,MALE,Mumbai,Returning,9,Desktop,Google,21.3,7,3,Electronics,Power Bank,31646,No,0,No,0,No,No,0,UPI,Express,,
SES505592,CUST11231,2026-02-03 00:00:00,35,MALE,Mumbai,New,0,Desktop,YouTube,19.4,8,4,Fashion,T-Shirt,2187,Yes,4210,No,0,No,Yes,4599,Debit Card,Standard,3.7,3.1
SES501688,CUST11073,2026-02-08 00:00:00,18,FEMALE,Bangalore,Returning,11,Tablet,Google,20.9,9,4,Electronics,Headphones,27864,Yes,53235,No,0,No,No,0,UPI,Standard,,
SES500852,CUST12071,2026-04-23 00:00:00,34,FEMALE,Jaipur,New,0,Mobile,Direct,11,10,3,Home & Kitchen,Cookware Set,1614,No,0,No,0,No,No,0,Cash on Delivery,Standard,,
SES503547,CUST10858,2026-02-11 00:00:00,47,FEMALE,Hyderabad,New,0,Desktop,Direct,9.3,8,4,Fashion,Jeans,1850,Yes,1558,No,0,No,Yes,2225,Credit Card,Standard,4.6,4.9
SES500896,CUST11991,2025-09-30 00:00:00,28,FEMALE,Mumbai,New,1,Mobile,Facebook,8.4,7,3,Beauty,Face Wash,3558,No,0,Yes,25,Yes,No,0,UPI,Standard,,
SES504593,CUST10756,2025-04-09 00:00:00,41,MALE,Pune,New,0,Desktop,Facebook,15.4,7,3,Fashion,Jeans,3756,No,0,Yes,15,No,No,0,Wallet,Standard,,
SES500336,CUST11151,2025-03-08 00:00:00,42,FEMALE,Lucknow,New,0,Tablet,Instagram,4.3,5,4,Home & Kitchen,Bedsheet,1004,No,0,Yes,10,Yes,No,0,Wallet,Express,,
SES502840,CUST11317,2025-04-10 00:00:00,31,MALE,Ahmedabad,New,0,Mobile,Email,7.5,6,5,Beauty,Face Wash,1646,Yes,3055,No,0,No,Yes,2537,Credit Card,Same Day,3.4,3.1
SES503088,CUST10279,2026-02-06 00:00:00,21,MALE,Mumbai,New,0,Desktop,Google,6.9,10,4,Fashion,Jeans,5711,Yes,6617,Yes,20,No,Yes,6915,UPI,Express,5,3.9
SES504612,CUST11554,2025-02-10 00:00:00,22,FEMALE,Bangalore,New,0,Desktop,YouTube,4.9,7,1,Books,Academic Book,1999,Yes,3771,No,0,No,No,0,Credit Card,Express,,
SES501349,CUST11876,2025-04-26 00:00:00,37,MALE,Mumbai,New,0,Mobile,Google,3,10,2,Books,Self Help Book,2324,No,0,No,0,No,No,0,UPI,Standard,,
SES501016,CUST12075,2025-12-16 00:00:00,32,FEMALE,Hyderabad,New,0,Mobile,Google,15.5,3,5,Electronics,Wireless Earbuds,29011,No,0,Yes,15,No,Yes,45707,Cash on Delivery,Express,3.8,3.4
SES502817,CUST10819,2025-07-29 00:00:00,34,MALE,Jaipur,New,0,Desktop,Facebook,17.8,9,2,Fashion,Jacket,3431,No,0,No,0,No,No,0,UPI,Standard,,
SES501632,CUST11350,2025-09-21 00:00:00,31,MALE,Hyderabad,New,0,Mobile,Facebook,4.8,7,6,Electronics,Smart Watch,5581,Yes,6446,No,0,No,No,0,UPI,Standard,,
SES502490,CUST11368,2025-02-24 00:00:00,26,MALE,Bangalore,Returning,2,Mobile,Google,11.3,8,4,Beauty,Face Wash,2913,No,0,Yes,10,Yes,No,0,UPI,Express,,
SES503731,CUST10783,2025-11-30 00:00:00,39,FEMALE,Lucknow,New,0,Desktop,Instagram,19.5,3,4,Books,Biography,2301,Yes,4706,Yes,10,No,No,0,UPI,Standard,,
SES503252,CUST10154,2026-04-21 00:00:00,18,FEMALE,Chennai,New,0,Desktop,Instagram,7.3,8,3,Home & Kitchen,Coffee Maker,3089,No,0,No,0,No,No,0,Net Banking,Express,,
SES505586,CUST10226,2025-05-29 00:00:00,33,MALE,Jaipur,New,0,Mobile,Direct,1.5,8,2,Sports,Yoga Mat,8269,Yes,7911,No,0,No,Yes,15465,UPI,Standard,3.3,4.3
SES502071,CUST10162,2025-08-08 00:00:00,26,FEMALE,Ahmedabad,New,0,Mobile,Direct,4.6,10,3,Electronics,Wireless Earbuds,27066,No,0,Yes,15,No,No,0,Wallet,Standard,,
SES504453,CUST10837,2025-02-14 00:00:00,29,MALE,Mumbai,New,0,Mobile,Google,6.4,8,4,Books,Self Help Book,316,Yes,418,Yes,20,Yes,No,0,UPI,Standard,,
SES505925,CUST11883,2025-10-27 00:00:00,40,MALE,Pune,Returning,12,Mobile,YouTube,16.6,6,1,Electronics,Headphones,11402,Yes,23433,No,0,No,No,0,Net Banking,Standard,,
SES505409,CUST11550,2025-12-24 00:00:00,31,FEMALE,Chennai,New,0,Tablet,Direct,5.9,10,4,Home & Kitchen,Storage Box,4152,Yes,6185,Yes,5,Yes,Yes,6858,Debit Card,Standard,3.3,2.7
SES501636,CUST10407,2026-04-10 00:00:00,30,MALE,Hyderabad,Returning,8,Mobile,Instagram,8.7,6,3,Electronics,Smart Watch,22566,Yes,41665,Yes,30,Yes,Yes,32928,Wallet,Standard,2.3,4.3
SES504647,CUST11707,2026-03-16 00:00:00,20,FEMALE,Pune,New,0,Mobile,Email,1.8,7,2,Fashion,T-Shirt,2877,No,0,Yes,10,Yes,No,0,Wallet,Express,,
SES502480,CUST10404,2025-07-20 00:00:00,29,MALE,Lucknow,New,0,Desktop,Instagram,6.1,8,3,Beauty,Shampoo,1780,Yes,3773,Yes,20,No,No,0,Credit Card,Express,,
SES502266,CUST10259,2026-02-10 00:00:00,29,MALE,Ahmedabad,New,0,Desktop,Direct,4.8,10,5,Home & Kitchen,Cookware Set,10055,No,0,No,0,No,No,0,UPI,Express,,
SES502960,CUST11844,2026-05-22 00:00:00,29,MALE,Delhi,New,0,Desktop,Direct,10,10,5,Books,Academic Book,327,No,0,No,0,No,No,0,Debit Card,Express,,
SES505324,CUST11752,2025-06-26 00:00:00,28,MALE,Hyderabad,Returning,4,Mobile,Facebook,16.8,4,2,Books,Self Help Book,1244,No,0,Yes,10,No,No,0,Net Banking,Standard,,
SES505704,CUST11392,2025-12-02 00:00:00,24,MALE,Delhi,Returning,7,Mobile,Facebook,22.3,8,5,Fashion,Jeans,6882,Yes,10026,Yes,5,Yes,Yes,10165,Net Banking,Express,4.5,4.2
SES503060,CUST10947,2026-01-19 00:00:00,26,MALE,Hyderabad,Returning,14,Desktop,Facebook,12.9,5,4,Electronics,Headphones,18675,Yes,29319,No,0,No,Yes,39383,Credit Card,Standard,4.3,4
SES505054,CUST10340,2026-03-26 00:00:00,28,MALE,Hyderabad,New,0,Mobile,Instagram,6.9,4,2,Electronics,Wireless Earbuds,28733,No,0,No,0,No,No,0,UPI,Express,,
SES502142,CUST11862,2025-10-27 00:00:00,35,MALE,Delhi,New,0,Mobile,Google,6,5,5,Home & Kitchen,Bedsheet,2069,No,0,Yes,20,Yes,No,0,Credit Card,Express,,
SES505105,CUST10499,2025-10-07 00:00:00,38,FEMALE,Bangalore,Returning,5,Mobile,Unknown,17,6,5,Electronics,Headphones,14972,No,0,No,0,No,No,0,Credit Card,Standard,,
SES503119,CUST10496,2026-03-11 00:00:00,41,FEMALE,Mumbai,New,0,Mobile,Direct,10.1,5,2,Electronics,Bluetooth Speaker,24473,Yes,31929,No,0,No,No,0,Debit Card,Express,,
SES505189,CUST10027,2025-08-22 00:00:00,26,MALE,Mumbai,New,0,Mobile,Direct,11.2,7,5,Fashion,Jeans,6815,No,0,Yes,25,Yes,No,0, UPI ,Express,,
SES505696,CUST10639,2026-03-28 00:00:00,50,MALE,Ahmedabad,New,0,Tablet,Instagram,14,8,4,Electronics,Headphones,27268,Yes,62057,No,0,No,Yes,47933,UPI,Standard,3.3,4.9
SES504046,CUST11271,2025-01-07 00:00:00,37,MALE,Delhi,New,0,Mobile,YouTube,14,7,3,Books,Biography,1281,Yes,2346,Yes,5,No,No,0,Net Banking,Standard,,
SES503357,CUST10568,2026-04-14 00:00:00,39,MALE,Chennai,Returning,9,Mobile,Facebook,7.3,7,4,Sports,Football,2277,No,0,No,0,No,Yes,3366,UPI,Standard,4,4.8
SES502745,CUST11382,2026-04-22 00:00:00,36,MALE,Pune,New,0,Mobile,Google,12.4,11,4,Beauty,Perfume,3036,Yes,5915,Yes,15,Yes,Yes,2500,UPI,Standard,4.1,3.3
SES505093,CUST11080,2025-03-07 00:00:00,41,MALE,Chennai,New,0,Mobile,Instagram,24.4,3,7,Fashion,Jacket,6005,Yes,9554,No,0,No,Yes,5315,Credit Card,Express,5,4.6
SES503507,CUST12164,2025-06-16 00:00:00,19,FEMALE,Bangalore,New,0,Mobile,Email,1.7,4,2,Electronics,Power Bank,31592,No,0,Yes,30,No,No,0,UPI,Express,,
SES501680,CUST10521,2026-02-18 00:00:00,41,MALE,Pune,Returning,14,Desktop,Referral,1.3,7,5,Books,Academic Book,683,Yes,759,No,0,No,Yes,1063,Net Banking,Express,3.9,5
SES504250,CUST10253,2025-04-20 00:00:00,25,UNKNOWN,Delhi,Returning,12,Desktop,Email,11.5,4,3,Electronics,Wireless Earbuds,16459,Yes,39799,No,0,No,Yes,15469,Net Banking,Standard,4.1,4
SES503148,CUST10167,2025-07-04 00:00:00,21,FEMALE,Mumbai,New,0,Desktop,Direct,13.7,3,5,Sports,Yoga Mat,10242,No,0,No,0,No,No,0,UPI,Express,,
SES502295,CUST11940,2025-04-05 00:00:00,46,FEMALE,Mumbai,New,0,Desktop,YouTube,12.5,7,3,Home & Kitchen,Bedsheet,10535,No,0,No,0,No,No,0,UPI,Express,,
SES500581,CUST12143,2025-03-11 00:00:00,21,FEMALE,Delhi,New,0,Mobile,Direct,3.8,11,3,Fashion,T-Shirt,2302,No,0,No,0,No,No,0,UPI,Standard,,
SES501471,CUST11442,2025-04-23 00:00:00,36,MALE,Mumbai,New,0,Mobile,Email,11.3,4,4,Electronics,Smart Watch,27098,Yes,47502,No,0,No,Yes,34448,Debit Card,Standard,3.9,4.7
SES504800,CUST10064,2025-03-03 00:00:00,44,MALE,Bangalore,Returning,8,Mobile,Instagram,12.2,12,8,Home & Kitchen,Cookware Set,510,No,0,No,0,No,Yes,979,UPI,Standard,3.5,5
SES504071,CUST10849,2025-06-07 00:00:00,29,MALE,Jaipur,Returning,13,Desktop,Email,1.8,5,7,Books,Business Book,2441,Yes,3184,No,0,No,Yes,3711,UPI,Standard,3.3,3.7
SES505309,CUST10199,2025-09-08 00:00:00,20,FEMALE,Bangalore,New,0,Mobile,Facebook,6.6,10,4,Home & Kitchen,Coffee Maker,5620,No,0,No,0,No,No,0,Net Banking,Express,,
SES503344,CUST11015,2025-07-27 00:00:00,36,FEMALE,Lucknow,Returning,12,Desktop,Direct,6.4,5,5,Sports,Football,2021,Yes,2800,Yes,25,Yes,Yes,3037,Debit Card,Same Day,3.8,3.4
SES504993,CUST12049,2026-05-05 00:00:00,29,MALE,Hyderabad,New,0,Desktop,Direct,4.2,5,7,Fashion,Kurta,1618,No,0,No,0,No,No,0,UPI,Same Day,,
SES504584,CUST10427,2025-05-07 00:00:00,51,FEMALE,Hyderabad,New,0,Mobile,Facebook,6.1,10,5,Fashion,Sneakers,2237,Yes,4903,Yes,5,Yes,No,0,Debit Card,Standard,,
SES503673,CUST10654,2025-11-15 00:00:00,21,MALE,Hyderabad,New,0,Mobile,Direct,1.7,10,5,Fashion,Jeans,2622,Yes,5832,No,0,No,Yes,4858,UPI,Standard,3.2,3.7
SES500560,CUST10405,2025-01-17 00:00:00,36,MALE,Ahmedabad,New,0,Mobile,Email,7.9,6,4,Home & Kitchen,Cookware Set,13268,No,0,No,0,No,No,0,Credit Card,Standard,,
SES505238,CUST10041,2026-03-23 00:00:00,31,MALE,Delhi,Returning,7,Desktop,Email,6.1,8,3,Fashion,Kurta,6502,Yes,10900,No,0,No,Yes,12072,UPI,Standard,4.1,3.5
SES505216,CUST11215,2026-01-20 00:00:00,28,MALE,Delhi,New,0,Desktop,Google,11.2,9,5,Fashion,Kurta,2643,No,0,No,0,No,No,0,Debit Card,Standard,,
SES502850,CUST11998,2026-03-07 00:00:00,32,MALE,Chennai,New,0,Desktop,YouTube,22.7,6,3,Fashion,Sneakers,4778,No,0,No,0,No,No,0,UPI,Express,,
SES500513,CUST10471,2025-01-05 00:00:00,43,FEMALE,Delhi,New,0,Mobile,Instagram,10.1,7,4,Sports,Football,6228,No,0,No,0,No,No,0,Cash on Delivery,Standard,,
SES504730,CUST11820,2025-11-20 00:00:00,32,MALE,Lucknow,Returning,8,Mobile,Facebook,2.5,8,4,Home & Kitchen,Coffee Maker,14698,Yes,22100,No,0,No,No,0,Debit Card,Standard,,
SES501082,CUST10710,2026-06-07 00:00:00,23,MALE,Mumbai,New,0,Desktop,Google,6.4,7,6,Fashion,Jeans,6635,No,0,No,0,No,No,0,Cash on Delivery,Standard,,
SES501665,CUST10445,2026-05-31 00:00:00,23,MALE,Ahmedabad,Returning,5,Mobile,Referral,9.5,5,5,Books,Fiction Book,550,No,0,Yes,15,Yes,No,0,UPI,Standard,,
SES501013,CUST10588,2025-08-24 00:00:00,30,MALE,Bangalore,New,0,Mobile,Google,9.4,10,2,Fashion,T-Shirt,3593,Yes,4279,No,0,No,Yes,3773,UPI,Express,5,5
SES501932,CUST10408,2026-05-17 00:00:00,48,FEMALE,Mumbai,Returning,4,Mobile,Google,23,6,3,Fashion,Jeans,2792,Yes,5848,No,0,No,Yes,3649,UPI,Standard,4.6,3.5
SES501151,CUST10146,2025-05-10 00:00:00,21,FEMALE,Bangalore,New,1,Mobile,Instagram,6.8,5,5,Home & Kitchen,Coffee Maker,10781,Yes,25662,No,0,No,Yes,19202,UPI,Standard,4.6,3.4
SES502839,CUST11676,2025-07-15 00:00:00,33,FEMALE,Kolkata,New,0,Mobile,Facebook,4.5,4,5,Electronics,Bluetooth Speaker,32765,No,0,Yes,30,Yes,No,0,Credit Card,Same Day,,
SES500117,CUST11052,2025-01-31 00:00:00,42,MALE,Jaipur,Returning,6,Mobile,Direct,5.8,8,3,Electronics,Headphones,4516,Yes,10146,No,0,No,Yes,5861,UPI,Standard,2.9,4.3
SES500741,CUST11416,2025-03-30 00:00:00,33,MALE,Lucknow,New,0,Tablet,YouTube,8,8,4,Fashion,Kurta,5270,No,0,Yes,5,Yes,No,0,Debit Card,Express,,
SES505928,CUST11450,2025-02-13 00:00:00,18,FEMALE,Mumbai,New,0,Mobile,Instagram,6.8,9,4,Electronics,Power Bank,3149,No,0,No,0,No,No,0,UPI,Express,,
SES505178,CUST11174,2025-08-19 00:00:00,22,FEMALE,Delhi,New,0,Mobile,Direct,14,10,1,Sports,Yoga Mat,2645,No,0,Yes,15,Yes,Yes,3225,Credit Card,Standard,4.2,3.4
SES503676,CUST10375,2025-01-31 00:00:00,53,FEMALE,Mumbai,Returning,13,Mobile,Direct,4.3,7,3,Sports,Football,1417,Yes,1793,No,0,No,Yes,1545,Debit Card,Standard,2.8,3.9
SES500831,CUST11278,2025-07-22 00:00:00,29,MALE,Delhi,Returning,10,Mobile,Facebook,6.4,9,4,Beauty,Shampoo,2642,Yes,5462,No,0,No,Yes,2622,Wallet,Standard,4.2,5
SES500120,CUST11982,2025-10-04 00:00:00,21,FEMALE,Pune,New,0,Mobile,YouTube,22.9,12,8,Books,Self Help Book,271,Yes,552,Yes,5,No,Yes,470,Credit Card,Standard,3.6,4
SES504753,CUST12039,2026-04-23 00:00:00,44,MALE,Bangalore,New,0,Mobile,Email,2.5,5,8,Fashion,Jacket,2352,Yes,3194,Yes,10,No,Yes,4203,Net Banking,Standard,5,4.8
SES505761,CUST11120,2025-03-22 00:00:00,28,MALE,Hyderabad,Returning,2,Desktop,Google,11.2,7,6,Books,Business Book,1564,No,0,Yes,20,No,No,0,Debit Card,Standard,,
SES505713,CUST10703,2025-03-29 00:00:00,23,FEMALE,Chennai,New,0,Mobile,Google,5.9,12,2,Fashion,Kurta,5364,Yes,9759,Yes,10,No,Yes,9414,Credit Card,Standard,4.2,2.3
SES505964,CUST10970,2026-02-04 00:00:00,40,MALE,Ahmedabad,New,0,Mobile,Direct,21.3,7,3,Home & Kitchen,Coffee Maker,12734,Yes,25771,No,0,No,No,0,UPI,Express,,
SES500636,CUST11888,2026-05-07 00:00:00,18,FEMALE,Mumbai,New,0,Mobile,YouTube,12.2,11,7,Sports,Football,5330,No,0,Yes,25,No,No,0,UPI,Standard,,
SES504466,CUST11987,2025-02-22 00:00:00,43,MALE,Delhi,New,0,Mobile,Instagram,9.6,5,6,Fashion,Jeans,1297,No,0,No,0,No,No,0,Credit Card,Standard,,
SES504365,CUST10554,2026-01-09 00:00:00,31,FEMALE,Chennai,Returning,5,Desktop,Google,10.7,18,2,Beauty,Face Wash,3145,No,0,No,0,No,No,0,Wallet,Standard,,
SES504143,CUST11002,2025-11-16 00:00:00,22,FEMALE,Ahmedabad,New,0,Desktop,Instagram,4,4,3,Books,Business Book,717,No,0,No,0,No,Yes,1545,UPI,Express,4.7,4.5
SES500992,CUST10593,2026-01-25 00:00:00,47,FEMALE,Lucknow,New,0,Desktop,Instagram,6.1,12,5,Fashion,T-Shirt,5224,No,0,Yes,30,Yes,No,0,UPI,Standard,,
SES500877,CUST11333,2025-07-22 00:00:00,26,MALE,New Delhi,New,0,Mobile,Email,7.1,15,5,Home & Kitchen,Cookware Set,9649,Yes,13557,No,0,No,No,0,Debit Card,Standard,,
SES504870,CUST11426,2025-12-17 00:00:00,27,FEMALE,Delhi,New,0,Tablet,Email,21.6,8,3,Beauty,Shampoo,1763,Yes,3986,Yes,15,Yes,Yes,2680,UPI,Standard,4.3,2.4
SES505316,CUST11538,2026-02-02 00:00:00,32,MALE,Hyderabad,Returning,14,Mobile,YouTube,9.4,3,5,Home & Kitchen,Storage Box,11393,Yes,9777,Yes,15,No,Yes,15537,Credit Card,Standard,4.1,4.7
SES505223,CUST10574,2025-09-29 00:00:00,34,FEMALE,Chennai,Returning,14,Desktop,Instagram,11.6,8,6,Fashion,Jeans,6977,Yes,14831,Yes,10,No,Yes,13228,UPI,Standard,3.4,4.5
SES500005,CUST11639,2026-03-13 00:00:00,56,FEMALE,Jaipur,New,1,Mobile,Facebook,6.8,12,5,Electronics,Headphones,20983,No,0,Yes,25,Yes,No,0,UPI,Standard,,
SES503052,CUST11914,2025-12-19 00:00:00,33,FEMALE,Jaipur,New,0,Mobile,Google,8.8,9,3,Beauty,Perfume,4142,Yes,7212,No,0,No,Yes,7944,UPI,Standard,4.9,4
SES503125,CUST10272,2025-03-30 00:00:00,30,FEMALE,Ahmedabad,Returning,14,Mobile,Direct,5,9,6,Electronics,Headphones,8302,No,0,No,0,No,No,0,Cash on Delivery,Standard,,
SES502661,CUST10999,2026-01-19 00:00:00,45,FEMALE,Delhi,New,0,Desktop,Instagram,4,9,4,Beauty,Shampoo,2673,No,0,No,0,No,No,0,Credit Card,Standard,,
SES502492,CUST10817,2026-03-06 00:00:00,44,MALE,Bangalore,Returning,2,Mobile,Instagram,6,8,4,Fashion,Jeans,4098,No,0,Yes,25,No,No,0,Credit Card,Standard,,
SES505174,CUST11034,2026-04-10 00:00:00,46,MALE,Delhi,Returning,9,Desktop,Facebook,9.1,7,5,Sports,Running Shoes,1010,Yes,877,Yes,20,Yes,Yes,1459,UPI,Standard,2.8,4
SES503855,CUST10328,2025-11-01 00:00:00,18,FEMALE,Delhi,New,0,Mobile,Facebook,3.8,3,4,Fashion,Jacket,4283,No,0,Yes,5,Yes,No,0,UPI,Standard,,
SES504934,CUST10732,2025-09-12 00:00:00,24,MALE,Pune,Returning,10,Desktop,Instagram,2.9,8,3,Fashion,Sneakers,1281,Yes,1308,No,0,No,No,0,UPI,Standard,,
SES504778,CUST10692,2025-02-10 00:00:00,33,MALE,Delhi,New,0,Desktop,Instagram,6.9,7,3,Fashion,Jeans,1192,No,0,Yes,5,Yes,No,0,Credit Card,Standard,,
SES501716,CUST10700,2025-11-24 00:00:00,30,FEMALE,Bangalore,New,0,Mobile,Instagram,5.9,5,5,Beauty,Face Wash,2302,No,0,Yes,10,No,No,0,UPI,Same Day,,
SES501149,CUST10376,2025-03-27 00:00:00,53,MALE,Bangalore,Returning,4,Mobile,Google,5.6,9,7,Beauty,Moisturizer,1030,No,0,Yes,5,Yes,No,0,UPI,Same Day,,
SES503262,CUST11438,2025-03-28 00:00:00,29,MALE,Chennai,New,0,Desktop,Direct,16.2,5,4,Sports,Yoga Mat,3322,Yes,3166,No,0,No,Yes,7187,Cash on Delivery,Standard,4.1,2.9
SES500575,CUST11470,2026-02-07 00:00:00,48,MALE,Mumbai,Returning,8,Mobile,Email,4.3,9,9,Beauty,Face Wash,2524,No,0,No,0,No,No,0,UPI,Standard,,
SES503770,CUST10825,2025-02-28 00:00:00,47,MALE,Mumbai,Returning,5,Mobile,Google,10.6,6,4,Sports,Football,3606,No,0,Yes,10,Yes,No,0,UPI,Standard,,
SES503737,CUST12104,2025-02-13 00:00:00,21,MALE,Mumbai,Returning,14,Mobile,Direct,20.6,10,1,Electronics,Smart Watch,11875,Yes,22027,No,0,No,Yes,12618,UPI,Standard,2.5,3.4
SES504147,CUST11221,2025-10-12 00:00:00,36,FEMALE,Delhi,New,0,Desktop,Referral,7.3,7,4,Sports,Running Shoes,10291,Yes,17315,Yes,5,Yes,No,0,UPI,Express,,
SES500854,CUST10346,2025-06-07 00:00:00,44,FEMALE,Mumbai,Returning,6,Mobile,Facebook,8.3,6,4,Fashion,Jeans,5799,No,0,No,0,No,Yes,5387,Debit Card,Standard,4.3,3.6
SES501983,CUST11749,2025-02-10 00:00:00,18,MALE,Chennai,New,0,Desktop,Referral,15.8,5,5,Home & Kitchen,Coffee Maker,3926,Yes,3451,No,0,No,Yes,5641,Wallet,Standard,3.5,3.4
SES502775,CUST11305,2025-06-09 00:00:00,18,FEMALE,Pune,Returning,5,Desktop,Google,6.6,8,4,Beauty,Shampoo,1024,No,0,Yes,25,No,No,0,UPI,Standard,,
SES504930,CUST10788,2025-10-06 00:00:00,18,FEMALE,Delhi,Returning,14,Mobile,Google,9.7,7,4,Electronics,Power Bank,32370,Yes,42194,No,0,No,Yes,49235,Debit Card,Express,5,3.3
SES505212,CUST11764,2026-04-28 00:00:00,25,FEMALE,Ahmedabad,New,0,Mobile,Referral,8,9,7,Sports,Cricket Bat,4992,No,0,No,0,No,No,0,Cash on Delivery,Standard,,
SES501167,CUST10011,2025-05-14 00:00:00,32,FEMALE,Jaipur,New,0,Desktop,Google,9.6,11,5,Electronics,Headphones,24353,Yes,22256,Yes,15,Yes,Yes,31783,Credit Card,Standard,3.8,5
SES500972,CUST10082,2026-02-19 00:00:00,29,MALE,Hyderabad,New,0,Mobile,Referral,8,7,5,Electronics,Wireless Earbuds,20375,Yes,37053,Yes,15,Yes,Yes,37506,UPI,Express,4.3,4.9
SES502702,CUST10903,2025-12-28 00:00:00,33,MALE,Bangalore,New,0,Mobile,Google,13.4,4,3,Beauty,Face Wash,2949,No,0,No,0,No,Yes,3606,Credit Card,Standard,4,5
SES504496,CUST10924,2025-08-29 00:00:00,41,MALE,Delhi,Returning,13,Desktop,Instagram,7.1,12,3,Books,Self Help Book,221,No,0,Yes,20,Yes,No,0,UPI,Standard,,
SES503848,CUST10481,2026-05-25 00:00:00,37,MALE,Mumbai,Returning,8,Mobile,Email,2.1,6,3,Books,Self Help Book,1757,No,0,Yes,5,Yes,No,0,Net Banking,Express,,
SES502369,CUST11905,2025-07-15 00:00:00,35,MALE,Hyderabad,Returning,2,Desktop,Referral,18.8,6,2,Home & Kitchen,Table Lamp,9795,Yes,14942,Yes,10,Yes,Yes,11683,UPI,Standard,3.8,5
SES504116,CUST11089,2026-03-01 00:00:00,18,FEMALE,Mumbai,New,1,Desktop,Google,7,6,2,Fashion,Jeans,4364,Yes,4220,Yes,20,Yes,No,0,UPI,Express,,
SES504781,CUST11634,2026-01-06 00:00:00,23,FEMALE,Pune,New,0,Mobile,Direct,34.6,7,7,Home & Kitchen,Storage Box,12934,No,0,No,0,No,No,0,Credit Card,Standard,,
SES504132,CUST11218,2025-07-05 00:00:00,18,MALE,Hyderabad,New,0,Mobile,Direct,8.1,10,6,Sports,Dumbbells,9748,Yes,22544,Yes,25,Yes,Yes,8138,Wallet,Standard,3.4,3.3
SES502951,CUST10491,2025-12-01 00:00:00,31,MALE,Jaipur,New,1,Desktop,Referral,3.8,4,4,Beauty,Lipstick,1867,Yes,3447,No,0,No,No,0,Net Banking,Same Day,,
SES500525,CUST10869,2025-09-13 00:00:00,32,MALE,Pune,New,0,Desktop,Email,8.7,6,2,Fashion,T-Shirt,3667,Yes,8803,Yes,20,Yes,Yes,5853,Credit Card,Express,3.5,3.4
SES502456,CUST10262,2025-12-20 00:00:00,30,MALE,Hyderabad,New,0,Desktop,Facebook,28.1,5,3,Books,Fiction Book,2149,Yes,3791,No,0,No,Yes,1976,UPI,Standard,3.1,1.6
SES505017,CUST11341,2026-06-17 00:00:00,28,FEMALE,Ahmedabad,New,0,Mobile,Facebook,14.8,7,1,Electronics,Smart Watch,9114,Yes,10423,No,0,No,No,0, UPI ,Same Day,,
SES501842,CUST10690,2025-05-06 00:00:00,30,MALE,Jaipur,Returning,2,Desktop,Direct,5.6,10,5,Beauty,Moisturizer,2082,No,0,Yes,25,Yes,No,0,Debit Card,Standard,,
SES500538,CUST11839,2025-01-30 00:00:00,59,FEMALE,Mumbai,Returning,6,Mobile,Direct,8.4,8,6,Fashion,T-Shirt,5516,No,0,No,0,No,No,0,UPI,Same Day,,
SES502807,CUST11856,2026-02-06 00:00:00,36,FEMALE,Chennai,Returning,10,Mobile,Instagram,6.4,4,4,Books,Self Help Book,1431,No,0,Yes,25,No,No,0,UPI,Express,,
SES505597,CUST10561,2025-12-27 00:00:00,18,FEMALE,Hyderabad,Returning,8,Mobile,Email,6,6,4,Electronics,Smart Watch,15920,No,0,Yes,15,Yes,No,0,Net Banking,Standard,,
SES504342,CUST10559,2026-05-15 00:00:00,19,FEMALE,Kolkata,New,0,Desktop,Direct,11.5,9,6,Fashion,Kurta,758,Yes,1851,No,0,No,Yes,879,UPI,Standard,4.3,4.4
SES503176,CUST11825,2025-09-10 00:00:00,31,MALE,Bangalore,New,0,Desktop,Instagram,8.3,4,3,Electronics,Power Bank,18593,Yes,29202,No,0,No,No,0,UPI,Standard,,
SES500785,CUST11161,2026-04-22 00:00:00,39,MALE,Kolkata,New,0,Mobile,Direct,10.6,8,4,Electronics,Headphones,32595,No,0,No,0,No,No,0,Cash on Delivery,Express,,
SES504058,CUST11359,2026-05-20 00:00:00,22,MALE,Jaipur,Returning,13,Mobile,Google,15.5,7,3,Fashion,Kurta,5407,Yes,13426,No,0,No,Yes,5740,UPI,Standard,3.9,3.6
SES501410,CUST10553,2026-04-10 00:00:00,57,MALE,Delhi,Returning,6,Mobile,Direct,6.5,8,3,Electronics,Wireless Earbuds,17365,Yes,35375,No,0,No,No,0,Wallet,Standard,,
SES502538,CUST11290,2025-06-26 00:00:00,20,MALE,Delhi,New,0,Mobile,Direct,11.3,7,4,Home & Kitchen,Table Lamp,14612,No,0,No,0,No,No,0,UPI,Same Day,,
SES500155,CUST11760,2025-05-07 00:00:00,33,FEMALE,Delhi,Returning,15,Mobile,Direct,6.6,7,2,Home & Kitchen,Cookware Set,8432,No,0,No,0,No,Yes,14606,Credit Card,Standard,4.7,4.4
SES503010,CUST10187,2026-02-18 00:00:00,37,FEMALE,Hyderabad,Returning,7,Mobile,Email,4.4,6,5,Electronics,Headphones,31750,No,0,Yes,25,Yes,No,0,Debit Card,Standard,,
SES501687,CUST10720,2025-04-11 00:00:00,22,FEMALE,Chennai,New,0,Mobile,Direct,2.8,9,5,Electronics,Headphones,9075,Yes,13207,Yes,20,No,No,0,Debit Card,Standard,,
SES502902,CUST12152,2026-05-21 00:00:00,22,FEMALE,Hyderabad,New,1,Mobile,Facebook,7.2,8,2,Electronics,Power Bank,9082,No,0,No,0,No,No,0,UPI,Express,,
SES505974,CUST10387,2026-03-30 00:00:00,26,MALE,Delhi,New,0,Mobile,Instagram,7.2,10,5,Home & Kitchen,Coffee Maker,9286,Yes,7977,No,0,No,Yes,16799,Debit Card,Express,3.4,4.2
SES504722,CUST11392,2026-03-20 00:00:00,18,MALE,Chennai,New,0,Mobile,Google,5.1,7,2,Fashion,Sneakers,4394,Yes,10666,No,0,No,No,0,UPI,Express,,
SES503864,CUST10887,2025-01-18 00:00:00,19,FEMALE,Lucknow,New,0,Desktop,Referral,17.7,9,2,Electronics,Smart Watch,22746,Yes,48508,Yes,20,Yes,No,0,Net Banking,Standard,,
SES502734,CUST11573,2025-11-30 00:00:00,40,MALE,Lucknow,Returning,13,Mobile,Google,9.7,7,5,Electronics,Bluetooth Speaker,7698,No,0,No,0,No,No,0,UPI,Standard,,
SES501896,CUST11941,2026-05-07 00:00:00,30,MALE,Mumbai,New,0,Mobile,Google,9.3,4,4,Fashion,Sneakers,4708,No,0,No,0,No,No,0,UPI,Standard,,
SES505443,CUST11840,2025-09-07 00:00:00,18,MALE,Delhi,Returning,14,Tablet,Google,14.8,12,2,Sports,Running Shoes,7312,Yes,8427,Yes,5,Yes,No,0,UPI,Express,,
SES500570,CUST11902,2026-05-30 00:00:00,24,MALE,Pune,New,0,Mobile,YouTube,6.5,6,3,Sports,Dumbbells,8477,Yes,7584,Yes,15,Unknown,No,0,UPI,Standard,,
SES501817,CUST11806,2026-03-16 00:00:00,31,MALE,Delhi,New,0,Desktop,Facebook,3.3,5,5,Electronics,Bluetooth Speaker,2560,No,0,No,0,No,No,0,Debit Card,Standard,,
SES502066,CUST11081,2025-09-02 00:00:00,36,MALE,Mumbai,New,0,Mobile,Email,5.8,6,4,Electronics,Power Bank,19952,No,0,No,0,No,No,0,Debit Card,Standard,,
SES500128,CUST11307,2026-06-02 00:00:00,33,FEMALE,Bangalore,Returning,5,Desktop,Google,11.1,10,4,Fashion,Kurta,6168,Yes,9501,Yes,10,Yes,No,0,UPI,Standard,,
SES503395,CUST12188,2025-01-13 00:00:00,33,MALE,Mumbai,New,0,Mobile,Instagram,15.8,8,3,Fashion,Jacket,5328,Yes,6441,No,0,No,Yes,9317,Cash on Delivery,Express,4.7,3.1
SES503328,CUST10946,2026-01-01 00:00:00,35,FEMALE,Chennai,New,1,Mobile,YouTube,19.6,7,2,Electronics,Bluetooth Speaker,33959,Yes,73275,Yes,20,No,Yes,67985,Credit Card,Standard,4.3,3
SES502976,CUST11547,2026-05-11 00:00:00,39,FEMALE,Chennai,New,1,Mobile,Google,15.1,9,5,Electronics,Bluetooth Speaker,21687,Yes,45348,Yes,10,Yes,No,0,UPI,Express,,
SES500981,CUST11556,2025-01-10 00:00:00,32,MALE,Delhi,Returning,11,Mobile,Email,14.9,7,4,Home & Kitchen,Coffee Maker,13819,Yes,31537,Yes,25,No,Yes,15817,UPI,Express,4,4.3
SES502301,CUST10646,2025-09-12 00:00:00,29,FEMALE,Mumbai,Returning,13,Mobile,Referral,10.4,7,6,Electronics,Smart Watch,10589,No,0,No,0,No,No,0,Wallet,Standard,,
SES500191,CUST11439,2025-05-27 00:00:00,39,MALE,Mumbai,New,0,Mobile,Email,7.3,6,2,Sports,Football,5367,Yes,6073,Yes,25,Yes,Yes,8342,Net Banking,Express,3.1,4
SES501140,CUST10272,2025-05-07 00:00:00,37,MALE,Jaipur,New,0,Mobile,Instagram,8.7,9,3,Fashion,Jacket,2464,Yes,3339,No,0,No,Yes,4974,UPI,Standard,2.9,3.4
SES505089,CUST10802,2025-02-12 00:00:00,35,FEMALE,Bangalore,New,0,Mobile,Facebook,9.1,6,6,Books,Self Help Book,2208,Yes,4914,Yes,20,Yes,No,0,Credit Card,Standard,,
SES500700,CUST10233,2026-04-01 00:00:00,30,MALE,Jaipur,New,0,Desktop,Referral,4.3,6,1,Home & Kitchen,Cookware Set,4711,Yes,11265,No,0,No,Yes,4326,Cash on Delivery,Standard,3.4,3
SES505762,CUST10958,2026-03-26 00:00:00,43,FEMALE,Delhi,Returning,13,Desktop,Instagram,3.5,8,6,Electronics,Wireless Earbuds,26984,Yes,64431,No,0,No,No,0,UPI,Standard,,
SES500607,CUST11332,2026-01-29 00:00:00,21,MALE,Bangalore,New,0,Mobile,Direct,4.2,6,7,Electronics,Bluetooth Speaker,2404,Yes,4138,Yes,20,No,Yes,3184,UPI,Express,3.9,3.8
SES504277,CUST10831,2025-04-13 00:00:00,32,FEMALE,Jaipur,New,0,Tablet,YouTube,12.6,5,4,Beauty,Perfume,4210,No,0,No,0,No,No,0,UPI,Standard,,
SES500302,CUST11983,2026-04-14 00:00:00,22,MALE,Chennai,Returning,7,Desktop,Direct,2.8,12,3,Sports,Running Shoes,2772,No,0,No,0,No,No,0,UPI,Same Day,,
SES503421,CUST10495,2025-08-26 00:00:00,26,MALE,Mumbai,Returning,14,Mobile,Google,6.2,7,5,Home & Kitchen,Table Lamp,1639,No,0,No,0,No,No,0,UPI,Express,,
SES505809,CUST11503,2026-06-05 00:00:00,18,FEMALE,Pune,Returning,9,Desktop,YouTube,19.5,10,2,Fashion,T-Shirt,2475,No,0,No,0,No,Yes,4535,Cash on Delivery,Same Day,3.5,5
SES501061,CUST11640,2025-11-25 00:00:00,41,FEMALE,Bangalore,Returning,13,Mobile,Instagram,23,6,6,Fashion,Jeans,3330,No,0,No,0,No,No,0,Wallet,Standard,,
SES502566,CUST12121,2025-07-11 00:00:00,22,FEMALE,Lucknow,New,0,Mobile,Google,12.7,2,3,Fashion,Kurta,4408,Yes,7258,No,0,No,Yes,8086,Credit Card,Express,3.7,3
SES501070,CUST10102,2025-10-31 00:00:00,22,MALE,Bangalore,Returning,6,Mobile,Facebook,8.4,7,3,Beauty,Lipstick,3558,Yes,4629,No,0,No,Yes,5145,UPI,Standard,3.9,3.3
SES502525,CUST11775,2025-08-09 00:00:00,23,FEMALE,Kolkata,New,0,Mobile,Email,6,6,3,Electronics,Headphones,5376,No,0,Yes,30,Yes,Yes,5537,cash on delivery,Standard,4.2,4.6
SES502206,CUST10177,2026-02-25 00:00:00,30,MALE,Delhi,New,0,Mobile,Email,2.3,12,5,Beauty,Lipstick,3926,No,0,Yes,30,Yes,No,0,Credit Card,Standard,,
SES501244,CUST10356,2025-02-03 00:00:00,18,MALE,Delhi,New,0,Desktop,Referral,8.8,7,2,Books,Self Help Book,2072,Yes,4675,No,0,No,Yes,1806,Debit Card,Standard,3.7,4.7
SES500017,CUST10956,2026-04-22 00:00:00,21,MALE,Jaipur,New,1,Mobile,Direct,4,5,4,Sports,Dumbbells,8625,No,0,Yes,30,Yes,No,0,Credit Card,Standard,,
SES503121,CUST11046,2025-02-28 00:00:00,24,FEMALE,Pune,New,1,Mobile,Direct,5.2,13,1,Home & Kitchen,Coffee Maker,10785,No,0,Yes,30,Yes,No,0,UPI,Standard,,
SES504643,CUST11511,2025-04-19 00:00:00,18,MALE,Delhi,Returning,10,Mobile,Instagram,6.1,7,2,Electronics,Bluetooth Speaker,24372,No,0,No,0,No,Yes,51258,Credit Card,Standard,3.7,3.3
SES504755,CUST11855,2025-05-25 00:00:00,18,FEMALE,Hyderabad,New,0,Mobile,Google,6.9,7,4,Beauty,Moisturizer,2771,Yes,4331,No,0,No,Yes,4688,Credit Card,Standard,3.2,4.2
SES500816,CUST11971,2026-04-16 00:00:00,44,MALE,Delhi,New,0,Mobile,Instagram,5.4,6,3,Electronics,Power Bank,7552,No,0,No,0,No,No,0,UPI,Same Day,,
SES503068,CUST10462,2025-04-17 00:00:00,21,FEMALE,Delhi,Returning,5,Mobile,Direct,7.4,7,6,Fashion,Kurta,5059,Yes,10814,No,0,Unknown,No,0,CREDIT CARD,Same Day,,
SES505767,CUST10679,2025-01-23 00:00:00,33,MALE,Delhi,New,1,Mobile,YouTube,7.2,11,2,Beauty,Perfume,2353,Yes,3006,No,0,No,Yes,4485,UPI,Standard,5,4.8
SES505601,CUST10433,2026-03-05 00:00:00,41,FEMALE,Hyderabad,New,0,Mobile,Instagram,6.7,11,2,Sports,Running Shoes,544,No,0,No,0,No,No,0,Net Banking,Standard,,
SES500960,CUST10910,2026-03-14 00:00:00,31,MALE,Jaipur,New,0,Mobile,Facebook,5.2,10,4,Beauty,Shampoo,964,No,0,No,0,No,No,0,Wallet,Express,,
SES504894,CUST10143,2025-02-24 00:00:00,25,MALE,Bangalore,Returning,8,Mobile,Instagram,7.6,5,2,Electronics,Headphones,23822,Yes,52829,Yes,15,Yes,Yes,36796,Credit Card,Express,4.6,4
SES500226,CUST11604,2025-09-29 00:00:00,39,FEMALE,Ahmedabad,New,0,Mobile,Google,9.1,17,6,Home & Kitchen,Table Lamp,1397,No,0,Yes,5,No,No,0,Wallet,Standard,,
SES503355,CUST10649,2026-04-11 00:00:00,39,MALE,Bangalore,New,0,Mobile,Google,6.8,11,3,Books,Biography,525,No,0,No,0,No,No,0,Debit Card,Standard,,
SES502486,CUST10704,2025-10-15 00:00:00,32,MALE,Bangalore,New,0,Mobile,YouTube,17.4,7,4,Home & Kitchen,Bedsheet,13681,Yes,19550,Yes,15,Yes,Yes,18527,Credit Card,Standard,3.3,3.3
SES500563,CUST12001,2025-05-30 00:00:00,26,MALE,Delhi,New,0,Mobile,Google,2.6,6,7,Home & Kitchen,Cookware Set,13449,No,0,Yes,20,Yes,No,0,UPI,Express,,
SES503437,CUST10634,2025-02-13 00:00:00,34,MALE,Hyderabad,Returning,5,Mobile,Direct,25,6,4,Home & Kitchen,Bedsheet,13765,No,0,Yes,25,No,No,0,Cash on Delivery,Express,,
SES501694,CUST10915,2025-05-26 00:00:00,38,MALE,Bangalore,New,0,Mobile,Email,8.6,12,4,Beauty,Lipstick,3935,No,0,Yes,15,Yes,No,0,Debit Card,Standard,,
SES501046,CUST11313,2025-04-10 00:00:00,33,MALE,Pune,Returning,8,Mobile,Facebook,1.6,5,4,Fashion,Kurta,4591,No,0,No,0,No,No,0,Credit Card,Standard,,
SES503447,CUST11688,2025-06-25 00:00:00,56,MALE,Delhi,Returning,8,Mobile,YouTube,14.9,5,7,Electronics,Wireless Earbuds,28324,No,0,Yes,10,Yes,No,0,Credit Card,Same Day,,
SES504566,CUST11873,2025-09-20 00:00:00,35,MALE,Delhi,Returning,7,Desktop,Email,9.6,3,8,Beauty,Lipstick,3863,No,0,No,0,No,Yes,4605,Net Banking,Standard,4.5,4
SES500955,CUST11312,2026-05-10 00:00:00,18,MALE,Delhi,Returning,9,Mobile,Referral,5.6,6,2,Beauty,Perfume,2182,Yes,3904,No,0,No,Yes,3327,UPI,Express,4,3.6
SES502736,CUST11768,2026-05-02 00:00:00,27,MALE,Ahmedabad,Returning,2,Mobile,Direct,11.7,8,3,Fashion,Sneakers,6115,No,0,Yes,20,Yes,No,0,Credit Card,Standard,,
SES505919,CUST10822,2025-04-29 00:00:00,29,MALE,Mumbai,New,0,Mobile,YouTube,7.6,8,2,Electronics,Headphones,9436,No,0,Yes,15,Yes,No,0,Credit Card,Standard,,
SES504736,CUST10111,2025-08-20 00:00:00,27,FEMALE,Chennai,New,0,Mobile,Instagram,8.5,10,3,Electronics,Headphones,30288,Yes,29627,No,0,No,Yes,29806,Wallet,Standard,4.4,4.2
SES505812,CUST10503,2025-05-28 00:00:00,18,MALE,Hyderabad,New,0,Mobile,Email,14.1,2,3,Fashion,Sneakers,3703,Yes,8198,No,0,No,Yes,6486,UPI,Standard,4,3.6
SES501219,CUST10914,2025-06-11 00:00:00,39,MALE,Delhi,New,1,Tablet,Instagram,20,6,3,Home & Kitchen,Table Lamp,1610,No,0,Yes,30,Yes,No,0,UPI,Standard,,
SES505255,CUST10695,2025-02-28 00:00:00,18,MALE,Delhi,New,0,Mobile,Email,9.3,9,4,Electronics,Power Bank,30629,No,0,Yes,20,Yes,No,0,Net Banking,Same Day,,
SES505512,CUST10936,2025-04-08 00:00:00,34,MALE,Hyderabad,Returning,14,Desktop,Direct,5.8,8,5,Electronics,Power Bank,29639,Yes,52585,Yes,10,Yes,Yes,50302,Cash on Delivery,Same Day,4,3.4
SES501528,CUST11391,2025-06-26 00:00:00,59,MALE,Kolkata,New,1,Mobile,Direct,19.8,3,5,Fashion,Jeans,6551,Yes,5813,No,0,No,Yes,6765,Credit Card,Standard,3.6,4.3
SES503988,CUST10884,2025-11-15 00:00:00,44,MALE,Mumbai,New,0,Desktop,Instagram,6.6,5,3,Fashion,Kurta,3638,No,0,Yes,10,Yes,No,0,Credit Card,Standard,,
SES505955,CUST11729,2025-10-22 00:00:00,36,MALE,Delhi,Returning,14,Mobile,Direct,7.3,6,2,Electronics,Bluetooth Speaker,31746,No,0,No,0,No,No,0,cash on delivery,Same Day,,
SES501301,CUST10907,2026-01-08 00:00:00,41,FEMALE,Chennai,Returning,8,Mobile,Instagram,4.2,5,1,Books,Self Help Book,2020,No,0,Yes,15,No,No,0,Cash on Delivery,Standard,,
SES505904,CUST11076,2025-01-08 00:00:00,35,MALE,Bangalore,New,0,Mobile,Google,3.8,8,2,Sports,Yoga Mat,2264,No,0,Yes,10,No,No,0,Cash on Delivery,Express,,
SES505700,CUST12004,2025-08-25 00:00:00,23,FEMALE,Mumbai,New,0,Mobile,Facebook,7.9,10,6,Electronics,Power Bank,8219,No,0,Yes,25,Yes,No,0,Credit Card,Standard,,
SES500161,CUST11734,2025-04-30 00:00:00,18,MALE,Pune,New,0,Mobile,Google,5.4,5,4,Books,Self Help Book,219,Yes,301,No,0,No,No,0,Credit Card,Standard,,
SES504068,CUST11677,2025-12-24 00:00:00,30,FEMALE,Pune,Returning,7,Tablet,Direct,8.3,5,4,Beauty,Face Wash,454,No,0,No,0,No,No,0,Cash on Delivery,Standard,,
SES500957,CUST11524,2026-03-20 00:00:00,42,MALE,Bangalore,Returning,11,Mobile,Direct,12.1,10,4,Beauty,Face Wash,644,Yes,936,Yes,15,Yes,Yes,587,Credit Card,Express,4.4,4.6
SES503792,CUST11351,2026-01-30 00:00:00,43,FEMALE,Mumbai,New,0,Desktop,Email,21.8,6,4,Fashion,Jeans,3654,No,0,No,0,No,Yes,5652,Credit Card,Express,4.3,5
SES503235,CUST10518,2026-04-10 00:00:00,27,MALE,Delhi,New,0,Mobile,Referral,4.5,10,4,Sports,Dumbbells,5989,No,0,Yes,15,Yes,No,0,UPI,Express,,
SES502870,CUST11752,2025-09-17 00:00:00,38,FEMALE,Pune,Returning,9,Tablet,Email,4,5,2,Sports,Cricket Bat,7591,No,0,Yes,15,No,No,0,UPI,Standard,,
SES503778,CUST10972,2026-04-23 00:00:00,32,MALE,Mumbai,New,0,Desktop,Referral,20.8,6,3,Beauty,Lipstick,3679,No,0,Yes,20,No,No,0,UPI,Standard,,
SES504434,CUST10372,2026-04-19 00:00:00,25,FEMALE,Hyderabad,New,0,Mobile,Google,10.9,3,4,Fashion,Kurta,3540,Yes,4236,No,0,No,Yes,4238,Net Banking,Express,4.5,3.2
SES504974,CUST10688,2025-06-19 00:00:00,40,FEMALE,Kolkata,Returning,15,Mobile,Email,7.2,6,6,Sports,Running Shoes,7619,No,0,Yes,25,No,No,0,Net Banking,Standard,,
SES502962,CUST11697,2026-03-30 00:00:00,32,MALE,Delhi,New,0,Desktop,Email,10.6,7,3,Fashion,Kurta,4658,Yes,4676,No,0,No,Yes,7789,Credit Card,Standard,4.3,3.9
SES502201,CUST11688,2026-03-04 00:00:00,27,FEMALE,Jaipur,Returning,6,Mobile,Referral,5.4,4,4,Beauty,Lipstick,4320,Yes,3660,Yes,15,Yes,Yes,7636,UPI,Express,4.4,4.5
SES500099,CUST10207,2025-04-03 00:00:00,50,MALE,Hyderabad,New,1,Desktop,Instagram,16.9,5,5,Beauty,Perfume,1456,No,0,Yes,20,No,No,0,UPI,Same Day,,
SES505869,CUST10728,2025-07-19 00:00:00,36,FEMALE,Delhi,Returning,8,Desktop,YouTube,2.8,8,2,Electronics,Smart Watch,33963,No,0,Yes,20,No,No,0,UPI,Standard,,
SES502558,CUST10223,2025-09-29 00:00:00,33,MALE,Hyderabad,Returning,9,Mobile,YouTube,6.7,8,2,Electronics,Power Bank,26789,No,0,No,0,No,No,0,Net Banking,Standard,,
SES503184,CUST11192,2026-05-26 00:00:00,18,MALE,Delhi,New,0,Desktop,Facebook,3.4,3,3,Sports,Dumbbells,8210,No,0,Yes,5,Yes,No,0,Net Banking,Standard,,
SES500254,CUST11216,2026-01-08 00:00:00,28,FEMALE,Jaipur,Returning,13,Mobile,Instagram,11.3,6,4,Fashion,Jeans,3605,No,0,No,0,No,No,0,UPI,Standard,,
SES503924,CUST11875,2025-06-23 00:00:00,42,MALE,Jaipur,Returning,2,Mobile,Email,14.9,8,6,Fashion,Jacket,5787,Yes,13168,Yes,5,No,No,0,Credit Card,Standard,,
SES504200,CUST11338,2025-11-25 00:00:00,40,MALE,Ahmedabad,New,0,Mobile,Instagram,16.7,7,2,Books,Business Book,772,Yes,1270,Yes,10,Yes,Yes,1399,UPI,Express,4.5,4.3
SES501446,CUST11083,2025-06-20 00:00:00,41,MALE,Kolkata,New,0,Mobile,Referral,5.6,4,3,Beauty,Face Wash,4153,Yes,9347,Yes,15,Yes,No,0,Credit Card,Standard,,
SES505540,CUST11960,2025-01-09 00:00:00,30,MALE,Kolkata,Returning,2,Mobile,Facebook,7.3,10,4,Electronics,Headphones,13998,Yes,22857,Yes,25,Yes,Yes,16733,UPI,Standard,4.8,4.4
SES501649,CUST11826,2025-01-27 00:00:00,33,MALE,Bangalore,New,0,Mobile,Instagram,8.9,10,6,Books,Fiction Book,1583,No,0,No,0,No,No,0,Credit Card,Standard,,
SES504683,CUST11903,2025-08-04 00:00:00,50,FEMALE,Mumbai,Returning,11,Mobile,Direct,17.6,8,3,Fashion,Jeans,750,No,0,Yes,20,Yes,Yes,620,Cash on Delivery,Standard,4.6,3.7
SES504724,CUST10134,2026-01-11 00:00:00,42,FEMALE,Bangalore,New,0,Desktop,Direct,7.4,6,4,Sports,Yoga Mat,11591,No,0,No,0,No,No,0,Credit Card,Express,,
SES503992,CUST10975,2025-01-03 00:00:00,32,MALE,Jaipur,New,0,Mobile,Email,8.1,5,6,Sports,Football,4260,No,0,Yes,25,Yes,No,0,Credit Card,Standard,,
SES501697,CUST11585,2025-11-04 00:00:00,28,MALE,New Delhi,Returning,8,Mobile,Direct,10.8,4,2,Books,Business Book,1611,No,0,No,0,No,No,0,Wallet,Standard,,
SES503192,CUST10891,2026-01-16 00:00:00,40,FEMALE,Delhi,New,0,Mobile,Facebook,3.4,8,3,Books,Self Help Book,1514,Yes,3744,Yes,20,Yes,Yes,2881,Credit Card,Standard,4.4,3.8
SES504500,CUST11575,2026-04-24 00:00:00,39,MALE,Chennai,Returning,8,Mobile,Direct,6.7,4,7,Fashion,Jeans,4480,Yes,5381,Yes,10,No,No,0,Wallet,Standard,,
SES501155,CUST10705,2026-02-25 00:00:00,18,MALE,Bangalore,New,0,Tablet,YouTube,12.5,7,6,Sports,Yoga Mat,11173,Yes,18849,No,0,No,No,0,cash on delivery,Same Day,,
SES502256,CUST10476,2025-03-28 00:00:00,20,MALE,Delhi,Returning,11,Mobile,Facebook,8.8,8,6,Fashion,Jacket,2030,No,0,No,0,No,No,0,UPI,Express,,
SES501683,CUST10984,2025-09-22 00:00:00,19,MALE,Delhi,New,0,Desktop,YouTube,3.3,4,5,Beauty,Moisturizer,3995,No,0,No,0,No,No,0,UPI,Standard,,
SES503171,CUST10369,2025-07-06 00:00:00,31,FEMALE,Mumbai,New,0,Mobile,Instagram,24.3,7,5,Beauty,Moisturizer,1711,Yes,2284,Yes,15,No,Yes,1699,UPI,Standard,4.2,3.5
SES502057,CUST10227,2025-04-07 00:00:00,29,FEMALE,Hyderabad,New,0,Mobile,Referral,8.5,7,2,Beauty,Perfume,1039,Yes,1875,No,0,No,No,0,UPI,Express,,
SES504091,CUST10710,2025-02-20 00:00:00,27,FEMALE,Bangalore,New,0,Mobile,Direct,2.8,4,5,Beauty,Perfume,3601,No,0,No,0,No,Yes,5222,Debit Card,Standard,3.9,4.9
SES505888,CUST11930,2026-01-22 00:00:00,18,MALE,Mumbai,New,0,Tablet,Google,4.7,6,6,Home & Kitchen,Cookware Set,12128,No,0,Yes,25,Yes,No,0,UPI,Express,,
SES503109,CUST11535,2026-05-23 00:00:00,26,FEMALE,Chennai,New,0,Tablet,Google,3.5,7,5,Fashion,Jacket,5891,No,0,Yes,10,No,No,0,Cash on Delivery,Standard,,
SES504549,CUST11078,2026-04-17 00:00:00,31,FEMALE,Chennai,Returning,15,Desktop,Email,2,11,1,Beauty,Shampoo,2044,No,0,No,0,No,No,0,Credit Card,Standard,,
SES503724,CUST11970,2025-12-09 00:00:00,34,FEMALE,Hyderabad,Returning,14,Mobile,Facebook,6.5,4,6,Fashion,Kurta,3607,No,0,Yes,15,Yes,Yes,3044,Credit Card,Standard,3,3.7
SES505424,CUST11866,2025-07-06 00:00:00,27,MALE,Kolkata,Returning,15,Desktop,Instagram,2.3,10,3,Books,Academic Book,2169,Yes,4370,Yes,25,Yes,No,0,Cash on Delivery,Same Day,,
SES502050,CUST10698,2025-04-25 00:00:00,27,MALE,Jaipur,Returning,7,Tablet,Google,5.8,12,3,Fashion,Jacket,1885,Yes,4547,Yes,20,Yes,Yes,3112,Credit Card,Express,3.9,3.5
SES504977,CUST11208,2026-01-29 00:00:00,18,MALE,Jaipur,New,0,Mobile,Google,7.8,7,2,Home & Kitchen,Bedsheet,12036,No,0,No,0,No,No,0,Cash on Delivery,Standard,,
SES503644,CUST11646,2026-03-03 00:00:00,18,MALE,Hyderabad,New,0,Mobile,Email,18.2,7,6,Electronics,Headphones,28745,Yes,27113,No,0,No,No,0,UPI,Express,,
SES505950,CUST11126,2025-09-09 00:00:00,33,MALE,Jaipur,Returning,4,Desktop,Direct,3.5,3,2,Electronics,Headphones,14765,No,0,Yes,10,Yes,No,0,Credit Card,Same Day,,
SES500624,CUST12174,2025-07-09 00:00:00,23,FEMALE,Jaipur,Returning,15,Mobile,Facebook,2.4,5,6,Books,Self Help Book,2038,No,0,Yes,15,No,No,0,Cash on Delivery,Standard,,
SES500263,CUST10607,2026-06-11 00:00:00,30,MALE,Ahmedabad,Returning,2,Mobile,Instagram,13,8,3,Home & Kitchen,Cookware Set,10869,Yes,9061,Yes,25,Yes,No,0,Credit Card,Standard,,
SES505731,CUST10204,2025-08-04 00:00:00,18,MALE,Pune,New,0,Mobile,Google,2.9,3,5,Fashion,Sneakers,2836,No,0,Yes,15,Yes,No,0,Credit Card,Standard,,
SES503370,CUST11163,2026-03-21 00:00:00,40,FEMALE,Lucknow,New,0,Desktop,Google,2.7,4,3,Fashion,Jeans,520,Yes,900,No,0,No,Yes,488,Credit Card,Standard,3.9,4.1
SES504062,CUST12029,2025-06-20 00:00:00,23,MALE,Delhi,Returning,7,Mobile,Direct,10.9,7,7,Books,Business Book,2077,Yes,4532,Yes,10,Yes,Yes,3080,Wallet,Express,3,3.8
SES505535,CUST11877,2025-10-19 00:00:00,33,MALE,Bangalore,Returning,9,Mobile,Direct,8.3,14,2,Home & Kitchen,Bedsheet,1916,No,0,Yes,15,Yes,No,0,UPI,Standard,,
SES501803,CUST10948,2025-04-08 00:00:00,59,FEMALE,Hyderabad,Returning,6,Desktop,Email,5.6,13,7,Home & Kitchen,Coffee Maker,10706,No,0,Yes,15,Yes,No,0,UPI,Standard,,
SES504737,CUST12185,2025-08-21 00:00:00,28,FEMALE,Chennai,Returning,13,Mobile,Google,13,6,4,Books,Academic Book,2126,Yes,3957,No,0,No,Yes,2632,Cash on Delivery,Express,3.4,3.8
SES502386,CUST10398,2025-03-28 00:00:00,18,MALE,Mumbai,Returning,5,Desktop,Instagram,11.1,8,3,Fashion,Kurta,5251,No,0,Yes,15,Yes,Yes,6170,Credit Card,Standard,3.2,3.9
SES505760,CUST11851,2026-01-15 00:00:00,48,FEMALE,Ahmedabad,New,0,Mobile,YouTube,6.3,9,4,Fashion,Kurta,4122,No,0,Yes,15,Yes,No,0,UPI,Standard,,
SES501960,CUST10119,2025-08-02 00:00:00,25,MALE,Delhi,New,0,Desktop,Google,12.9,6,2,Home & Kitchen,Table Lamp,2475,No,0,Yes,15,No,No,0,Wallet,Same Day,,
SES502977,CUST10863,2025-07-12 00:00:00,18,MALE,Chennai,Returning,8,Mobile,Instagram,7.8,3,6,Sports,Yoga Mat,8929,No,0,No,0,No,No,0,Credit Card,Same Day,,
SES500489,CUST11215,2025-04-15 00:00:00,24,MALE,Lucknow,New,0,Mobile,Direct,3.1,9,5,Home & Kitchen,Cookware Set,11720,Yes,12604,No,0,No,No,0,Debit Card,Standard,,
SES501844,CUST11951,2026-03-06 00:00:00,18,FEMALE,Bangalore,New,0,Mobile,Instagram,15.5,10,2,Sports,Dumbbells,5550,Yes,11263,Yes,25,Yes,No,0,UPI,Standard,,
SES501735,CUST12197,2025-09-06 00:00:00,29,FEMALE,Jaipur,Returning,4,Mobile,Referral,29.6,5,2,Electronics,Headphones,27468,Yes,58340,No,0,No,Yes,30795,Debit Card,Standard,3.5,3.3
SES502912,CUST12103,2025-12-31 00:00:00,24,FEMALE,Bangalore,Returning,13,Mobile,Direct,5.8,9,5,Books,Self Help Book,1748,No,0,No,0,No,No,0,UPI,Standard,,
SES503220,CUST11165,2025-07-21 00:00:00,18,MALE,Ahmedabad,Returning,14,Mobile,Instagram,4.9,5,4,Electronics,Bluetooth Speaker,3895,No,0,No,0,No,No,0,Wallet,Standard,,
SES500147,CUST11292,2025-06-12 00:00:00,35,FEMALE,Bangalore,Returning,8,Desktop,Email,8.8,7,4,Sports,Cricket Bat,10695,No,0,Yes,5,Yes,No,0,UPI,Same Day,,
SES505631,CUST10403,2026-05-02 00:00:00,18,MALE,Mumbai,Returning,10,Desktop,Facebook,4,4,4,Fashion,T-Shirt,1642,Yes,3312,No,0,No,No,0,UPI,Express,,
SES501987,CUST11568,2025-03-29 00:00:00,34,FEMALE,Pune,New,0,Mobile,Instagram,14,9,4,Home & Kitchen,Bedsheet,9526,Yes,10605,Yes,10,Yes,Yes,11664,Credit Card,Standard,3.8,3.4
SES501370,CUST11325,2025-10-08 00:00:00,39,FEMALE,Delhi,New,0,Mobile,YouTube,14.2,5,3,Beauty,Lipstick,3677,Yes,7211,No,0,No,No,0,Credit Card,Express,,
SES502812,CUST10137,2025-11-05 00:00:00,42,MALE,Pune,New,1,Mobile,Instagram,6.3,4,3,Sports,Dumbbells,5110,No,0,No,0,No,No,0,Cash on Delivery,Same Day,,
SES500660,CUST12056,2025-10-23 00:00:00,18,MALE,Chennai,Returning,15,Desktop,Instagram,10.6,6,7,Sports,Football,8955,No,0,Yes,25,Yes,Yes,11037,Credit Card,Standard,3.7,4.1
SES501795,CUST10012,2026-04-24 00:00:00,41,FEMALE,Delhi,New,0,Mobile,Google,3.6,10,1,Home & Kitchen,Cookware Set,8022,No,0,No,0,No,No,0,Wallet,Express,,
SES502512,CUST10988,2025-05-20 00:00:00,32,FEMALE,Mumbai,Returning,2,Desktop,Instagram,21.2,6,6,Fashion,Jeans,1508,Yes,2308,No,0,No,Yes,2378,Net Banking,Standard,4.1,2.5
SES503398,CUST10277,2026-05-26 00:00:00,45,MALE,Chennai,New,0,Mobile,Google,17.3,9,2,Fashion,Kurta,2220,Yes,4877,Yes,20,Yes,Yes,4011,UPI,Standard,4.7,3.2
SES504283,CUST11811,2025-01-03 00:00:00,18,FEMALE,Kolkata,Returning,5,Mobile,Email,10.5,6,7,Home & Kitchen,Coffee Maker,4933,Yes,10156,No,0,No,No,0,UPI,Standard,,
SES501148,CUST11166,2025-09-11 00:00:00,30,FEMALE,Hyderabad,New,0,Mobile,Direct,2.5,6,3,Home & Kitchen,Coffee Maker,2580,No,0,Yes,5,Yes,No,0,UPI,Same Day,,
SES503273,CUST10413,2025-06-11 00:00:00,26,FEMALE,Mumbai,New,0,Tablet,Email,8.6,9,3,Books,Fiction Book,1908,No,0,No,0,No,No,0,Net Banking,Standard,,
SES500609,CUST10166,2025-10-28 00:00:00,51,MALE,Ahmedabad,Returning,7,Mobile,Google,14.2,8,3,Electronics,Bluetooth Speaker,17623,Yes,34438,No,0,No,No,0,Credit Card,Same Day,,
SES503583,CUST10204,2026-06-13 00:00:00,18,MALE,Delhi,Returning,10,Mobile,Instagram,14.4,7,2,Beauty,Face Wash,4643,Yes,8236,No,0,No,Yes,4403,Credit Card,Standard,3.5,3.4
SES501931,CUST12091,2026-05-01 00:00:00,26,MALE,Kolkata,Returning,5,Mobile,Facebook,1.7,12,6,Home & Kitchen,Storage Box,9180,No,0,No,0,No,No,0,upi,Same Day,,
SES500198,CUST10881,2025-01-31 00:00:00,24,MALE,Pune,New,0,Mobile,Instagram,8.6,6,5,Books,Business Book,226,Yes,314,No,0,No,No,0,Cash on Delivery,Standard,,
SES502932,CUST10516,2026-04-11 00:00:00,27,MALE,Ahmedabad,New,0,Mobile,Direct,8.6,7,8,Books,Self Help Book,1576,Yes,2510,No,0,No,Yes,1433,Credit Card,Express,3,3.5
SES502328,CUST10724,2026-05-03 00:00:00,22,MALE,Kolkata,Returning,2,Mobile,Instagram,7.4,7,3,Beauty,Moisturizer,2414,Yes,3292,No,0,No,No,0,Credit Card,Standard,,
SES504390,CUST11410,2026-03-17 00:00:00,19,MALE,Chennai,New,1,Mobile,Facebook,4.4,6,7,Beauty,Moisturizer,1932,No,0,Yes,20,Yes,No,0,Debit Card,Standard,,
SES500767,CUST11943,2025-06-26 00:00:00,29,FEMALE,Delhi,Returning,13,Mobile,Google,8.2,8,1,Beauty,Face Wash,3206,No,0,No,0,No,No,0,Credit Card,Standard,,
SES504497,CUST10137,2026-04-04 00:00:00,39,FEMALE,Jaipur,New,0,Desktop,Facebook,35,7,4,Books,Fiction Book,990,Yes,2460,Yes,20,Yes,Yes,902,UPI,Express,3.4,3.9
SES504219,CUST12102,2025-10-18 00:00:00,44,FEMALE,Lucknow,New,0,Mobile,Google,8.1,5,3,Home & Kitchen,Table Lamp,4581,No,0,Yes,15,Yes,Yes,6833,Credit Card,Standard,4.4,4.4
SES503256,CUST11519,2025-04-14 00:00:00,31,FEMALE,Bangalore,Returning,12,Mobile,Facebook,6.3,12,5,Beauty,Lipstick,809,Yes,1758,No,0,No,No,0,UPI,Standard,,
SES500203,CUST12057,2026-02-06 00:00:00,32,MALE,Delhi,Returning,10,Desktop,Email,10.7,8,4,Home & Kitchen,Storage Box,6532,No,0,No,0,No,No,0,UPI,Standard,,
SES503511,CUST11984,2025-10-29 00:00:00,32,FEMALE,Pune,New,0,Tablet,Email,4,16,3,Books,Business Book,1031,No,0,No,0,No,No,0,Debit Card,Same Day,,
SES504932,CUST10493,2026-06-27 00:00:00,37,MALE,Jaipur,New,0,Mobile,Email,11.1,7,3,Fashion,Jacket,6125,No,0,No,0,No,No,0,UPI,Standard,,
SES505536,CUST11261,2025-11-06 00:00:00,24,FEMALE,Lucknow,New,0,Mobile,Google,5.8,8,5,Fashion,Sneakers,5868,No,0,Yes,20,No,No,0,Credit Card,Standard,,
SES501734,CUST10160,2026-06-12 00:00:00,23,FEMALE,Ahmedabad,New,0,Tablet,YouTube,16,4,5,Sports,Dumbbells,4222,Yes,8142,No,0,No,No,0,Wallet,Express,,
SES505792,CUST12049,2025-01-11 00:00:00,45,MALE,Chennai,Returning,7,Desktop,Facebook,8.5,8,3,Beauty,Moisturizer,4130,Yes,7908,No,0,No,Yes,5750,Cash on Delivery,Express,4.5,5
SES502778,CUST11470,2025-03-03 00:00:00,37,MALE,Mumbai,Returning,14,Desktop,Google,20.6,2,10,Sports,Cricket Bat,4189,Yes,4960,Yes,10,No,Yes,3879,UPI,Standard,3.3,4.2
SES501708,CUST10441,2025-06-20 00:00:00,30,FEMALE,Mumbai,Returning,8,Mobile,Email,7.6,6,2,Beauty,Perfume,370,Yes,695,Yes,20,Yes,Yes,732,Debit Card,Standard,3.4,4.5
SES505173,CUST10002,2025-03-17 00:00:00,26,FEMALE,Lucknow,Returning,10,Desktop,Direct,11.7,3,2,Fashion,Jacket,4344,No,0,No,0,No,No,0,Credit Card,Standard,,
SES505250,CUST10117,2026-05-27 00:00:00,18,MALE,Kolkata,Returning,7,Mobile,Instagram,5.9,8,3,Electronics,Power Bank,14589,Yes,34682,No,0,No,Yes,20052,Debit Card,Standard,3.7,4.6
SES505758,CUST11546,2025-11-06 00:00:00,42,FEMALE,Mumbai,New,0,Desktop,Instagram,11.8,4,3,Fashion,T-Shirt,729,Yes,1194,No,0,No,Yes,904,cash on delivery,Same Day,4.4,3.9
SES503475,CUST10817,2025-05-21 00:00:00,49,FEMALE,Lucknow,Returning,9,Mobile,Instagram,12.6,5,2,Sports,Running Shoes,1724,No,0,No,0,No,Yes,2885,Net Banking,Standard,4.2,5
SES500855,CUST10363,2025-09-27 00:00:00,42,MALE,Delhi,Returning,11,Mobile,YouTube,5.2,8,6,Home & Kitchen,Bedsheet,3799,Yes,9482,Yes,15,No,Yes,3736,Credit Card,Same Day,4.6,3.5
SES505686,CUST11081,2026-03-14 00:00:00,46,MALE,Lucknow,New,0,Mobile,Facebook,18.2,7,2,Beauty,Perfume,2480,No,0,Yes,10,No,No,0,UPI,Standard,,
SES504738,CUST10468,2026-04-24 00:00:00,23,FEMALE,Delhi,New,0,Mobile,Direct,6.4,6,4,Beauty,Face Wash,3526,Yes,8191,No,0,No,No,0,UPI,Standard,,
SES504098,CUST11486,2025-10-01 00:00:00,41,MALE,Delhi,New,0,Desktop,YouTube,0.9,7,6,Books,Biography,2400,Yes,2170,Yes,20,No,Yes,3318,UPI,Express,5,2.1
SES502161,CUST10906,2025-08-13 00:00:00,47,FEMALE,Chennai,New,0,Mobile,Direct,6.2,9,2,Books,Self Help Book,2384,Yes,2312,Yes,25,No,Yes,3557,Cash on Delivery,Standard,2.9,5
SES500699,CUST10067,2025-06-03 00:00:00,41,FEMALE,Jaipur,New,0,Tablet,Direct,7.9,9,3,Fashion,T-Shirt,910,No,0,No,0,No,No,0,Credit Card,Express,,
SES505972,CUST10049,2025-02-07 00:00:00,43,MALE,Mumbai,New,1,Desktop,Referral,17.6,9,2,Electronics,Headphones,11191,Yes,9547,No,0,No,Yes,15452,Debit Card,Standard,4.2,3.8
SES503000,CUST11835,2025-07-16 00:00:00,28,MALE,Bangalore,Returning,7,Mobile,Referral,7.4,7,3,Fashion,Jacket,5328,Yes,10429,No,0,No,No,0,UPI,Standard,,
SES503697,CUST11168,2025-03-08 00:00:00,19,MALE,Mumbai,New,0,Desktop,Facebook,10.3,10,5,Beauty,Moisturizer,329,No,0,No,0,No,No,0,Net Banking,Standard,,
SES501637,CUST11015,2025-09-10 00:00:00,34,MALE,Bangalore,Returning,5,Desktop,Direct,9.9,9,2,Fashion,Kurta,5464,No,0,Yes,15,Yes,No,0,Cash on Delivery,Express,,
SES503458,CUST10141,2025-09-03 00:00:00,38,MALE,Delhi,Returning,5,Mobile,Direct,6.8,5,3,Books,Fiction Book,257,No,0,No,0,No,No,0,Credit Card,Standard,,
SES503582,CUST11364,2026-04-28 00:00:00,27,MALE,Bangalore,New,1,Desktop,Referral,10.1,4,4,Sports,Running Shoes,11131,No,0,Yes,25,Yes,No,0,UPI,Standard,,
SES501292,CUST10704,2026-02-07 00:00:00,18,MALE,Delhi,Returning,14,Mobile,Direct,11.3,4,2,Sports,Running Shoes,9684,No,0,No,0,No,No,0,Credit Card,Standard,,
SES504660,CUST10383,2026-06-28 00:00:00,34,MALE,Kolkata,New,0,Desktop,Direct,8.6,5,3,Fashion,T-Shirt,1608,Yes,3892,No,0,No,Yes,1977,Credit Card,Express,3.3,5
SES505617,CUST10707,2025-03-06 00:00:00,49,MALE,Kolkata,Returning,9,Desktop,Direct,10.8,4,2,Home & Kitchen,Storage Box,13005,No,0,No,0,No,No,0,Credit Card,Express,,
SES501854,CUST10190,2025-02-25 00:00:00,27,FEMALE,Kolkata,New,0,Tablet,Instagram,11.6,6,1,Home & Kitchen,Coffee Maker,1632,No,0,Yes,5,Yes,No,0,Wallet,Standard,,
SES505233,CUST10986,2025-11-07 00:00:00,25,MALE,Pune,New,0,Mobile,Google,13.6,8,4,Electronics,Bluetooth Speaker,13360,Yes,22975,No,0,No,Yes,15544,Debit Card,Standard,4,3.9
SES503764,CUST11944,2026-05-23 00:00:00,29,MALE,Ahmedabad,Returning,10,Desktop,Referral,7.6,4,3,Electronics,Wireless Earbuds,27521,Yes,50896,Yes,10,Yes,No,0,Debit Card,Standard,,
SES503305,CUST10367,2025-09-30 00:00:00,42,FEMALE,Delhi,New,0,Mobile,Referral,7.8,12,4,Fashion,T-Shirt,3112,Yes,4347,Yes,25,No,No,0,Net Banking,Standard,,
SES505932,CUST10988,2026-01-14 00:00:00,38,MALE,Hyderabad,New,0,Desktop,Facebook,15.8,10,4,Electronics,Power Bank,28519,Yes,70958,No,0,No,No,0,Debit Card,Standard,,
SES505728,CUST11575,2026-02-28 00:00:00,33,FEMALE,Mumbai,Returning,3,Desktop,Email,12.6,13,4,Beauty,Moisturizer,3895,No,0,Yes,15,No,No,0,Credit Card,Standard,,
SES503744,CUST11117,2025-04-14 00:00:00,38,MALE,Mumbai,New,0,Tablet,Google,9.1,9,4,Sports,Dumbbells,815,Yes,1749,Yes,15,Yes,No,0,UPI,Standard,,
SES503446,CUST10412,2026-03-17 00:00:00,23,FEMALE,Mumbai,New,1,Desktop,Direct,0.8,2,6,Fashion,Kurta,6699,Yes,6407,No,0,No,No,0,Debit Card,Standard,,
SES501999,CUST10598,2026-03-21 00:00:00,38,MALE,Bangalore,Returning,11,Mobile,Instagram,19.3,6,3,Electronics,Headphones,8777,Yes,17920,No,0,No,Yes,9226,Wallet,Standard,4.9,4.1
SES500664,CUST11716,2025-04-28 00:00:00,32,MALE,Mumbai,Returning,6,Mobile,Referral,10.5,9,7,Books,Self Help Book,1267,Yes,2404,Yes,25,Yes,Yes,1293,UPI,Standard,4,4.2
SES504780,CUST11635,2026-04-01 00:00:00,43,FEMALE,Jaipur,New,0,Mobile,Referral,8.9,7,5,Beauty,Shampoo,488,No,0,Yes,15,Yes,No,0,Net Banking,Standard,,
SES505354,CUST10816,2026-04-08 00:00:00,44,MALE,Kolkata,New,0,Mobile,Referral,6.7,7,5,Beauty,Moisturizer,933,No,0,No,0,No,No,0,Debit Card,Standard,,
SES503749,CUST10637,2026-06-23 00:00:00,25,MALE,Delhi,New,0,Mobile,Email,14.5,6,5,Electronics,Power Bank,7233,Yes,17890,No,0,No,No,0,CREDIT CARD,Express,,
SES504414,CUST10195,2025-12-09 00:00:00,18,FEMALE,Jaipur,Returning,6,Mobile,Google,14.4,9,4,Electronics,Smart Watch,11123,No,0,No,0,No,No,0,UPI,Standard,,
SES504745,CUST11542,2025-09-28 00:00:00,27,MALE,Delhi,Returning,11,Mobile,Google,21,8,3,Beauty,Moisturizer,2075,No,0,No,0,No,No,0,Wallet,Standard,,
SES505531,CUST12059,2026-05-05 00:00:00,19,FEMALE,New Delhi,Returning,13,Mobile,Instagram,5.7,5,3,Fashion,T-Shirt,874,Yes,1365,No,0,No,Yes,1359,UPI,Standard,3.3,3.2
SES505576,CUST10848,2026-06-30 00:00:00,39,MALE,Pune,Returning,2,Desktop,Email,3.6,6,3,Books,Self Help Book,637,Yes,946,No,0,No,Yes,825,Wallet,Standard,2.9,2.8
SES500710,CUST11762,2026-02-13 00:00:00,36,MALE,Delhi,Returning,2,Mobile,Facebook,10.2,7,5,Home & Kitchen,Storage Box,846,No,0,Yes,5,Yes,No,0,UPI,Express,,
SES501283,CUST11888,2025-01-12 00:00:00,37,FEMALE,Mumbai,New,0,Mobile,Google,9.3,8,6,Fashion,Kurta,2862,Yes,6146,Yes,20,No,Yes,6138,Debit Card,Standard,3.4,4.6
SES505069,CUST11737,2025-05-28 00:00:00,40,MALE,Mumbai,New,0,Mobile,Email,3.7,5,3,Books,Fiction Book,843,No,0,No,0,No,No,0,Wallet,Standard,,
SES502676,CUST11044,2026-04-28 00:00:00,42,MALE,Mumbai,New,0,Tablet,Facebook,18.7,6,5,Fashion,Jacket,3399,Yes,8226,Yes,5,No,Yes,7476,Debit Card,Same Day,3.9,4.7
SES504030,CUST12012,2025-05-09 00:00:00,40,MALE,Mumbai,New,0,Desktop,Google,8.6,8,5,Beauty,Moisturizer,2899,Yes,6614,No,0,No,Yes,3384,Net Banking,Express,5,4.1
SES501307,CUST10516,2025-04-06 00:00:00,30,FEMALE,Ahmedabad,New,0,Mobile,Facebook,13.3,12,2,Sports,Running Shoes,6190,Yes,8128,Yes,25,Yes,No,0,Credit Card,Same Day,,
SES505497,CUST10005,2025-10-30 00:00:00,28,FEMALE,Chennai,New,0,Mobile,Direct,7.5,8,4,Fashion,Kurta,6776,Yes,16560,Yes,15,Yes,Yes,5481,Net Banking,Express,5,3.9
SES505505,CUST10668,2025-11-28 00:00:00,41,FEMALE,Kolkata,New,0,Desktop,Direct,11.9,7,4,Fashion,Sneakers,6127,No,0,Yes,20,Yes,No,0,Debit Card,Standard,,
SES502238,CUST10782,2026-01-08 00:00:00,33,MALE,Mumbai,Returning,3,Mobile,YouTube,10.9,3,2,Fashion,Sneakers,410,Yes,629,Yes,10,Yes,Yes,773,UPI,Standard,4.1,4.2
SES503303,CUST11365,2025-02-07 00:00:00,44,FEMALE,Chennai,New,0,Desktop,Referral,10.7,7,4,Fashion,Kurta,2654,No,0,No,0,No,No,0,UPI,Standard,,
SES505593,CUST10866,2026-03-16 00:00:00,44,FEMALE,Mumbai,New,0,Mobile,Google,9.8,7,6,Fashion,Sneakers,4699,Yes,8352,No,0,No,Yes,7287,Net Banking,Standard,4.3,4.2
SES502039,CUST12160,2025-05-30 00:00:00,27,MALE,Bangalore,Returning,9,Tablet,Direct,5.7,5,4,Fashion,Jacket,5637,Yes,13449,Yes,25,Yes,Yes,5717,Credit Card,Standard,2.7,5
SES501530,CUST11926,2025-02-28 00:00:00,43,FEMALE,Pune,New,0,Mobile,Direct,16.9,9,3,Fashion,Jacket,6434,Yes,7897,No,0,No,Yes,13524,Cash on Delivery,Standard,4.3,3.4
SES501664,CUST11063,2025-05-12 00:00:00,18,FEMALE,Mumbai,New,0,Tablet,Direct,6.2,6,2,Home & Kitchen,Cookware Set,3735,Yes,9180,Yes,10,Yes,No,0,UPI,Express,,
SES505451,CUST10843,2026-02-01 00:00:00,18,MALE,Ahmedabad,Returning,15,Mobile,Email,0.9,5,1,Beauty,Shampoo,2233,No,0,Yes,15,Yes,Yes,4183,Wallet,Express,3.9,4.3
SES505957,CUST10281,2026-05-01 00:00:00,37,FEMALE,Bangalore,Returning,8,Mobile,Google,16.5,5,2,Fashion,Kurta,6106,Yes,5328,Yes,15,Yes,Yes,7320,Net Banking,Standard,4.2,3
SES505979,CUST11608,2026-03-29 00:00:00,32,MALE,Delhi,New,0,Mobile,YouTube,8.8,5,4,Fashion,Kurta,2416,Yes,5835,No,0,No,Yes,3352,Credit Card,Same Day,4.9,5
SES503628,CUST11259,2025-05-19 00:00:00,18,MALE,Chennai,New,0,Mobile,Google,7.1,7,2,Electronics,Smart Watch,17759,Yes,32426,Yes,15,No,No,0,Net Banking,Standard,,
SES505740,CUST10780,2026-05-19 00:00:00,32,MALE,Bangalore,New,0,Mobile,Email,8.9,7,6,Electronics,Wireless Earbuds,31952,No,0,Yes,15,Yes,No,0,Credit Card,Standard,,
SES505148,CUST11302,2025-03-02 00:00:00,25,MALE,Pune,New,0,Mobile,Google,5.4,4,3,Beauty,Moisturizer,2105,No,0,No,0,No,No,0,Wallet,Standard,,
SES504892,CUST11412,2026-01-24 00:00:00,40,MALE,Mumbai,New,1,Mobile,Google,8,6,5,Home & Kitchen,Storage Box,4250,Yes,4321,Yes,25,No,Yes,8564,Credit Card,Express,3.4,4.2
SES502694,CUST10704,2026-06-11 00:00:00,33,FEMALE,Mumbai,New,0,Mobile,YouTube,8.7,6,3,Books,Fiction Book,1896,Yes,3592,Yes,5,Yes,Yes,3211,Debit Card,Standard,4.2,4.2
SES503061,CUST10661,2026-06-20 00:00:00,26,MALE,Ahmedabad,New,1,Tablet,Direct,12.1,7,4,Fashion,Sneakers,6532,Yes,15797,No,0,No,No,0,Credit Card,Express,,
SES501598,CUST11668,2026-03-31 00:00:00,21,MALE,Bangalore,New,0,Mobile,Google,10.4,9,5,Fashion,Jeans,3210,No,0,Yes,10,Yes,No,0,Credit Card,Express,,
SES502730,CUST11089,2025-04-08 00:00:00,34,FEMALE,Bangalore,New,0,Mobile,Google,18.3,10,4,Electronics,Smart Watch,2443,No,0,No,0,No,No,0,Credit Card,Standard,,
SES502626,CUST10059,2026-04-12 00:00:00,27,FEMALE,Kolkata,New,0,Mobile,Google,17.1,4,4,Home & Kitchen,Table Lamp,14370,No,0,Yes,10,Yes,No,0,UPI,Express,,
SES503158,CUST11332,2025-06-08 00:00:00,38,MALE,Mumbai,Returning,5,Desktop,Google,12.3,7,3,Books,Biography,1412,Yes,2583,No,0,No,Yes,1714,Debit Card,Standard,3.5,5
SES503315,CUST10151,2025-01-31 00:00:00,22,MALE,Pune,New,0,Desktop,Instagram,7.7,3,4,Electronics,Smart Watch,26964,No,0,No,0,No,No,0,Net Banking,Standard,,
SES501723,CUST10744,2025-06-09 00:00:00,31,FEMALE,Delhi,Returning,7,Desktop,Instagram,7.5,7,2,Beauty,Face Wash,2752,Yes,5280,Yes,25,Yes,Yes,4627,UPI,Standard,4.1,4.1
SES505280,CUST10092,2025-08-10 00:00:00,38,FEMALE,Jaipur,Returning,5,Desktop,Instagram,9.3,11,2,Beauty,Shampoo,3373,Yes,8178,No,0,No,No,0,UPI,Express,,
SES501060,CUST10939,2026-01-08 00:00:00,42,FEMALE,Mumbai,Returning,9,Mobile,Instagram,5.8,10,3,Fashion,Sneakers,1900,No,0,No,0,No,Yes,4040,UPI,Express,3.2,4.4
SES504637,CUST11185,2025-07-02 00:00:00,43,MALE,Jaipur,Returning,10,Mobile,Referral,5.3,6,4,Electronics,Smart Watch,17010,No,0,Yes,10,Yes,No,0,Credit Card,Standard,,
SES503243,CUST11969,2025-11-27 00:00:00,42,FEMALE,Delhi,New,0,Tablet,Google,9.2,10,3,Books,Academic Book,278,No,0,Yes,15,Yes,No,0,UPI,Express,,
SES501679,CUST11244,2025-08-03 00:00:00,33,MALE,Chennai,Returning,7,Mobile,Google,4.2,9,2,Home & Kitchen,Storage Box,6922,Yes,10108,No,0,No,Yes,7840,Credit Card,Standard,3.7,4.6
SES501758,CUST11680,2026-02-25 00:00:00,18,FEMALE,Hyderabad,Returning,8,Desktop,Instagram,4.8,5,2,Fashion,Kurta,2074,No,0,No,0,No,No,0,Net Banking,Standard,,
SES504192,CUST11280,2025-03-23 00:00:00,18,FEMALE,Hyderabad,Returning,11,Tablet,Referral,9.6,5,1,Sports,Running Shoes,8366,No,0,Yes,15,Yes,No,0,Credit Card,Standard,,
SES505117,CUST10052,2026-05-08 00:00:00,34,MALE,Delhi,Returning,6,Mobile,Google,9.2,7,5,Beauty,Perfume,2371,Yes,4393,Yes,5,Yes,No,0,Credit Card,Standard,,
SES500564,CUST11669,2025-09-15 00:00:00,18,FEMALE,Mumbai,New,1,Mobile,Direct,8.9,6,7,Beauty,Moisturizer,544,Yes,856,No,0,No,No,0,UPI,Standard,,
SES502791,CUST11036,2026-03-12 00:00:00,50,FEMALE,Mumbai,Returning,10,Tablet,Facebook,3.4,6,6,Sports,Running Shoes,10597,Yes,13943,No,0,No,Yes,20777,UPI,Standard,3.6,4
SES500864,CUST10604,2025-07-31 00:00:00,19,MALE,Delhi,Returning,11,Mobile,Referral,7.6,7,2,Home & Kitchen,Coffee Maker,8886,No,0,Yes,20,Yes,No,0,Debit Card,Standard,,
SES501485,CUST11623,2026-04-17 00:00:00,40,MALE,Chennai,Returning,4,Tablet,Email,13,9,4,Fashion,T-Shirt,6354,Yes,9886,Yes,20,Yes,Yes,8712,Net Banking,Standard,3.6,3.6
SES505135,CUST10459,2026-01-15 00:00:00,30,FEMALE,Hyderabad,New,0,Mobile,Email,12.5,9,4,Fashion,Sneakers,4564,Yes,6384,Yes,20,Yes,Yes,7537,UPI,Standard,5,4.3
SES500207,CUST12200,2026-04-25 00:00:00,20,MALE,Delhi,Returning,8,Mobile,Instagram,7.8,7,2,Home & Kitchen,Storage Box,856,No,0,Yes,5,No,No,0,UPI,Standard,,
SES504489,CUST12159,2026-05-16 00:00:00,19,MALE,Mumbai,New,0,Desktop,Google,4.3,9,4,Home & Kitchen,Cookware Set,4530,No,0,No,0,No,No,0,Debit Card,Standard,,
SES500871,CUST11646,2026-03-29 00:00:00,49,MALE,Kolkata,Returning,14,Desktop,Google,16.9,4,4,Electronics,Wireless Earbuds,20301,Yes,30719,No,0,No,No,0,Credit Card,Standard,,
SES504494,CUST11050,2026-03-27 00:00:00,18,MALE,Bangalore,New,0,Mobile,Facebook,5.6,11,3,Home & Kitchen,Bedsheet,819,Yes,1405,Yes,10,Yes,No,0,UPI,Same Day,,
SES500503,CUST11253,2026-02-22 00:00:00,33,FEMALE,Mumbai,New,0,Mobile,Referral,1.8,7,4,Beauty,Perfume,4732,Yes,4998,Yes,15,Yes,No,0,Credit Card,Express,,
SES501029,CUST11387,2025-01-10 00:00:00,39,MALE,Hyderabad,New,0,Mobile,Email,4.6,3,6,Home & Kitchen,Coffee Maker,2222,No,0,No,0,No,No,0,Credit Card,Standard,,
SES503841,CUST10725,2025-07-13 00:00:00,43,MALE,Bangalore,New,0,Desktop,Instagram,14.1,4,5,Electronics,Wireless Earbuds,15185,No,0,No,0,No,No,0,CREDIT CARD,Express,,
SES502691,CUST10399,2026-05-10 00:00:00,30,MALE,Jaipur,New,0,Mobile,Direct,21.3,6,2,Books,Biography,1110,No,0,Yes,15,Yes,No,0,Cash on Delivery,Express,,
SES505582,CUST11333,2025-09-23 00:00:00,28,FEMALE,Bangalore,New,1,Desktop,Instagram,3.3,8,6,Books,Academic Book,1334,No,0,Yes,30,Yes,No,0,UPI,Standard,,
SES505057,CUST10939,2025-03-28 00:00:00,42,FEMALE,Mumbai,New,0,Desktop,Google,5.4,8,1,Electronics,Smart Watch,10459,No,0,No,0,No,No,0,Cash on Delivery,Standard,,
SES501571,CUST11519,2025-03-29 00:00:00,22,FEMALE,Chennai,New,1,Mobile,Google,8.8,10,3,Electronics,Wireless Earbuds,33214,Yes,77498,No,0,No,No,0,Wallet,Standard,,
SES502774,CUST11077,2026-06-11 00:00:00,45,FEMALE,Hyderabad,New,0,Mobile,Referral,17.3,8,3,Electronics,Power Bank,25233,No,0,Yes,20,Yes,Yes,25828,UPI,Standard,3.2,4.3
SES502732,CUST11573,2026-04-06 00:00:00,18,MALE,Bangalore,New,0,Mobile,YouTube,4.1,8,4,Electronics,Power Bank,13761,No,0,No,0,No,No,0,Wallet,Standard,,
SES500805,CUST11889,2025-07-31 00:00:00,25,FEMALE,Jaipur,New,0,Mobile,Direct,14.9,8,2,Fashion,T-Shirt,1045,Yes,1106,No,0,No,Yes,2187,UPI,Standard,4.7,3.9
SES505848,CUST10814,2025-05-07 00:00:00,32,FEMALE,Mumbai,New,0,Desktop,Direct,14.1,5,4,Beauty,Lipstick,1255,Yes,1690,Yes,10,Yes,Yes,1305,Cash on Delivery,Standard,5,2.9
SES503646,CUST11339,2026-04-23 00:00:00,28,FEMALE,Bangalore,New,0,Mobile,Google,9.8,5,7,Sports,Running Shoes,2612,Yes,2259,No,0,No,Yes,4518,Net Banking,Standard,3.9,3.4
SES502455,CUST10780,2026-02-28 00:00:00,21,MALE,Delhi,New,0,Mobile,Referral,8.3,4,3,Fashion,Kurta,1420,No,0,No,0,No,No,0,Debit Card,Standard,,
SES504599,CUST10377,2026-05-04 00:00:00,41,FEMALE,Kolkata,Returning,8,Mobile,Google,7.8,4,3,Fashion,Kurta,1243,No,0,Yes,10,Yes,Yes,1710,Debit Card,Standard,3.6,4.8
SES503105,CUST10342,2025-01-18 00:00:00,24,FEMALE,Chennai,New,0,Mobile,Instagram,29.6,8,3,Beauty,Face Wash,1428,No,0,No,0,No,No,0,Credit Card,Express,,
SES504876,CUST12096,2026-05-09 00:00:00,39,MALE,Mumbai,Returning,8,Desktop,Email,10.6,2,3,Beauty,Moisturizer,4544,Yes,7865,No,0,No,No,0,UPI,Standard,,
SES500201,CUST10453,2025-08-19 00:00:00,31,FEMALE,Bangalore,New,0,Mobile,Instagram,18.1,11,4,Electronics,Wireless Earbuds,27510,Yes,49946,No,0,No,Yes,30102,UPI,Express,2.5,4.2
SES503100,CUST11958,2026-04-25 00:00:00,25,FEMALE,Unknown,Returning,6,Tablet,Google,17.6,8,2,Home & Kitchen,Bedsheet,9806,Yes,21135,No,0,No,No,0,Debit Card,Standard,,
SES502279,CUST11931,2025-12-14 00:00:00,18,FEMALE,Jaipur,Returning,5,Mobile,Google,5.3,5,3,Books,Self Help Book,622,Yes,574,Yes,15,Yes,Yes,650,UPI,Express,3.1,4
SES503562,CUST10371,2026-04-07 00:00:00,39,FEMALE,Kolkata,New,0,Mobile,Google,6.1,8,2,Electronics,Headphones,19423,No,0,Yes,20,Yes,No,0,UPI,Standard,,
SES505893,CUST11970,2025-09-08 00:00:00,45,FEMALE,Kolkata,New,0,Mobile,Email,13.4,6,3,Sports,Yoga Mat,5847,Yes,7566,Yes,10,No,Yes,9929,Credit Card,Standard,3.5,4.5
SES504475,CUST12179,2026-02-17 00:00:00,24,UNKNOWN,Jaipur,New,0,Mobile,Instagram,8.9,8,5,Sports,Football,3551,No,0,Yes,25,Yes,No,0,UPI,Express,,
SES504515,CUST10328,2026-05-10 00:00:00,23,MALE,Pune,New,0,Mobile,Facebook,6.6,7,5,Fashion,Sneakers,1519,No,0,Yes,5,No,No,0,Cash on Delivery,Standard,,
SES505795,CUST11375,2025-10-08 00:00:00,18,FEMALE,Kolkata,Returning,7,Desktop,Facebook,6.9,6,3,Sports,Cricket Bat,1801,Yes,1933,No,0,No,No,0,Cash on Delivery,Standard,,
SES500392,CUST10754,2025-09-27 00:00:00,40,MALE,Bangalore,Returning,15,Mobile,YouTube,2,4,3,Electronics,Smart Watch,24067,No,0,No,0,No,No,0,UPI,Same Day,,
SES505619,CUST10754,2025-07-08 00:00:00,28,MALE,Chennai,New,0,Mobile,Direct,10.4,4,9,Home & Kitchen,Coffee Maker,3023,No,0,Yes,5,Yes,No,0,UPI,Standard,,
SES505259,CUST10913,2026-05-11 00:00:00,25,FEMALE,Bangalore,New,0,Desktop,Direct,13.1,10,4,Electronics,Headphones,11578,Yes,13663,No,0,No,Yes,13058,UPI,Express,4.6,3.2
SES501496,CUST10504,2025-03-08 00:00:00,29,MALE,Lucknow,New,0,Mobile,Google,7.8,6,5,Books,Biography,547,No,0,No,0,No,No,0,UPI,Standard,,
SES502696,CUST11973,2026-06-25 00:00:00,29,FEMALE,Delhi,New,0,Mobile,Google,16.1,6,1,Fashion,Sneakers,5110,Yes,7437,No,0,No,Yes,7267,Wallet,Standard,3.3,2.9
SES502028,CUST11285,2025-10-12 00:00:00,49,FEMALE,Lucknow,Returning,2,Mobile,Google,11.3,4,2,Beauty,Perfume,472,Yes,422,Yes,15,Yes,Yes,850,Credit Card,Standard,4.2,3.4
SES505249,CUST11297,2025-04-29 00:00:00,30,FEMALE,Mumbai,New,0,Desktop,Direct,11.9,7,3,Electronics,Power Bank,2006,No,0,No,0,No,No,0,Cash on Delivery,Express,,
SES505464,CUST10530,2026-04-24 00:00:00,20,MALE,Jaipur,Returning,2,Mobile,Direct,10.8,5,3,Fashion,T-Shirt,5381,No,0,Yes,15,Yes,No,0,UPI,Standard,,
SES502569,CUST11890,2025-06-23 00:00:00,37,MALE,Pune,New,0,Mobile,Email,19.8,7,4,Fashion,Kurta,3769,No,0,No,0,No,No,0,Wallet,Standard,,
SES500065,CUST10380,2026-05-30 00:00:00,40,MALE,Pune,New,0,Mobile,YouTube,0.5,8,4,Fashion,Jeans,448,No,0,No,0,No,No,0,UPI,Express,,
SES503885,CUST11068,2026-04-24 00:00:00,22,MALE,Ahmedabad,Returning,8,Mobile,Direct,1.6,8,2,Electronics,Power Bank,14057,No,0,Yes,20,Yes,No,0,UPI,Standard,,
SES502063,CUST12086,2025-03-14 00:00:00,33,FEMALE,Delhi,New,0,Desktop,Referral,13.8,10,3,Fashion,T-Shirt,5590,No,0,No,0,No,No,0,UPI,Standard,,
SES505277,CUST10729,2025-01-16 00:00:00,37,FEMALE,Hyderabad,New,0,Mobile,Direct,9.1,6,4,Beauty,Face Wash,3897,No,0,Yes,10,Yes,No,0,UPI,Same Day,,
SES500493,CUST10934,2026-06-10 00:00:00,19,FEMALE,Delhi,New,0,Mobile,Google,6.5,6,5,Fashion,Jeans,6822,Yes,7370,Yes,20,No,Yes,7605,UPI,Express,4,4.2
SES500380,CUST11688,2026-05-02 00:00:00,44,FEMALE,Delhi,New,0,Mobile,Google,12.4,3,4,Books,Academic Book,909,No,0,No,0,No,No,0,Credit Card,Same Day,,
SES504860,CUST10221,2026-06-02 00:00:00,18,FEMALE,Chennai,New,1,Mobile,Google,5.1,7,2,Sports,Dumbbells,3906,No,0,No,0,No,No,0,UPI,Standard,,
SES503994,CUST10984,2025-10-08 00:00:00,23,FEMALE,Kolkata,New,1,Desktop,Direct,7.4,9,3,Books,Biography,949,Yes,1725,Yes,25,No,Yes,1016,Credit Card,Standard,2.4,4.1
SES504888,CUST10516,2026-04-26 00:00:00,29,MALE,Ahmedabad,New,0,Mobile,Email,2.3,11,4,Electronics,Power Bank,27821,No,0,No,0,No,No,0,Credit Card,Standard,,
SES501077,CUST10216,2026-01-29 00:00:00,48,MALE,Delhi,Returning,4,Mobile,Direct,6.8,8,2,Home & Kitchen,Table Lamp,10784,Yes,25246,No,0,No,Yes,20641,UPI,Express,4.2,2.7
SES500879,CUST10117,2025-05-05 00:00:00,35,FEMALE,Delhi,New,0,Tablet,Google,12,10,5,Home & Kitchen,Cookware Set,7944,No,0,No,0,No,No,0,Net Banking,Same Day,,
SES500338,CUST11013,2025-01-22 00:00:00,42,MALE,Bangalore,New,0,Mobile,Facebook,4.7,4,4,Electronics,Wireless Earbuds,34441,Yes,33818,Yes,15,No,No,0,Net Banking,Express,,
SES501017,CUST10646,2025-06-26 00:00:00,52,UNKNOWN,Bangalore,Returning,10,Mobile,Direct,6.9,6,3,Books,Biography,1042,Yes,2089,Yes,15,Yes,No,0,Credit Card,Standard,,
SES501276,CUST11436,2026-06-09 00:00:00,31,FEMALE,Hyderabad,Returning,7,Mobile,Google,6.2,4,3,Books,Self Help Book,879,No,0,Yes,10,Yes,Yes,1283,UPI,Standard,3.8,3
SES503799,CUST10849,2025-12-10 00:00:00,18,MALE,Delhi,Returning,3,Desktop,Direct,13.5,11,6,Books,Academic Book,668,Yes,1664,Yes,10,Yes,Yes,649,Cash on Delivery,Same Day,4.5,4.3
SES504552,CUST10348,2026-06-28 00:00:00,37,MALE,Bangalore,Returning,3,Mobile,Facebook,27.3,8,3,Sports,Running Shoes,5226,Yes,5944,Yes,20,Yes,No,0,Cash on Delivery,Standard,,
SES503343,CUST10870,2025-04-20 00:00:00,34,FEMALE,Mumbai,Returning,13,Mobile,Instagram,14,6,6,Beauty,Moisturizer,1857,Yes,4237,No,0,No,Yes,3166,Wallet,Standard,3.6,4.1
SES504912,CUST10376,2025-12-03 00:00:00,40,MALE,Jaipur,New,0,Mobile,Referral,4.9,4,1,Electronics,Headphones,3629,Yes,7976,No,0,No,No,0,UPI,Standard,,
SES500996,CUST10521,2025-03-14 00:00:00,45,FEMALE,Jaipur,Returning,13,Desktop,Google,8.9,5,6,Books,Self Help Book,2163,No,0,No,0,No,No,0,Debit Card,Standard,,
SES501982,CUST12004,2026-03-23 00:00:00,30,MALE,Bangalore,New,0,Mobile,Instagram,8.7,7,4,Electronics,Power Bank,4910,No,0,No,0,No,No,0,upi,Standard,,
SES504298,CUST10388,2025-01-16 00:00:00,27,MALE,Delhi,New,0,Mobile,Instagram,2.2,13,5,Electronics,Smart Watch,18540,No,0,No,0,No,No,0,Net Banking,Same Day,,
SES500162,CUST11440,2025-04-01 00:00:00,38,FEMALE,Mumbai,New,0,Mobile,Google,10.3,11,2,Electronics,Bluetooth Speaker,12003,No,0,Yes,20,Yes,No,0,UPI,Express,,
SES505676,CUST11848,2025-02-19 00:00:00,20,MALE,Delhi,New,0,Desktop,Google,29.6,9,3,Fashion,Jacket,3715,Yes,8593,Yes,10,Yes,Yes,6885,UPI,Standard,4.5,3.6
SES504799,CUST10627,2025-01-21 00:00:00,31,MALE,Chennai,Returning,7,Mobile,YouTube,8.5,8,5,Sports,Football,7192,Yes,10159,No,0,No,Yes,10273,Debit Card,Express,3.7,3.4
SES501501,CUST10028,2025-10-20 00:00:00,40,MALE,Hyderabad,Returning,9,Desktop,Email,14.8,9,5,Home & Kitchen,Cookware Set,13499,Yes,32114,Yes,20,Yes,Yes,20302,Cash on Delivery,Standard,4.5,3.9
SES503844,CUST10525,2026-06-30 00:00:00,18,FEMALE,Delhi,New,0,Tablet,Instagram,2.3,6,6,Books,Self Help Book,827,No,0,No,0,No,No,0,Wallet,Express,,
SES505226,CUST11745,2025-04-08 00:00:00,44,MALE,Mumbai,Returning,12,Mobile,Google,6.5,6,7,Fashion,Kurta,2870,No,0,No,0,No,No,0,Debit Card,Same Day,,
SES502614,CUST10911,2025-03-07 00:00:00,32,FEMALE,Kolkata,Returning,4,Desktop,Google,6,5,4,Fashion,Kurta,3300,No,0,No,0,No,No,0,credit card,Standard,,
SES503462,CUST10205,2025-07-08 00:00:00,35,MALE,Pune,New,0,Mobile,YouTube,8.8,5,1,Home & Kitchen,Table Lamp,1462,Yes,2886,No,0,No,No,0,UPI,Standard,,
SES501022,CUST12041,2026-01-25 00:00:00,38,FEMALE,Mumbai,Returning,8,Tablet,YouTube,2.9,9,4,Beauty,Moisturizer,1639,Yes,1740,No,0,No,Yes,3446,UPI,Standard,3.8,2.6
SES503074,CUST11392,2025-01-30 00:00:00,35,FEMALE,New Delhi,New,0,Mobile,Facebook,11.9,7,5,Sports,Yoga Mat,574,No,0,Yes,15,No,No,0,Credit Card,Express,,
SES503944,CUST11720,2026-05-03 00:00:00,38,MALE,Delhi,New,0,Mobile,Email,6.7,7,3,Home & Kitchen,Cookware Set,12016,Yes,23656,No,0,No,No,0,UPI,Standard,,
SES501586,CUST11678,2025-10-28 00:00:00,43,FEMALE,Mumbai,New,0,Mobile,Google,15,8,3,Electronics,Wireless Earbuds,22092,Yes,29896,Yes,10,Yes,Yes,27262,UPI,Express,4.5,5
SES501956,CUST11614,2026-05-09 00:00:00,18,MALE,Delhi,New,1,Tablet,Instagram,14.4,6,4,Sports,Dumbbells,10348,Yes,25495,No,0,No,Yes,17211,Net Banking,Standard,3.4,2.7
SES503153,CUST12121,2026-01-19 00:00:00,18,MALE,Bangalore,Returning,5,Desktop,YouTube,8.3,8,6,Electronics,Power Bank,21061,Yes,34636,No,0,No,No,0,Wallet,Express,,
SES500035,CUST10601,2026-04-11 00:00:00,31,FEMALE,Hyderabad,New,0,Mobile,Direct,8.9,9,2,Home & Kitchen,Bedsheet,6919,Yes,15015,No,0,No,No,0,UPI,Same Day,,
SES504015,CUST12053,2026-04-20 00:00:00,18,MALE,Bangalore,New,1,Mobile,Google,12.4,4,4,Books,Biography,1967,No,0,Yes,10,Yes,No,0,UPI,Standard,,
SES500776,CUST11944,2025-06-23 00:00:00,24,FEMALE,Pune,Returning,3,Desktop,Google,6.2,6,4,Electronics,Smart Watch,9801,No,0,No,0,No,No,0,UPI,Standard,,
SES502557,CUST11151,2026-04-03 00:00:00,26,FEMALE,Chennai,Returning,12,Desktop,Instagram,11.7,8,3,Electronics,Wireless Earbuds,14285,Yes,23336,No,0,No,No,0,Net Banking,Express,,
SES501479,CUST11292,2025-07-27 00:00:00,42,MALE,Delhi,Returning,7,Mobile,Direct,3.4,8,4,Beauty,Face Wash,3491,No,0,No,0,No,No,0,UPI,Standard,,
SES505487,CUST11744,2025-08-04 00:00:00,19,MALE,Delhi,New,0,Mobile,Instagram,8.3,6,4,Sports,Cricket Bat,7048,No,0,Yes,5,Yes,No,0,Debit Card,Standard,,
SES501364,CUST10338,2025-01-23 00:00:00,46,MALE,Hyderabad,New,0,Mobile,Google,9.6,6,3,Fashion,T-Shirt,6805,No,0,Yes,25,No,No,0,Wallet,Standard,,
SES502613,CUST12173,2025-10-21 00:00:00,32,MALE,Kolkata,Returning,12,Desktop,Instagram,15.1,11,2,Beauty,Lipstick,981,Yes,2339,Yes,15,Yes,Yes,1392,Credit Card,Standard,3.5,5
SES502825,CUST12011,2025-06-21 00:00:00,27,MALE,Pune,New,0,Mobile,YouTube,13.2,3,5,Fashion,Jacket,5782,Yes,8751,Yes,20,No,No,0,Credit Card,Same Day,,
SES502042,CUST10314,2026-05-12 00:00:00,19,FEMALE,Delhi,New,1,Mobile,Direct,0.8,7,3,Beauty,Shampoo,608,No,0,No,0,No,No,0,UPI,Express,,
SES500242,CUST12086,2026-05-02 00:00:00,29,FEMALE,Delhi,New,0,Desktop,Facebook,2.8,4,4,Fashion,Jeans,1187,No,0,No,0,No,No,0,Cash on Delivery,Standard,,
SES502062,CUST10871,2025-02-20 00:00:00,38,UNKNOWN,Pune,New,0,Mobile,Direct,5.1,4,4,Sports,Cricket Bat,8496,Yes,11709,No,0,No,Yes,9900,Credit Card,Standard,4,3
SES502364,CUST11683,2025-10-15 00:00:00,47,MALE,Unknown,New,0,Mobile,Instagram,6.4,6,8,Beauty,Face Wash,4656,No,0,No,0,No,No,0,UPI,Standard,,
SES500601,CUST10764,2025-02-26 00:00:00,32,MALE,Bangalore,New,0,Mobile,Instagram,6.9,7,3,Books,Biography,1363,Yes,1383,Yes,10,Yes,Yes,1293,Net Banking,Standard,4,5
SES502436,CUST11574,2026-06-20 00:00:00,32,MALE,Mumbai,New,0,Mobile,YouTube,5.3,9,1,Fashion,Jacket,5242,No,0,Yes,20,Yes,No,0,Cash on Delivery,Standard,,
SES505394,CUST11105,2025-03-16 00:00:00,40,FEMALE,Jaipur,New,0,Mobile,YouTube,9.8,6,5,Beauty,Perfume,4310,Yes,3869,No,0,No,No,0,Net Banking,Express,,
SES502889,CUST11816,2026-05-13 00:00:00,28,FEMALE,Bangalore,Returning,14,Mobile,Google,11.8,11,2,Electronics,Bluetooth Speaker,13239,No,0,Yes,10,No,No,0,Debit Card,Standard,,
SES500647,CUST10524,2025-08-06 00:00:00,46,FEMALE,Delhi,New,0,Mobile,Facebook,6.2,6,5,Sports,Dumbbells,5824,Yes,6210,No,0,No,Yes,5918,UPI,Standard,3.6,3.7
SES503891,CUST11505,2026-06-15 00:00:00,47,MALE,Hyderabad,New,1,Desktop,Direct,7.2,6,7,Books,Business Book,2059,No,0,No,0,No,No,0,Credit Card,Standard,,
SES503557,CUST10955,2025-07-29 00:00:00,42,MALE,Jaipur,New,0,Mobile,Direct,2.3,6,5,Beauty,Moisturizer,792,No,0,Yes,5,Yes,No,0,Net Banking,Same Day,,
SES503203,CUST10500,2026-06-08 00:00:00,31,FEMALE,Hyderabad,New,0,Desktop,Email,21.9,15,6,Fashion,Sneakers,521,Yes,906,Yes,5,Yes,Yes,658,UPI,Standard,3,4.5
SES501529,CUST11743,2025-11-12 00:00:00,32,FEMALE,Lucknow,New,0,Mobile,Referral,4,2,3,Beauty,Perfume,2420,Yes,1997,No,0,No,Yes,2100,Debit Card,Standard,3.6,4.7
SES501268,CUST10448,2026-04-07 00:00:00,30,MALE,Chennai,Returning,9,Mobile,YouTube,7.9,8,4,Beauty,Shampoo,2795,No,0,Yes,25,Yes,Yes,4587,Cash on Delivery,Express,4.7,3.9
SES501900,CUST11732,2026-04-17 00:00:00,36,MALE,Delhi,New,1,Mobile,Direct,8.9,8,5,Sports,Running Shoes,5139,Yes,5486,Yes,10,Yes,No,0,UPI,Standard,,
SES504659,CUST11474,2026-05-20 00:00:00,28,MALE,Bangalore,New,1,Mobile,Google,4.4,3,3,Beauty,Moisturizer,4720,No,0,No,0,No,Yes,5938,Net Banking,Express,4.4,4.2
SES503006,CUST12020,2025-01-29 00:00:00,41,MALE,Hyderabad,New,0,Mobile,Google,6.3,6,6,Electronics,Wireless Earbuds,11509,No,0,Yes,30,Yes,No,0,Wallet,Standard,,
SES502735,CUST10141,2026-05-17 00:00:00,35,MALE,Delhi,Returning,10,Desktop,Facebook,8.3,7,7,Electronics,Wireless Earbuds,24253,No,0,No,0,No,No,0,Debit Card,Same Day,,
SES500190,CUST12199,2025-11-10 00:00:00,32,MALE,Kolkata,New,0,Mobile,Google,12.9,11,5,Sports,Dumbbells,9940,No,0,Yes,15,No,No,0,UPI,Express,,
SES501807,CUST10130,2025-08-01 00:00:00,37,FEMALE,Bangalore,Returning,10,Mobile,Google,6.5,8,2,Books,Self Help Book,2118,Yes,4741,No,0,No,No,0,Cash on Delivery,Standard,,
SES500976,CUST10746,2025-07-04 00:00:00,24,FEMALE,Ahmedabad,Returning,9,Desktop,Referral,4,6,1,Beauty,Lipstick,4845,No,0,No,0,No,Yes,10236,UPI,Express,3.6,3.5
SES502748,CUST10188,2026-03-30 00:00:00,31,MALE,New Delhi,New,0,Mobile,Email,14,7,2,Books,Business Book,663,No,0,Yes,10,No,No,0,Credit Card,Same Day,,
SES502048,CUST11094,2025-02-10 00:00:00,23,MALE,Mumbai,New,0,Mobile,YouTube,13.4,5,6,Fashion,Kurta,3937,Yes,5815,No,0,No,Yes,7993,Wallet,Standard,4.3,4.1
SES502559,CUST11432,2026-04-04 00:00:00,27,MALE,Chennai,New,0,Desktop,YouTube,20.3,8,6,Beauty,Perfume,1506,Yes,2502,No,0,No,Yes,1997,Cash on Delivery,Standard,4.9,3.9
SES501083,CUST11224,2025-08-11 00:00:00,41,FEMALE,Hyderabad,New,0,Mobile,Instagram,2.3,2,3,Books,Business Book,1591,No,0,No,0,Unknown,No,0,UPI,Standard,,
SES500475,CUST10173,2025-08-31 00:00:00,19,MALE,Ahmedabad,New,0,Desktop,Direct,5.2,10,5,Books,Fiction Book,1802,No,0,Yes,10,No,Yes,2575,Wallet,Standard,5,3.6
SES502905,CUST11723,2025-05-23 00:00:00,21,FEMALE,Chennai,New,0,Mobile,Email,2.4,7,6,Sports,Cricket Bat,2731,No,0,No,0,No,No,0,Credit Card,Standard,,
SES504844,CUST11249,2025-11-17 00:00:00,36,MALE,Hyderabad,New,0,Mobile,Instagram,2.9,8,4,Electronics,Wireless Earbuds,24114,No,0,No,0,No,No,0,UPI,Standard,,
SES504118,CUST11152,2026-04-04 00:00:00,45,MALE,Lucknow,New,0,Desktop,Email,9.4,4,2,Electronics,Power Bank,1260,No,0,No,0,No,No,0,Credit Card,Express,,
SES503386,CUST12033,2025-10-18 00:00:00,22,MALE,Delhi,New,0,Desktop,Google,2.3,7,5,Beauty,Perfume,3039,No,0,No,0,No,No,0,Net Banking,Express,,
SES504556,CUST10685,2026-06-12 00:00:00,29,MALE,Hyderabad,New,0,Mobile,Facebook,3.7,9,4,Sports,Cricket Bat,8933,Yes,11063,No,0,No,Yes,7829,UPI,Standard,3,4.3
SES501185,CUST11914,2025-09-18 00:00:00,22,FEMALE,Delhi,Returning,4,Mobile,Email,4.7,5,5,Home & Kitchen,Coffee Maker,11734,Yes,11122,No,0,No,Yes,13051,Credit Card,Standard,4.3,3.6
SES505052,CUST11381,2025-09-01 00:00:00,19,MALE,Delhi,New,0,Desktop,Google,13.7,9,4,Electronics,Wireless Earbuds,26894,No,0,No,0,No,No,0,upi,Standard,,
SES505312,CUST10724,2025-06-27 00:00:00,18,FEMALE,Delhi,Returning,12,Mobile,Facebook,4.7,8,7,Fashion,Jeans,2074,No,0,No,0,No,No,0,UPI,Express,,
SES502434,CUST10820,2026-05-31 00:00:00,19,FEMALE,Hyderabad,New,1,Mobile,Email,15.5,3,2,Beauty,Perfume,2132,No,0,Yes,20,Yes,Yes,3567,UPI,Express,3.5,4
SES505612,CUST11835,2025-12-27 00:00:00,27,FEMALE,Ahmedabad,Returning,11,Mobile,Email,5.5,6,2,Fashion,Jacket,676,No,0,No,0,No,Yes,902,Cash on Delivery,Same Day,4.3,3.8
SES502392,CUST10265,2025-01-12 00:00:00,38,MALE,Mumbai,New,0,Mobile,Facebook,15.7,9,1,Fashion,Sneakers,5949,Yes,12231,No,0,No,Yes,8901,Debit Card,Standard,3.3,2.5
SES500770,CUST11192,2025-12-08 00:00:00,39,MALE,Mumbai,Returning,11,Desktop,Direct,15.5,9,3,Home & Kitchen,Storage Box,2837,Yes,5675,Yes,20,Yes,Yes,3964,UPI,Standard,2.6,3.3
SES501686,CUST12200,2025-09-14 00:00:00,35,MALE,Lucknow,New,1,Desktop,Instagram,5.3,4,4,Beauty,Face Wash,1321,Yes,2665,Yes,15,No,No,0,UPI,Standard,,
SES500131,CUST11283,2025-08-06 00:00:00,29,FEMALE,Chennai,Returning,7,Mobile,Email,10.5,5,3,Fashion,Jacket,5032,No,0,No,0,No,No,0,UPI,Express,,
SES502920,CUST10331,2025-07-09 00:00:00,41,FEMALE,Bangalore,Returning,15,Mobile,Direct,24.4,10,3,Electronics,Wireless Earbuds,21569,Yes,48972,Yes,15,Yes,No,0,UPI,Standard,,
SES503172,CUST10851,2025-01-02 00:00:00,31,MALE,Bangalore,New,0,Desktop,Direct,14.3,10,4,Books,Biography,2281,Yes,4338,No,0,No,Yes,2726,Credit Card,Express,3.1,4.8
SES503445,CUST12166,2025-10-14 00:00:00,29,MALE,Delhi,New,0,Mobile,Instagram,7.9,5,3,Beauty,Lipstick,3140,No,0,Yes,30,No,No,0,UPI,Same Day,,
SES505579,CUST11444,2025-05-16 00:00:00,39,FEMALE,Kolkata,New,0,Tablet,Google,7.8,5,3,Electronics,Power Bank,17936,No,0,No,0,No,No,0,UPI,Express,,
SES504427,CUST11824,2025-11-08 00:00:00,39,MALE,Bangalore,Returning,12,Tablet,YouTube,12.8,10,3,Fashion,Kurta,6013,Yes,6825,No,0,No,No,0,Credit Card,Standard,,
SES505335,CUST10899,2025-07-06 00:00:00,33,FEMALE,Delhi,Returning,8,Mobile,Direct,10.8,8,4,Books,Academic Book,1248,Yes,2212,No,0,No,Yes,1995,Cash on Delivery,Express,4.5,4.2
SES500467,CUST11156,2025-11-20 00:00:00,38,MALE,Pune,New,1,Desktop,Direct,16.9,4,4,Fashion,Kurta,6787,Yes,8692,No,0,No,No,0,UPI,Standard,,
SES505735,CUST10014,2025-06-09 00:00:00,46,FEMALE,Chennai,New,0,Tablet,Instagram,7,8,2,Books,Academic Book,510,No,0,Yes,10,Yes,No,0,UPI,Express,,
SES503093,CUST10681,2025-06-02 00:00:00,54,MALE,Delhi,New,0,Desktop,Google,10.6,8,2,Sports,Football,2048,Yes,2673,No,0,No,No,0,upi,Express,,
SES503773,CUST10226,2026-02-21 00:00:00,43,UNKNOWN,Chennai,New,0,Mobile,Google,11.8,8,2,Beauty,Moisturizer,1373,Yes,2709,No,0,No,No,0,Cash on Delivery,Standard,,
SES505192,CUST10704,2025-01-17 00:00:00,33,FEMALE,Delhi,Returning,13,Mobile,Facebook,2.6,10,6,Fashion,Kurta,2269,No,0,Yes,20,Yes,Yes,2684,UPI,Standard,5,2.6
SES505227,CUST10498,2025-04-25 00:00:00,32,FEMALE,Chennai,Returning,9,Mobile,Instagram,12.2,5,2,Books,Academic Book,1976,No,0,No,0,No,Yes,2821,Debit Card,Standard,3.5,3.6
SES505391,CUST10214,2025-02-26 00:00:00,35,FEMALE,Delhi,Returning,4,Desktop,Instagram,15.1,12,6,Fashion,T-Shirt,3445,Yes,8340,No,0,No,Yes,4467,Cash on Delivery,Standard,3.9,3.2
SES500861,CUST11348,2025-02-13 00:00:00,18,MALE,Delhi,New,0,Mobile,Email,14.3,7,3,Electronics,Wireless Earbuds,26552,Yes,54050,No,0,No,Yes,33108,Credit Card,Standard,4.5,3.9
